t,error,base_angle_deg,base_omega,effort,smoothness,mu,lambda,manipulability
0.002,0.6084514857315472,0.0009374699006493974,0.008057794079476314,0.24099953825851572,2409.9953825851576,8.0,0.04,0.14248908107260377
0.012,0.6077886108654232,0.021643966753437823,0.054455291205078506,0.24106645611697403,0.28738286166507576,8.0,0.04,0.14246679446424046
0.022000000000000006,0.606533532781104,0.06433937655316742,0.08588427053598362,0.2412668430973591,0.9518828808091198,8.0,0.04,0.1424524179015019
0.032000000000000015,0.6049988628330363,0.11981593780252726,0.10295067577109064,0.24171481045793533,1.3767641966555677,8.0,0.04,0.1424498770882689
0.04200000000000002,0.6033242301896783,0.18210527413066865,0.1119790816847039,0.2424844139361178,1.621729420833024,8.0,0.04,0.14245348571843372
0.05200000000000003,0.6015796250763648,0.24802146115718293,0.11681541612874163,0.24360954193345224,1.7571800521032166,8.0,0.04,0.142459683751905
0.06200000000000004,0.5998008317406391,0.31591360021111353,0.11948892796271429,0.24510334026607505,1.8308948409629522,8.0,0.04,0.14246666381081688
0.07200000000000005,0.5980061993763847,0.38492945258130545,0.1210468213922343,0.2469700343256175,1.871191939202636,8.0,0.04,0.14247355066349604
0.08200000000000006,0.5962051337755034,0.45462815523307604,0.12202734810949088,0.249210541942525,1.8937512187119734,8.0,0.04,0.1424799334201196
0.09200000000000007,0.5944024468576303,0.5247803846344606,0.12270700447535458,0.2518248266939225,1.9069675851808063,8.0,0.04,0.14248562814849847
0.10200000000000008,0.5926005895362181,0.5952656163432944,0.12322787098977171,0.25481276266552155,1.9152609058327879,8.0,0.04,0.14249056031177135
0.11200000000000009,0.5908007988794443,0.666019333353718,0.12366301562763006,0.25817438160030964,1.9209380139542183,8.0,0.04,0.1424947070243619
0.1220000000000001,0.5890032103726517,0.7369977046648862,0.12402198535920718,0.26191382090390347,1.9277218711595274,8.0,0.04,0.14249753382126962
0.1320000000000001,0.5872063869036392,0.8081769194895301,0.12438244324929991,0.266045401599601,1.9420356907081993,8.0,0.04,0.14249746537692412
0.1420000000000001,0.585411453153659,0.8795731857502783,0.12476024127326206,0.2705616251902551,1.9497961824591123,8.0,0.04,0.14249596923310817
0.1520000000000001,0.5836192975150423,0.9511776491484242,0.12511260932684493,0.27545795165286796,1.953584098353036,8.0,0.04,0.14249368413971022
0.16200000000000012,0.5818301508589414,1.0229764151032792,0.12544351737939438,0.2807341369921028,1.9565029450182294,8.0,0.04,0.1424906530657326
0.17200000000000013,0.5800440938855008,1.0949593245888016,0.1257592318960935,0.2863903253792774,1.958980674310306,8.0,0.04,0.1424868862046945
0.18200000000000013,0.5782609829845311,1.1671347551929785,0.1261280025223207,0.2924265229746118,1.9612005795569842,8.0,0.04,0.14248239978608934
0.19200000000000014,0.5764796647657748,1.2395607348797844,0.12660638559741802,0.2988424467920332,1.9637544806785026,8.0,0.04,0.14247722957872247
0.20200000000000015,0.5746993620700729,1.3122485600475888,0.12703264027735223,0.30563920986343374,1.9668171009180737,8.0,0.04,0.1424713532917024
0.21200000000000016,0.5729208059893818,1.385151456644174,0.12738533902498625,0.31281773540989194,1.9693847427816351,8.0,0.04,0.14246474083535007
0.22200000000000017,0.5711445765146415,1.4582399154443608,0.12769693728302717,0.3203779529848967,1.9713063806297704,8.0,0.04,0.1424573971963891
0.23200000000000018,0.569370964235612,1.5314967987655221,0.12798383137148076,0.3283197090554235,1.9727927933538922,8.0,0.04,0.1424493226283254
0.2420000000000002,0.5676001052283355,1.604911345098856,0.12825466974097421,0.3366427959506548,1.9739651286908861,8.0,0.04,0.14244051177885864
0.25200000000000017,0.565832054932887,1.6784761692951182,0.12851408213330182,0.34534693708790576,1.9748866597796737,8.0,0.04,0.14243095479652185
0.2620000000000002,0.5640668270908065,1.752185705513231,0.12876458982237882,0.35443177389680125,1.9755899920992488,8.0,0.04,0.14242063809473862
0.2720000000000002,0.5623044142089689,1.8260353931992594,0.12900760624750335,0.3638968561556734,1.9760919114153885,8.0,0.04,0.1424095448170034
0.2820000000000002,0.5605447983245561,1.9000212507429446,0.12924396265646662,0.37374163490301743,1.9764011910599815,8.0,0.04,0.14239765512360408
0.2920000000000002,0.5587879566761806,1.9741396519838776,0.12947418437028374,0.3839654570922419,1.9765226803846407,8.0,0.04,0.14238494637715998
0.3020000000000002,0.5570338646960908,2.048387209079794,0.129698636049353,0.3945675613947671,1.9764594489111518,8.0,0.04,0.1423713932717275
0.3120000000000002,0.5552824975911569,2.1227607111558617,0.12991759811705536,0.40554707476292656,1.9762139149350286,8.0,0.04,0.14235696793090813
0.32200000000000023,0.5535338311789626,2.1972570922768684,0.1301313069778354,0.41690300951055054,1.9757884431543855,8.0,0.04,0.1423416399893548
0.33200000000000024,0.5517878423296635,2.2718734147580366,0.1303399761754794,0.42863426076616334,1.9751856644336452,8.0,0.04,0.14232537666577688
0.34200000000000025,0.5500445091983962,2.346606860566741,0.13054380750670963,0.4407396042147908,1.9744086499262934,8.0,0.04,0.14230814283201984
0.35200000000000026,0.5483038113457387,2.421454726901707,0.1307429968354276,0.45321769408235946,1.9734610087592515,8.0,0.04,0.14228990108075817
0.36200000000000027,0.5465657297977154,2.4964144239571175,0.1309377371084972,0.46606706133942477,1.9723469454842473,8.0,0.04,0.14227061179325862
0.3720000000000003,0.54483024707259,2.5714834737770134,0.13112821989295628,0.4792861121147698,1.9710712962592598,8.0,0.04,0.14225023320800637
0.3820000000000003,0.5430973471888518,2.6466595096393015,0.13131463613232197,0.4928731263181728,1.9696395537514828,8.0,0.04,0.14222872149064208
0.3920000000000003,0.5413670156620538,2.7219402756710798,0.13149717649147796,0.5068262564764321,1.9680578859283924,8.0,0.04,0.14220603080547858
0.4020000000000003,0.5396392394945336,2.79732362652675,0.1316760314863105,0.5211435267907527,1.9663331515333566,8.0,0.04,0.14218211338871048
0.4120000000000003,0.537914007160182,2.872807527059326,0.13185139150262562,0.5358228324255906,1.9644729136060701,8.0,0.04,0.14215691962341245
0.4220000000000003,0.5361913085853975,2.9483900519239876,0.1320234467604138,0.5508619390411856,1.9624854518568513,8.0,0.04,0.14213039811635517
0.43200000000000033,0.5344711351268472,3.024069385100154,0.13219238725379434,0.5662584825834263,1.960379774215731,8.0,0.04,0.14210249577664819
0.44200000000000034,0.5327534795463577,3.0998438193200153,0.13235840268340887,0.5820099693460191,1.9581656277747024,8.0,0.04,0.14207315789622568
0.45200000000000035,0.5310383359831298,3.175711755390013,0.13252168239082954,0.5981137763217644,1.95585350922714,8.0,0.04,0.14204232823214363
0.46200000000000035,0.5293256999233976,3.251671701418874,0.13268241530067088,0.6145671518599345,1.9534546747647328,8.0,0.04,0.14200994909069703
0.47200000000000036,0.5276155681675956,3.3277222719330326,0.13284078987418338,0.6313672166494521,1.950981149556549,8.0,0.04,0.1419759614133114
0.4820000000000004,0.5259079387951178,3.4038621868983094,0.13299699407699497,0.6485109650474623,1.9484457366702481,8.0,0.04,0.14194030486419398
0.4920000000000004,0.524202811126724,3.48009027063491,0.1331512153631408,0.6659952667751144,1.9458620255439663,8.0,0.04,0.14190291791970994
0.5020000000000003,0.5225001856846553,3.5564054506464773,0.13330364067725833,0.6838168690028648,1.9432443998708846,8.0,0.04,0.14186373795943638
0.5120000000000003,0.5208000641505497,3.6328067563499284,0.1334544564767073,0.7019723988494662,1.9406080449867145,8.0,0.04,0.14182270135886393
0.5220000000000004,0.5191024493212295,3.709293317729505,0.1336038487752859,0.7204583663192473,1.9379689546931689,8.0,0.04,0.14177974358368298
0.5320000000000004,0.5174073450624644,3.785864363897254,0.1337520032102194,0.7392711677039381,1.9353439375133092,8.0,0.04,0.1417347992856163
0.5420000000000004,0.5157147562608261,3.8625192215955266,0.13389910513407108,0.7584070894758357,1.9327506223408049,8.0,0.04,0.1416878023997235
0.5520000000000004,0.5140246887737457,3.939257313614455,0.1340453397332282,0.7778623127001981,1.9302074635777873,8.0,0.04,0.14163868624313
0.5620000000000004,0.5123371493779283,4.016078157171903,0.13419089217459887,0.7976329179956623,1.9277337456408281,8.0,0.04,0.1415873836150963
0.5720000000000004,0.5106521457162736,4.092981362225285,0.1343359477821217,0.8177148910716276,1.9253495869721826,8.0,0.04,0.14153382689837035
0.5820000000000004,0.5089696862434697,4.16996662975136,0.134480692244693,0.8381041288724912,1.9230759434813824,8.0,0.04,0.14147794816173115
0.5920000000000004,0.5072897801704557,4.247033749998379,0.1346253118570073,0.8587964463585483,1.920934611498783,8.0,0.04,0.14141967926364976
0.6020000000000004,0.5056124374079518,4.324182600712264,0.13476999379482418,0.8797875839537739,1.91894823034159,8.0,0.04,0.1413589519569803
0.6120000000000004,0.5039376685092837,4.401413145361377,0.13491492642600927,0.9010732156900646,1.917140284427838,8.0,0.04,0.14129569799458822
0.6220000000000004,0.5022654846127361,4.478725431368004,0.13506029965862262,0.9226489580775035,1.9155351050831424,8.0,0.04,0.14122984923582563
0.6320000000000005,0.5005958973836996,4.556119588353495,0.1352063053272686,0.9445103797294663,1.9141578722349222,8.0,0.04,0.14116133775375683
0.6420000000000005,0.49892891895687874,4.633595826426938,0.13535313761863493,0.9666530117703269,1.913034615876611,8.0,0.04,0.14109009594302885
0.6520000000000005,0.4972645618788581,4.71115443451757,0.13550099353712683,0.9890723590520937,1.9121922176585704,8.0,0.04,0.14101605662830205
0.6620000000000005,0.4956028390513459,4.788795778777836,0.13565007341117996,1.0117639122049522,1.91165841254856,8.0,0.04,0.140939153173119
0.6720000000000005,0.49394369228662105,4.866513921994386,0.1357727429254677,1.0283167262211357,1.248459180929421,8.0,0.04,0.1408590013835236
0.6820000000000005,0.49228633119109255,4.94429125312889,0.1358851830990018,1.042016051465257,1.184277768590533,8.0,0.04,0.14077328546667012
0.6920000000000005,0.49062992390927807,5.022142357119135,0.1360335672502784,1.05597310006528,1.2008438082901263,8.0,0.04,0.14068112132353006
0.7020000000000005,0.4889740756058218,5.100084709918268,0.13620797591718783,1.070194802821103,1.21828088390515,8.0,0.04,0.14058242059739035
0.7120000000000005,0.48731862137716875,5.1781288343683896,0.1363975618324298,1.0846853656118627,1.236255495951067,8.0,0.04,0.14047716734604157
0.7220000000000005,0.4856635162053721,5.256280535380768,0.13659602856141917,1.0994477236178037,1.2546002543779868,8.0,0.04,0.14036536406246466
0.7320000000000005,0.4840087790094782,5.334543005983865,0.1368000169236984,1.1144841228905686,1.273231652420698,8.0,0.04,0.14024702305867698
0.7420000000000005,0.4823544631954389,5.412918033500254,0.13700777788524152,1.1297964203465556,1.2921105064035086,8.0,0.04,0.1401221632162189
0.7520000000000006,0.4807006410404672,5.4914066477181125,0.13721842611835627,1.1453862482581563,1.311221899628584,8.0,0.04,0.1399908083689182
0.7620000000000006,0.47904739539696983,5.57000946635884,0.13743154109129177,1.161255107154009,1.330564551387065,8.0,0.04,0.13985298647295066
0.7720000000000006,0.47739481527845395,5.648726879768424,0.13764695573173133,1.1774044204381136,1.350145132317719,8.0,0.04,0.13970872919598878
0.7820000000000006,0.47574299350564053,5.727559150525465,0.1378646447429202,1.1938355686727993,1.3699752265007776,8.0,0.04,0.13955807173305376
0.7920000000000006,0.47409202544634005,5.806506468126493,0.13808466574910547,1.2105499132593958,1.3900697160267115,8.0,0.04,0.1394010527452497
0.8020000000000006,0.4724420083361607,5.8855689800020885,0.13830712844983972,1.2275488148052884,1.410445929479093,8.0,0.04,0.13923771436504803
0.8120000000000006,0.47079263579999486,5.964747470441205,0.13853683583849952,1.2377897264296631,0.5192594458440747,8.0,0.04,0.13906804327323907
0.8220000000000006,0.4691404953836525,6.044045624867938,0.1387746815939325,1.2436747704249338,0.36363359817667645,8.0,0.04,0.13889159655378946
0.8320000000000006,0.46748459003328086,6.1234599119131286,0.13900475357854672,1.2495709867847922,0.3671274975632179,8.0,0.04,0.13870828386182094
0.8420000000000006,0.4658251346275153,6.202984820003058,0.1392296495347105,1.2554763886516727,0.3707769327547195,8.0,0.04,0.13851815517536684
0.8520000000000006,0.4641623193756306,6.282617219868962,0.13945371777149534,1.26138919546654,0.37460990653580883,8.0,0.04,0.1383212503240963
0.8620000000000007,0.4624962964272282,6.362355797091779,0.13967975550468334,1.2673079879897797,0.37866648543090387,8.0,0.04,0.1381176054142592
0.8720000000000007,0.46082719916289133,6.442200290244946,0.13990946405749896,1.273231539662395,0.3829743277537628,8.0,0.04,0.13790725665727296
0.8820000000000007,0.4591551533863018,6.522151042685614,0.14014394583548237,1.2791587216598985,0.38755450389015833,8.0,0.04,0.13769024217643538
0.8920000000000007,0.457480283312651,6.602208764283603,0.14038399308067712,1.2850884516506211,0.39242495276962847,8.0,0.04,0.1374666030052161
0.9020000000000007,0.4558027147636603,6.682374408605734,0.14063024360742887,1.291019665814603,0.3976023274108416,8.0,0.04,0.1372363836885053
0.9120000000000007,0.4541225768793031,6.762649111750136,0.14088326377004456,1.2969513033670903,0.40310299717289955,8.0,0.04,0.13699963267491522
0.9220000000000007,0.4524400030418902,6.84303416397534,0.1411435925325078,1.3028822978489876,0.4089436056722218,8.0,0.04,0.1367564025981639
0.9320000000000007,0.4507551313812015,6.9235309987960045,0.14141176479935894,1.3088115721018496,0.4151413934739996,8.0,0.04,0.13650675050011318
0.9420000000000007,0.4490681050559281,7.004141191421245,0.14168832366791373,1.3147380352822975,0.4217143974393335,8.0,0.04,0.13625073802376397
0.9520000000000007,0.44737907241477726,7.084866462208343,0.1419738267329773,1.3206605810339043,0.4286815850950492,8.0,0.04,0.13598843159144847
0.9620000000000007,0.44568818709186947,7.1657086828482965,0.1422688491673252,1.3265780863585912,0.4360629560178335,8.0,0.04,0.13571990257640676
0.9720000000000008,0.4439956080652067,7.246669884053577,0.14257398502116828,1.332489410951313,0.44387962643120954,8.0,0.04,0.13544522747211513
0.9820000000000008,0.4423014996933469,7.327752264093994,0.14288984750333733,1.3383933968855715,0.45215390576558756,8.0,0.04,0.1351644880616894
0.9920000000000008,0.4406060317381226,7.408958197825212,0.1432170686448965,1.3442888686059213,0.46090936979123065,8.0,0.04,0.1348777715885181
1.0020000000000007,0.4389093793774107,7.490290246006541,0.14355629855345386,1.3501746332213018,0.4701709323445483,8.0,0.04,0.13458517092871794
1.0120000000000007,0.43721172320990753,7.571751164790775,0.14390820436398055,1.3560494811145887,0.47996491664999535,8.0,0.04,0.13428678476560596
1.0220000000000007,0.4355132492527803,7.653343915316731,0.14427346893763296,1.3619121869003394,0.4903191265483566,8.0,0.04,0.1339827177662018
1.0320000000000007,0.43381414893245673,7.7350716733392115,0.14465278933125011,1.3677615107635621,0.5012629169757388,8.0,0.04,0.13367308075964238
1.0420000000000007,0.4321146190685273,7.816937838863398,0.1450468750451482,1.3735962002328617,0.5128272638014659,8.0,0.04,0.13335799091728293
1.0520000000000007,0.43041486185052374,7.898946045735307,0.14545644604909497,1.3794149924303296,0.5250448315265938,8.0,0.04,0.13303757193420723
1.0620000000000007,0.4287150848072429,7.981100171146895,0.145882230582723,1.3852166168597306,0.5379500383952706,8.0,0.04,0.1327119542117836
1.0720000000000007,0.4270155007682192,8.063404345021713,0.1463249627250651,1.3909997987881162,0.5515791173350527,8.0,0.04,0.13238127504085045
1.0820000000000007,0.4253163278169061,8.145862959222418,0.14678537972784636,1.3967632632850102,0.5659701714904387,8.0,0.04,0.13204567878503945
1.0920000000000007,0.4236177892350709,8.228480676544914,0.1472642191077269,1.4025057399875347,0.5811632226006874,8.0,0.04,0.13170531706368027
1.1020000000000008,0.4219201134378849,8.31126243943451,0.1477622154938578,1.4082259686589962,0.5972002503378387,8.0,0.04,0.13136034893364945
1.1120000000000008,0.4202235338991763,8.394213478379584,0.14828009722870264,1.413922705614727,0.6141252203412162,8.0,0.04,0.1310109410694482
1.1220000000000008,0.41852828906625045,8.477339319908104,0.14881858272192103,1.4195947310901236,0.6319840985986891,8.0,0.04,0.13065726794070226
1.1320000000000008,0.4168346222636818,8.560645794132439,0.14937837655937103,1.425240857626798,0.6508248492144743,8.0,0.04,0.13029951198619114
1.1420000000000008,0.41514278158544327,8.64413904176519,0.14996016537164691,1.4308599395548796,0.6706974126945343,8.0,0.04,0.1299378637834012
1.1520000000000008,0.41345301977471144,8.72782552053362,0.1505646134693952,1.4364508836476866,0.6916536609763532,8.0,0.04,0.12957252221250848
1.1620000000000008,0.41176559409065855,8.811712010909579,0.15119235825549013,1.4420126610244735,0.7137473257841213,8.0,0.04,0.12920369461356562
1.1720000000000008,0.41008076616152533,8.895805621075096,0.15184400542743393,1.4475443203743097,0.7370338958594128,8.0,0.04,0.1288315969355723
1.1820000000000008,0.4083988018232293,8.980113791023053,0.15252012398664241,1.4530450025686772,0.7615704787774208,8.0,0.04,0.12845645387596333
1.1920000000000008,0.4067199709427681,9.064644295712124,0.15322124107495283,1.4585139567242316,0.7874156225297441,8.0,0.04,0.12807849900894985
1.2020000000000008,0.40504454722562694,9.149405247162486,0.15394783666227027,1.4639505577675993,0.8146290917170934,8.0,0.04,0.1276979749009869
1.2120000000000009,0.4033728080064264,9.234405095399548,0.15470033811330142,1.4693543255476136,0.8432715931550281,8.0,0.04,0.127315133211541
1.2220000000000009,0.40170503402198654,9.319652628128567,0.15547911466503853,1.4747249455167277,0.8734044452931335,8.0,0.04,0.12693023477718293
1.2320000000000009,0.40004150916604314,9.405156969039076,0.15628447185081057,1.4800622909971468,0.9050891858557157,8.0,0.04,0.1265435496768951
1.2420000000000009,0.3983825202247954,9.49092757461422,0.15711664591055463,1.4853664470205235,0.9383871122660831,8.0,0.04,0.12615535727637303
1.252000000000001,0.39672835659252303,9.576974229340836,0.1579757982308816,1.4906377357087492,0.9733587491540643,8.0,0.04,0.12576594624895912
1.262000000000001,0.39507930996650464,9.66330703919094,0.15886200986226065,1.49587674313173,1.010063238150081,8.0,0.04,0.1253756145707465
1.272000000000001,0.3934356740205168,9.749936423268922,0.15977527616423556,1.501084347557524,1.0485576450885408,8.0,0.04,0.1249846694872701
1.282000000000001,0.3917977440562359,9.836873103499197,0.1607155016328762,1.5062617489600563,1.0888961808320872,8.0,0.04,0.12459342744913417
1.292000000000001,0.3901658166319115,9.92412809224826,0.1616824949676526,1.5114104996231001,1.1311293329869592,8.0,0.04,0.12420221401382485
1.302000000000001,0.38854018916777927,10.011712677764082,0.162675964437512,1.516532535631301,1.1753029065659701,8.0,0.04,0.1238113637109289
1.312000000000001,0.3869211595277506,10.099638407337793,0.16369551360802181,1.5216302089927414,1.2214569739012004,8.0,0.04,0.12342121986793533
1.322000000000001,0.38530902538663026,10.18791711062658,0.1647408213330425,1.5248115206807817,1.1094554375785346,8.0,0.04,0.12303213427041745
1.332000000000001,0.38370407568418696,10.276561447550277,0.1658121715820196,1.523687412522121,1.0091080031180606,8.0,0.04,0.12264446233534756
1.342000000000001,0.3821066042700466,10.365583934686915,0.1669078053496477,1.522421753957588,1.0549127775651512,8.0,0.04,0.1222585710781382
1.352000000000001,0.38051691349929273,10.454996776712013,0.16802660534312094,1.5210172360904024,1.1027423597617247,8.0,0.04,0.12187483901910766
1.362000000000001,0.37893530199446035,10.544812338492905,0.1691676810459457,1.5194772679656066,1.1526035864435453,8.0,0.04,0.12149365086859541
1.372000000000001,0.37736206371784653,10.63504315755465,0.17033002198141328,1.5178060110430838,1.204491950988773,8.0,0.04,0.12111539742130749
1.382000000000001,0.37579748819504954,10.7256914728852,0.1714106597311774,1.5145835710107407,1.0978202070891712,8.0,0.04,0.12074047535166685
1.392000000000001,0.3742442674755924,10.816380887780792,0.17134358483802017,1.5050904679143913,0.8413534027275925,8.0,0.04,0.12036868023387874
1.402000000000001,0.37270797497747243,10.90669592215492,0.17082653125755595,1.495456559175008,0.890845734443542,8.0,0.04,0.11999996777066918
1.412000000000001,0.37119152417863255,10.99651425957077,0.17016339343567363,1.4856977301283067,0.9414113811296958,8.0,0.04,0.11963525134275282
1.422000000000001,0.3696964026771494,11.08578975046858,0.16944228722294902,1.475828962544872,0.993359779185734,8.0,0.04,0.11927533085170955
1.432000000000001,0.3682233900255692,11.174506711363383,0.16870411124890897,1.46586751346835,1.046451099612191,8.0,0.04,0.11892083568570733
1.442000000000001,0.3667728747512,11.262665389221889,0.16797032874069864,1.4558323270628188,1.1004505059655505,8.0,0.04,0.11857228833980828
1.452000000000001,0.36534502106019423,11.3502749096341,0.16725240471270436,1.4457435037225845,1.1551497334614969,8.0,0.04,0.1182301478903594
1.462000000000001,0.36393985990883004,11.437349472388894,0.16655641178976738,1.4356219729926287,1.210353399848527,8.0,0.04,0.1178948346014185
1.472000000000001,0.3625573392798895,11.523906249213551,0.1658854770547463,1.4254892849926117,1.265869775529061,8.0,0.04,0.11756674338931408
1.482000000000001,0.3611973521633322,11.6099642074176,0.16524110282093282,1.415367461950783,1.3215062227809138,8.0,0.04,0.11724625104371496
1.492000000000001,0.3598597523187797,11.695543440770551,0.16462388261530947,1.4052788786311345,1.377067416872465,8.0,0.04,0.1169337199765599
1.5020000000000011,0.3585443633396521,11.780664778806074,0.1640338906772413,1.395246155791887,1.4323551247202804,8.0,0.04,0.11662950004364962
1.5120000000000011,0.35725098404834493,11.8653495491331,0.1634708950389473,1.385292058886153,1.4871688554429132,8.0,0.04,0.11633392929973772
1.5220000000000011,0.35597939188708627,11.949619423926098,0.16293447525666785,1.3754393984277886,1.5413070003261529,8.0,0.04,0.11604733416795772
1.5320000000000011,0.3547293452197057,12.033496312815883,0.1624240886061843,1.3657109306288386,1.5945682478278669,8.0,0.04,0.1157700292930915
1.5420000000000011,0.35350058504749615,12.117002281451215,0.16193910842161513,1.3561292580430921,1.646753150207432,8.0,0.04,0.11550231723043189
1.5520000000000012,0.35229283641516373,12.200159484392977,0.16147884736894486,1.346716730538649,1.6976657642527195,8.0,0.04,0.11524448805620277
1.5620000000000012,0.3511058096575625,12.282990106165752,0.16104257255630344,1.3374953472156952,1.7471153161104305,8.0,0.04,0.11499681894866941
1.5720000000000012,0.3499392015685731,12.365516307152292,0.1606295161962122,1.3284866600369802,1.7949178505096484,8.0,0.04,0.1147595737683213
1.5820000000000012,0.34879269653504713,12.447760172583044,0.16023888381074466,1.3197116799975814,1.8408978340568893,8.0,0.04,0.11453300265379941
1.5920000000000012,0.34766596765745367,12.529743663749763,0.15986986103797235,1.3111907866776,1.8848896842681662,8.0,0.04,0.11431734164351963
1.6020000000000012,0.3465586778670509,12.611488571048985,0.15952161959467195,1.3029436420032967,1.926739199956751,8.0,0.04,0.11411281232905456
1.6120000000000012,0.3454704810428038,12.693016468718794,0.15919332267952951,1.2949891090045824,1.96630487020076,8.0,0.04,0.11391962154402968
1.6220000000000012,0.344401023127726,12.774348671281775,0.1588841299566381,1.2873451763043282,2.0034590405641772,8.0,0.04,0.11373796109082791
1.6320000000000012,0.34334994324230017,12.855506191773499,0.1585932021833294,1.2800288890019795,2.038088920531601,8.0,0.04,0.11356800750650826
1.6420000000000012,0.3423168747916711,12.936509701869403,0.15831970550786695,1.273056286540041,2.0700974149058005,8.0,0.04,0.11340992186861512
1.6520000000000012,0.34130144656278305,13.01737949404147,0.15806281544425355,1.2664423480485714,2.0994037690157934,8.0,0.04,0.11326384964112622
1.6620000000000013,0.3403032838074798,13.0981354458711,0.1578217205240841,1.2602009455707224,2.125944017248123,8.0,0.04,0.11312992056033869
1.6720000000000013,0.3393220093075866,13.178796986635161,0.15759562562378798,1.2543448054637654,2.149671233107351,8.0,0.04,0.11300824856016504
1.6820000000000013,0.3383572444181162,13.259383066274273,0.15738375496710244,1.2488854781728898,2.1705555753178776,8.0,0.04,0.11289893173599647
1.6920000000000013,0.3374086100849468,13.339912126831564,0.15718535480542828,1.243833316461128,2.188584135479511,8.0,0.04,0.11280205234602032
1.7020000000000013,0.3364757278335255,13.42040207643978,0.15699969578218723,1.239197462074511,2.2037605920384844,8.0,0.04,0.11271767684862766
1.7120000000000013,0.33555822072544345,13.50087026590743,0.15682607499068335,1.234985840717345,2.2161046795290216,8.0,0.04,0.11264585597431766
1.7220000000000013,0.3346557142799969,13.581333467944942,0.15666381773822763,1.231205165112177,2.2256514854329117,8.0,0.04,0.11258662483030285
1.7320000000000013,0.3337678373581246,13.661807859048844,0.1565122790320618,1.2278609458248801,2.232450589522228,8.0,0.04,0.1125400030358531
1.7420000000000013,0.3328942230064317,13.742309004043307,0.1563708448049501,1.224957509447673,2.23656506389015,8.0,0.04,0.1125059948862614
1.7520000000000013,0.33203401404039323,13.822791398956596,0.1560519966140204,1.222501604757145,2.235446260956373,8.0,0.04,0.1124836724515357
1.7620000000000013,0.33118487260244817,13.903349076896712,0.15607344727621955,1.2205013152614343,2.2272246796342996,8.0,0.04,0.11247129894252532
1.7720000000000014,0.3303468878766183,13.98407021658505,0.15609108196168636,1.2189494594486163,2.222783419233542,8.0,0.04,0.11247039223141504
1.7820000000000014,0.3295206332334246,14.064932071077825,0.15605831887597707,1.2178435762199966,2.2175853324318964,8.0,0.04,0.11248145644185199
1.7920000000000014,0.32870634797364934,14.145916220470301,0.1559819478905169,1.2171819112901807,2.210534322658742,8.0,0.04,0.11250465393768531
1.8020000000000014,0.32790388256168407,14.226973876585781,0.15571785469572869,1.2169562746256228,2.2166732352641967,8.0,0.04,0.11253881877657208
1.8120000000000014,0.3271127914675743,14.308130844620228,0.15549161733544267,1.2171679581447608,2.224816514807733,8.0,0.04,0.11258395929592047
1.8220000000000014,0.32633299107106684,14.38941393489901,0.155337576493483,1.2178215510895063,2.2183614599971637,8.0,0.04,0.11264099046495504
1.8320000000000014,0.3255643777786551,14.470833666594087,0.15522570681071785,1.2189146211611241,2.2068047883688986,8.0,0.04,0.11270996516917797
1.8420000000000014,0.3248067806568757,14.552398996132826,0.15513849151407166,1.220442811104636,2.1918583009586596,8.0,0.04,0.11279084797545168
1.8520000000000014,0.3240599904765057,14.634117974024099,0.15506670056098892,1.2224005484723584,2.1744115451624837,8.0,0.04,0.11288355245584246
1.8620000000000014,0.32332377761032277,14.715998103062732,0.15500552752333813,1.224781376759929,2.1550107802152243,8.0,0.04,0.11298795656205854
1.8720000000000014,0.32259790377936853,14.798046457220973,0.15495245749311354,1.2275781431753927,2.134013396756348,8.0,0.04,0.11310391227969684
1.8820000000000014,0.3218821797471874,14.880256033996908,0.1549231789590076,1.2307834237677897,2.112577065078966,8.0,0.04,0.11323115567242967
1.8920000000000015,0.32117721559605333,14.962562296206512,0.15496745143793395,1.2343918131386404,2.097200681313315,8.0,0.04,0.11336866332865345
1.9020000000000015,0.3204829515243918,15.045017336487037,0.1549855924440413,1.2383896446052667,2.0694783171791626,8.0,0.04,0.1135173030615948
1.9120000000000015,0.319798694231575,15.127647772011581,0.15497840158318424,1.2427662781709439,2.0392188062471086,8.0,0.04,0.11367711711651919
1.9220000000000015,0.3191239700318541,15.210464993200047,0.15496078295932342,1.2475130952463447,2.010395061235845,8.0,0.04,0.11384771872013773
1.9320000000000015,0.31845842080705,15.293477665391007,0.15494065051053615,1.252621074464949,1.9821807041989477,8.0,0.04,0.1140287733494827
1.9420000000000015,0.3178017633076537,15.376692486110645,0.15492197333766866,1.2580807838931831,1.9541013038471664,8.0,0.04,0.11421997845901874
1.9520000000000015,0.3171537643983089,15.46011466294173,0.15490672989577045,1.2638824505530122,1.9259228035654004,8.0,0.04,0.11442104687469178
1.9620000000000015,0.31651422573832144,15.543748271540421,0.1548959235010243,1.2700160272356116,1.897541269815065,8.0,0.04,0.11463169698016949
1.9720000000000015,0.31588297431158835,15.627596512539958,0.15489009581136898,1.2764712481835296,1.8689214525845514,8.0,0.04,0.11485164700993782
1.9820000000000015,0.31525985655084904,15.711661891286226,0.1548895824553613,1.2832376728245067,1.8400628995045112,8.0,0.04,0.11508061178042019
1.9920000000000015,0.31464473464880965,15.795946342742024,0.1548946381762875,1.2903047188889918,1.8109812936432714,8.0,0.04,0.11531830086348951
2.002000000000001,0.31403748418610533,15.880451319096757,0.15490549676001286,1.2976616866658672,1.7816982290349932,8.0,0.04,0.1155644176111923
2.012,0.3134379925427015,15.965177852724493,0.1549223988043574,1.305297775989364,1.7522356889525208,8.0,0.04,0.11581865868167798
2.021999999999999,0.31284615776791624,16.050126603132068,0.15494560388208414,1.3132020972357772,1.722613155848001,8.0,0.04,0.11608071385972815
2.031999999999998,0.3122618877124795,16.13529789362367,0.15497539527622115,1.3213636773223054,1.6928462065055214,8.0,0.04,0.11635026605035607
2.0419999999999967,0.31168509930430294,16.22069174137225,0.15501208126209376,1.3297714614785132,1.6629459517587173,8.0,0.04,0.11662699137432767
2.0519999999999956,0.31111571789715753,16.30630788324364,0.15505599482415564,1.3384143114049476,1.6329189609930885,8.0,0.04,0.11691055932427946
2.0619999999999945,0.3105536766502496,16.392145798832612,0.1551074926755648,1.347281000334764,1.6027674694277951,8.0,0.04,0.11720063295771237
2.0719999999999934,0.30999887077146454,16.478207917648273,0.15517902682815282,1.3439912597699737,2.858394603492053,8.0,0.04,0.11749685002566805
2.0819999999999923,0.30945019521072453,16.564519576366976,0.15531926230752344,1.327905130604499,7.19928094291582,8.0,0.04,0.11779852006299273
2.091999999999991,0.30890609462254964,16.651108096441845,0.1555434176073266,1.3133409698946024,6.85151670414921,8.0,0.04,0.11810489687904428
2.10199999999999,0.30836544466435384,16.737994879757036,0.15582881674974577,1.3002285537293243,6.492661649122956,8.0,0.04,0.11841536091043119
2.111999999999989,0.30782736555817536,16.825190858836276,0.15615131321579354,1.2884823766257303,6.1374150616726215,8.0,0.04,0.11872936013320305
2.121999999999988,0.30729114170220573,16.91269893590314,0.15649563721325274,1.2780151701561786,5.789491007977155,8.0,0.04,0.11904638218893522
2.131999999999987,0.30675617034038455,17.00051711229011,0.15685267810610984,1.2687398599171644,5.4511906272935,8.0,0.04,0.11936594219710935
2.1419999999999857,0.3062219304301986,17.0886404791926,0.15721684821395998,1.2605706797607528,5.124138105840782,8.0,0.04,0.11968757706403829
2.1519999999999846,0.3056879639450569,17.177062376961278,0.15758453273897902,1.2534239828850582,4.809490651822263,8.0,0.04,0.12001084246919783
2.1619999999999835,0.30515386431407365,17.265775070609617,0.1579532362905743,1.2472188504793886,4.508052872353178,8.0,0.04,0.12033531121469357
2.1719999999999824,0.3046192689124106,17.354770152131092,0.15832111685844588,1.241877547664351,4.220349554936943,8.0,0.04,0.12066057230569291
2.1819999999999813,0.3040838538588406,17.444038788091095,0.15868673079569268,1.2373258571937835,3.9466767216773544,8.0,0.04,0.12098623041415531
2.19199999999998,0.3035473301416642,17.53357187855344,0.15904889245415116,1.2334933119460967,3.6871406984915422,8.0,0.04,0.12131190553050071
2.201999999999979,0.30300944052442486,17.623360164275837,0.15940659613605268,1.2303133423204957,3.441690093171062,8.0,0.04,0.12163723269459002
2.211999999999978,0.30246995692484197,17.71339430293247,0.15975897192013863,1.227723351905763,3.210143122679295,8.0,0.04,0.12196186174723862
2.221999999999977,0.3019286780962538,17.803664926126658,0.16010525988751712,1.2256647330176678,2.992211498453435,8.0,0.04,0.12228545707214253
2.231999999999976,0.3013854275170482,17.89416268393163,0.16044479432321843,1.224082832385497,2.78752147850388,8.0,0.04,0.12260769731443762
2.2419999999999747,0.30084005143604553,17.984878280874877,0.16077699331071055,1.2229268761508194,2.5956324173671677,8.0,0.04,0.12292827507126403
2.2519999999999736,0.30029241704530274,18.075802505703994,0.16110135123303448,1.2221498623124718,2.41605302266618,8.0,0.04,0.12324689655472319
2.2619999999999725,0.2997424107646078,18.16692625636696,0.16141743283989937,1.2217084277983243,2.24825548849714,8.0,0.04,0.12356328123016874
2.2719999999999714,0.29918993662877064,18.258240561132897,0.16172486816566647,1.2215626964286592,2.091687658660781,8.0,0.04,0.1238771614339528
2.2819999999999703,0.2986349147722642,18.349736596475378,0.162023347924354,1.2216761131867302,1.9457833796059039,8.0,0.04,0.12418828197511474
2.291999999999969,0.2980772800074426,18.441405702175224,0.16231261919278664,1.2220152694213082,1.8099712022146413,8.0,0.04,0.12449639972543436
2.301999999999968,0.2975169804932033,18.533239393987543,0.16259248129194345,1.2225497228778028,1.6836815971603074,8.0,0.04,0.12480128320196254
2.311999999999967,0.2969539764911473,18.62522937415371,0.16286278182860378,1.2232518158023806,1.56635284268748,8.0,0.04,0.125102712145724
2.321999999999966,0.29638823920619434,18.717367539996253,0.16312341288568735,1.2240964937781256,1.457435742457241,8.0,0.04,0.12540047709984972
2.3319999999999648,0.2958197497084667,18.80964599080125,0.16337430736180386,1.2250611274346994,1.3563973203370294,8.0,0.04,0.1256943789899106
2.3419999999999637,0.29524849793307323,18.902057033173076,0.1636154354652784,1.2261253387208546,1.2627236319060315,8.0,0.04,0.12598422870881526
2.3519999999999626,0.2946744817542643,18.994593185023735,0.1638468013689421,1.2272708330421522,1.175921818413702,8.0,0.04,0.12626984670823663
2.3619999999999615,0.2940977061303328,19.08724717834538,0.16406844003084492,1.2284812382292514,1.0955215204006012,8.0,0.04,0.12655106259815624
2.3719999999999604,0.29351818231557925,19.180011960901094,0.16428041418441888,1.2297419510236824,1.021075753757967,8.0,0.04,0.12682771475580842
2.3819999999999593,0.29293592713560607,19.27288069695534,0.1644828114995772,1.2310399915292902,0.9521613402742924,8.0,0.04,0.12709964994503306
2.391999999999958,0.29235096232227836,19.365846767155507,0.16467574191428064,1.232363865883617,0.8883789745301063,8.0,0.04,0.12736672294678117
2.401999999999957,0.2917633139047009,19.458903767664417,0.16485933513448364,1.2337034372434537,0.8293529959744497,8.0,0.04,0.1276287962013344
2.411999999999956,0.2911730116526727,19.55204550863589,0.1650337382990108,1.2350498050522989,0.7747309288655304,8.0,0.04,0.127885739462599
2.421999999999955,0.2905800885691699,19.64526601211351,0.165199113804544,1.236395192452677,0.7241828405930661,8.0,0.04,0.1281374294647007
2.4319999999999538,0.2899847444705866,19.73855637516008,0.16533765800399725,1.2377477056953534,0.6841579239069581,8.0,0.04,0.12838372997005093
2.4419999999999527,0.28938763082224206,19.831902821087382,0.16545137564336848,1.239157436853369,0.6692958332507994,8.0,0.04,0.12862446189133953
2.4519999999999516,0.2887885982926204,19.92530126599172,0.1655757271862779,1.2405991711726112,0.6440327611463452,8.0,0.04,0.1288595826004899
2.4619999999999505,0.28818723092016557,20.01875152554355,0.16570183860251353,1.2420257118594658,0.604218291543114,8.0,0.04,0.12908907654426716
2.4719999999999493,0.28758347512722493,20.112252076497693,0.16582592244497082,1.2434279362631993,0.5661504664584273,8.0,0.04,0.12931285002700996
2.4819999999999482,0.28697733100264006,20.2058004602012,0.1659457702318284,1.244801412110261,0.5308212825488802,8.0,0.04,0.12953080662105593
2.491999999999947,0.28636881756125354,20.29939344329044,0.16606001857916863,1.2461427828348925,0.4980744763588506,8.0,0.04,0.12974285640087937
2.501999999999946,0.28575796490108163,20.39302736159279,0.1661679414021638,1.2474494049954012,0.4677156703671662,8.0,0.04,0.12994891553368157
2.511999999999945,0.2851448098602438,20.486698362371108,0.1662692052509623,1.2487192123786734,0.4395600289651507,8.0,0.04,0.13014890566271078
2.521999999999944,0.2845293933650719,20.5804025496598,0.16636370808229511,1.2499506240400644,0.4134351442225312,8.0,0.04,0.13034275342644266
2.5319999999999427,0.2839117587854959,20.67413606858165,0.16645148338518675,1.2511424741388815,0.38918114588919084,8.0,0.04,0.13053039007502237
2.5419999999999416,0.28329195089744225,20.767895153380753,0.16653264389441744,1.2522939554080517,0.36665026569798526,8.0,0.04,0.13071175115383615
2.5519999999999405,0.2826700152140844,20.861676154010457,0.16660734840516403,1.2534045718340203,0.34570619020691196,8.0,0.04,0.13088677623430953
2.5619999999999394,0.28204599754398424,20.955475550020104,0.16667578204608136,1.2544740979786484,0.32622333561352224,8.0,0.04,0.13105540867854673
2.5719999999999383,0.28141994369107054,21.049289956898868,0.16673814443029863,1.2555025433984837,0.30808610950315285,8.0,0.04,0.13121759542880979
2.5819999999999372,0.2807918992451022,21.143116127930206,0.16679464244678074,1.2564901211863693,0.29118818999974766,8.0,0.04,0.13137328681582228
2.591999999999936,0.28016190943136854,21.236950953373952,0.16684548580592734,1.2574372199934771,0.27543183701295876,8.0,0.04,0.13152243638185132
2.601999999999935,0.27953001900037133,21.33079145806325,0.1668908842343532,1.2583443790682012,0.26072724164907496,8.0,0.04,0.13166500071582599
2.611999999999934,0.2788962721454813,21.4246347980685,0.1669310456685863,1.2592122659676026,0.2469919156062282,8.0,0.04,0.13180093929862793
2.621999999999933,0.27826071244090506,21.51847825682397,0.16696617506204106,1.2600416566556267,0.23415012080202854,8.0,0.04,0.13193021435723637
2.6319999999999317,0.2776233827949904,21.612319240957646,0.16699647357565356,1.2608334177559133,0.2221323377017503,8.0,0.04,0.13205279072677711
2.6419999999999306,0.2769843254155281,21.70615527597238,0.16702213801390978,1.2615884907479746,0.21087477110653777,8.0,0.04,0.13216863571977536
2.6519999999999295,0.2763435817847164,21.79998400186785,0.16704336042253268,1.2623078779265327,0.2003188914237219,8.0,0.04,0.132277719002061
2.6619999999999284,0.27570119264212495,21.89380316876305,0.16706032779632723,1.2629926299540637,0.1904110095114993,8.0,0.04,0.13238001247487577
2.6719999999999273,0.2750571979743836,21.98761063255494,0.1670732218651563,1.2636438348591588,0.18110188321454151,8.0,0.04,0.13247549016281893
2.681999999999926,0.27441163701060817,22.081404350633793,0.16708221893768344,1.264262608341099,0.17234635354807515,8.0,0.04,0.1325641281072972
2.691999999999925,0.27376454822277,22.175182377675494,0.1670874897894994,1.2648500852538695,0.16410300882704762,8.0,0.04,0.1326459042651931
2.701999999999924,0.27311596933031623,22.268942861515413,0.16708919958685353,1.265407412156914,0.15633387477645794,8.0,0.04,0.13272079841249257
2.711999999999923,0.27246593730848884,22.362684039114352,0.1670875078397341,1.2659357408259142,0.14900412885843486,8.0,0.04,0.13278879205261732
2.721999999999922,0.2718144883998191,22.45640423261897,0.16708256837972127,1.2664362226277723,0.14208183728111473,8.0,0.04,0.13284986832925036
2.7319999999999207,0.27116165812837123,22.55010184552004,0.16707452935923092,1.2669100036721224,0.13553771295032632,8.0,0.04,0.1329040119434293
2.7419999999999196,0.270507481316325,22.643775358911945,0.16706353326938977,1.267358220658763,0.12934489307302238,8.0,0.04,0.1329512090747151
2.7519999999999185,0.26985199210255667,22.737423327851477,0.16704971697439955,1.2677819973504918,0.12347873452770912,8.0,0.04,0.13299144730624274
2.7619999999999174,0.26919522396288736,22.831044377819637,0.16703321176034788,1.2681824416012901,0.11791662628921151,8.0,0.04,0.13302471555347486
2.7719999999999163,0.26853720973172024,22.924637201285172,0.16701414339686602,1.268560642882967,0.1126378170863804,8.0,0.04,0.1330510039964931
2.781999999999915,0.267877981624809,23.018200554369564,0.1669926322102526,1.268917670254245,0.10762325750852571,8.0,0.04,0.13307030401565673
2.791999999999914,0.2672175712629149,23.111733253613245,0.16696879316658653,1.2692545707221388,0.10285545509749261,8.0,0.04,0.13308260813048348
2.801999999999913,0.26655600969615423,23.205234172843237,0.16694273596372286,1.2695723679521003,0.09831834180621152,8.0,0.04,0.1330879099416029
2.811999999999912,0.2658933274288383,23.29870224013905,0.16691456513106803,1.2698720612848757,0.09399715246432154,8.0,0.04,0.13308620407564264
2.821999999999911,0.26522955444464236,23.392136434898692,0.1668843801360414,1.2701546250242448,0.0898783136588154,8.0,0.04,0.13307748613292095
2.8319999999999097,0.26456472023194944,23.48553578500132,0.16685227549649614,1.2704210079629903,0.08594934197224587,8.0,0.04,0.13306175263781786
2.8419999999999086,0.26389885380923384,23.578899364066018,0.1668183408979616,1.2706721331155892,0.08219875104415954,8.0,0.04,0.13303900099170396
2.8519999999999075,0.2632319837503645,23.672226288805067,0.16678266131513764,1.2709088976314655,0.0786159665662703,8.0,0.04,0.1330092294283164
2.8619999999999064,0.26256413820972146,23.765515716470794,0.16674531713688867,1.2711321728666616,0.07519124851386565,8.0,0.04,0.13297243697147917
2.8719999999999053,0.26189534494703065,23.858766842393212,0.16670638429397558,1.2713428045888304,0.07191562026286097,8.0,0.04,0.13292862339505693
2.881999999999904,0.2612256313518347,23.95197889760733,0.16666593438895874,1.2715416132987083,0.0687808037893853,8.0,0.04,0.13287778918505297
2.891999999999903,0.26055502446752565,24.045151146568823,0.16662403482774527,1.2717293946491512,0.06577916049529159,8.0,0.04,0.13281993550375812
2.901999999999902,0.25988355101488175,24.138282884955114,0.16658074895224567,1.2719069199481452,0.06290363721229969,8.0,0.04,0.1327550641558582
2.911999999999901,0.25921123741504987,24.231373437550932,0.16653613617358654,1.2720749367295956,0.06014771699682036,8.0,0.04,0.1326831775564283
2.9219999999999,0.25853810981192904,24.324422156215622,0.1664902521055465,1.272234169381236,0.057505374175578175,8.0,0.04,0.13260427870072353
2.9319999999998987,0.25786419409391903,24.417428417931216,0.16644314869780702,1.2723853198188129,0.05497103335735836,8.0,0.04,0.13251837113569576
2.9419999999998976,0.25718951591499606,24.510391622928363,0.16639487436854378,1.2725290681957682,0.05253953212102895,8.0,0.04,0.13242545893317015
2.9519999999998965,0.25651410071509767,24.603311192887865,0.1663454741362172,1.2726660736414077,0.05020608688829321,8.0,0.04,0.13232554666460572
2.9619999999998954,0.25583797373979295,24.696186569218252,0.16629498975010898,1.2727969750189618,0.047966261941950646,8.0,0.04,0.132218639377384
2.9719999999998943,0.25516116005921863,24.78901721140287,0.16624345981938057,1.2729223916968506,0.0458159411527576,8.0,0.04,0.1321047425725564
2.981999999999893,0.2544836845862814,24.881802595419305,0.16619091994048,1.2730429243294779,0.04375130205399081,8.0,0.04,0.13198386218400257
2.991999999999892,0.25380557209410354,24.97454221222607,0.16613740282254455,1.2731591556388835,0.04176879254201097,8.0,0.04,0.1318560045589367
3.001999999999891,0.253126847232727,25.067235566314583,0.16608293841081637,1.2732716511981441,0.03986510926554633,8.0,0.04,0.13172117643971373
3.01199999999989,0.25244753454506275,25.15988217432716,0.16602755400761773,1.2733809602063104,0.03803717828449904,8.0,0.04,0.13157938494688468
3.0219999999998888,0.25176765848209187,25.252481563734964,0.16597127439105594,1.2734876162586668,0.036282137107415416,8.0,0.04,0.13143063756345516
3.0319999999998877,0.2510872434173315,25.345033271577208,0.16591412193102661,1.2735921381034652,0.034597318685750895,8.0,0.04,0.13127494212030266
3.0419999999998866,0.25040631366056026,25.437536843258794,0.16585611670267877,1.2736950303880104,0.032980236406372536,8.0,0.04,0.13111230678270783
3.0519999999998855,0.2497248934708285,25.529991831403127,0.16579727659698668,1.2737967843877662,0.03142857081531651,8.0,0.04,0.13094274003796647
3.0619999999998844,0.2490430070687511,25.622397794760058,0.16573761742859044,1.2738978787207795,0.029940157184259446,8.0,0.04,0.13076625068403464
3.0719999999998833,0.24836067864811032,25.71475429716568,0.16567715304065048,1.2739987800435095,0.028512974396687818,8.0,0.04,0.13058284781917653
3.081999999999882,0.24767793238677163,25.807060906553804,0.1656158954067582,1.274099943728077,0.027145134646440895,8.0,0.04,0.13039254083258456
3.091999999999881,0.24699479245693542,25.89931719401442,0.1655538547298255,1.274201814520327,0.02583487415987725,8.0,0.04,0.13019533939593178
3.10199999999988,0.24631128303474348,25.991522732901117,0.16549103953803443,1.274304827178788,0.02458054456006375,8.0,0.04,0.1299912534558263
3.111999999999879,0.24562742830925266,26.08367709798198,0.1654274567775552,1.2744094070913505,0.023380605203791,8.0,0.04,0.12978029322714676
3.1219999999998778,0.2449432524907968,26.17577986463537,0.1653631119024041,1.2745159708737681,0.022233615907838594,8.0,0.04,0.12956246918722356
3.1319999999998767,0.24425877981876132,26.267830608086925,0.16529800896105853,1.2746249269455892,0.021138230524870197,8.0,0.04,0.12933779207084137
3.1419999999998756,0.2435740345687825,26.35982890268655,0.16523215068014319,1.2747366760868835,0.020093190912407684,8.0,0.04,0.12910627286603774
3.1519999999998745,0.24288904105939607,26.45177432122448,0.16516553854499375,1.2748516119740705,0.019097321419975697,8.0,0.04,0.12886792281068093
3.1619999999998734,0.24220382365815832,26.543666434284294,0.16509817287721898,1.2749701216949036,0.01814952393465997,8.0,0.04,0.12862275338979035
3.1719999999998723,0.2415184067872549,26.635504809631154,0.16503005290928924,1.2750925862446747,0.017248773172968877,8.0,0.04,0.12837077633359784
3.181999999999871,0.24083281492861972,26.727289011634117,0.16496117685611295,1.2752193810017276,0.016394112457482065,8.0,0.04,0.1281120036163081
3.19199999999987,0.2401470726285925,26.819018600721595,0.16489154198367137,1.2753508761832892,0.015584649821301233,8.0,0.04,0.12784644745555954
3.201999999999869,0.23946120450211983,26.910693132866772,0.16482114467481265,1.2754874372839262,0.014819554321169185,8.0,0.04,0.12757412031255644
3.211999999999868,0.23877523523653965,27.002312159104104,0.16474998049213374,1.275629425493887,0.014098052753558354,8.0,0.04,0.12729503489285524
3.2219999999998667,0.23808918959495515,27.093875225073532,0.16467804423806864,1.275777198099671,0.013419426516561521,8.0,0.04,0.12700920414779718
3.2319999999998656,0.23740309241922358,27.18538187059195,0.16460533001225036,1.2759311088674266,0.01278300875359549,8.0,0.04,0.12671664127656226
3.2419999999998645,0.23671696863258512,27.27683162925044,0.16453183126610416,1.2760915084083602,0.01218818165605984,8.0,0.04,0.1264173597288365
3.2519999999998634,0.23603084324194254,27.368224028036337,0.16445754085482442,1.276258744527242,0.011634373991840108,8.0,0.04,0.12611137320808
3.2619999999998623,0.23534474133981978,27.45955858697951,0.16438245108671126,1.2764331625550738,0.011121058759472578,8.0,0.04,0.12579869567537627
3.2719999999998612,0.23465868810601245,27.55083481881908,0.1643065537700117,1.2766151056649122,0.010647750999927713,8.0,0.04,0.12547934135386005
3.28199999999986,0.2339727088089557,27.64205222869343,0.16422984025720308,1.2768049151721932,0.010214005742040783,8.0,0.04,0.12515332473370458
3.291999999999859,0.23328682880682244,27.73321031384951,0.16415230148686705,1.277002930819931,0.009819416076071253,8.0,0.04,0.12482066057766185
3.301999999999858,0.23260107354837112,27.824308563370643,0.16407392802320772,1.2772094910482235,0.009463611295560188,8.0,0.04,0.12448136392714738
3.311999999999857,0.23191546857356848,27.91534645792402,0.16399471009320676,1.2774249332496426,0.009146255168161069,8.0,0.04,0.12413545010885227
3.3219999999998557,0.2312300395139932,28.00632346952378,0.16391463762151126,1.2776495940095913,0.008867044278763796,8.0,0.04,0.12378293474188656
3.3319999999998546,0.2305448120930478,28.09723906131122,0.16383370026315464,1.2778838093324107,0.008625706423311024,8.0,0.04,0.12342383374542973
3.3419999999998535,0.22985981212598827,28.188092687350395,0.1637518874340874,1.2781279148537927,0.008421999080517684,8.0,0.04,0.12305816334689891
3.3519999999998524,0.2291750655197939,28.278883792437462,0.1636691883396146,1.2783822460386904,0.008255707948669685,8.0,0.04,0.12268594009061215
3.3619999999998513,0.22849059827288767,28.3696118119249,0.16358559200082512,1.2786471383656481,0.008126645497062988,8.0,0.04,0.12230718084694465
3.3719999999998502,0.22780643647472937,28.46027617155727,0.16350108727898197,1.2789229274970746,0.008034649585863756,8.0,0.04,0.12192190282197851
3.381999999999849,0.22712260630528922,28.550876287319838,0.16341566289803158,1.2792099494363183,0.007979582082906044,8.0,0.04,0.1215301235676302
3.391999999999848,0.22643913403442573,28.64141156529823,0.1633293074652116,1.279508540670168,0.0079613275418184,8.0,0.04,0.12113186099225477
3.401999999999847,0.22575604602116925,28.73188140154924,0.16324200948983145,1.2798190382982904,0.007979791861296243,8.0,0.04,0.1207271333717253
3.411999999999846,0.2250733687129436,28.82228518198087,0.1631537574002922,1.2801417801477877,0.008034900983448674,8.0,0.04,0.12031595936097543
3.4219999999998447,0.2243911286447184,28.912622282242072,0.16306453955935588,1.2804771048744166,0.008126599576674217,8.0,0.04,0.11989835800600868
3.4319999999998436,0.22370935243812548,29.002892067621346,0.16297434427777668,1.2808253520492614,0.008254849727101582,8.0,0.04,0.1194743487563614
3.4419999999998425,0.22302806680053536,29.09309389295296,0.1628831598262875,1.2811868622301523,0.008419629630830967,8.0,0.04,0.11904395147802571
3.4519999999998414,0.22234729852411977,29.183227102531266,0.16279097444598026,1.281561977019157,0.008620932253093736,8.0,0.04,0.11860718646682465
3.4619999999998403,0.2216670744849027,29.27329103003144,0.16269777635719138,1.281951039103498,0.008858764004775876,8.0,0.04,0.11816407446223114
3.471999999999839,0.22098742164181837,29.363284998436953,0.16260355376689842,1.2823543922821383,0.009133143355869466,8.0,0.04,0.11771463666163959
3.481999999999838,0.2203083670357808,29.453208319973815,0.1625082948746203,1.2827723814746395,0.009444099460435637,8.0,0.04,0.11725889473507908
3.491999999999837,0.21962993778878845,29.54306029604849,0.1624119878769676,1.283205352714113,0.009791670734097242,8.0,0.04,0.11679687084036595
3.501999999999836,0.21895216110305568,29.6328402171931,0.16231462097080987,1.2836536531225649,0.0101759033807719,8.0,0.04,0.1163285876387038
3.511999999999835,0.21827506426020077,29.72254736301356,0.16221618235511603,1.284117630867838,0.010596849916111626,8.0,0.04,0.11585406831071389
3.5219999999998337,0.21759867462049273,29.812181002143383,0.16211666023152402,1.2845976351018282,0.011054567607676079,8.0,0.04,0.11537333657290694
3.5319999999998326,0.2169230196221597,29.901740392200242,0.16201604280365423,1.2850940158790864,0.011549116883679935,8.0,0.04,0.11488641669459095
3.5419999999998315,0.21624812678078179,29.99122477974727,0.1619143182752061,1.2856071240542615,0.012080559694677294,8.0,0.04,0.11439333351521586
3.5519999999998304,0.21557402368877188,30.08063340025699,0.16181147484696032,1.2861373111598675,0.012648957785633318,8.0,0.04,0.11389411246214647
3.5619999999998293,0.21490073801494708,30.169965478078602,0.16170750071255546,1.2866849292586333,0.013254370943018396,8.0,0.04,0.11338877956887569
3.571999999999828,0.21422829750421202,30.2592202264077,0.16160238405320984,1.2872503307744945,0.013896855146240065,8.0,0.04,0.11287736149366863
3.581999999999827,0.2135567299773527,30.34839684725928,0.1614961130314136,1.2878338682980908,0.014576460649935624,8.0,0.04,0.11235988553863993
3.591999999999826,0.21288606333095325,30.43749453144242,0.16138867578356036,1.288435894365713,0.015293230000516916,8.0,0.04,0.11183637966926384
3.601999999999825,0.21221632553744452,30.52651245853751,0.16128006041163728,1.2890567612119839,0.01604719596046928,8.0,0.04,0.11130687253431813
3.611999999999824,0.21154754464528935,30.615449796875456,0.16117025497389215,1.289696820492136,0.016838379337831392,8.0,0.04,0.11077139348626219
3.6219999999998227,0.21087974877931429,30.704305703518873,0.1610592474747447,1.2903564229760804,0.017666786758873097,8.0,0.04,0.11022997260204451
3.6319999999998216,0.21021296614119453,30.793079324244793,0.16094702585362772,1.2910359182084739,0.0185324082968895,8.0,0.04,0.10968264070434929
3.6419999999998205,0.20954722501009931,30.881769793530324,0.1608335779731804,1.2917356541371818,0.019435215045455,8.0,0.04,0.1091294293832719
3.6519999999998194,0.20888255374350262,30.97037623453814,0.16071889160652233,1.2924559767049884,0.020375156561569723,8.0,0.04,0.10857037101843334
3.6619999999998183,0.2082189807781723,31.058897759105523,0.16060295442387962,1.2931972294055845,0.02135215820723533,8.0,0.04,0.1080054988015257
3.671999999999817,0.20755653463133744,31.1473334677344,0.16048575397845885,1.293959752799583,0.022366118414653382,8.0,0.04,0.10743484675929255
3.681999999999816,0.2068952439020379,31.235682449583273,0.16036727769163267,1.2947438839897099,0.02341690573913468,8.0,0.04,0.1068584497769474
3.691999999999815,0.2062351372726746,31.323943782461335,0.16024751283763403,1.2955499560541959,0.024504355967441816,8.0,0.04,0.10627634362202515
3.701999999999814,0.20557624351075449,31.41211653282441,0.16012644652756056,1.2963782974325753,0.02562826891091523,8.0,0.04,0.10568856496866752
3.711999999999813,0.20491859147084163,31.50019975577395,0.16000406569298184,1.2972292312665987,0.026788405199624787,8.0,0.04,0.10509515142234635
3.7219999999998117,0.2042622100967161,31.58819249505744,0.15988035706904943,1.2981030746889213,0.027984482966982988,8.0,0.04,0.10449614154502021
3.7319999999998106,0.20360712842375162,31.676093783072503,0.15975530717727154,1.2990001380618228,0.029216174311553437,8.0,0.04,0.10389157488072366
3.7419999999998095,0.20295337558151086,31.763902640873802,0.15962890230792115,1.2999207241586903,0.03048310171332641,8.0,0.04,0.10328149198159373
3.7519999999998084,0.2023009807965721,31.851618078183378,0.15950112850228815,1.3008651272904872,0.03178483433518336,8.0,0.04,0.10266593443432191
3.7619999999998073,0.20164997339558058,31.939239093405085,0.15937197153469929,1.3018336323702846,0.03312088411555067,8.0,0.04,0.10204494488704437
3.771999999999806,0.20100038280853985,32.02676467364273,0.1592414168944911,1.302826513915674,0.03449070185043452,8.0,0.04,0.1014185670766527
3.781999999999805,0.20035223857234466,32.114193794723754,0.15910944976799649,1.3038440349855722,0.03589367307855161,8.0,0.04,0.10078684585653605
3.791999999999804,0.1997055703345552,32.201525063814614,0.1589726826773073,1.3047166598587747,0.03473923430501566,8.0,0.04,0.10014982722474296
3.801999999999803,0.19906030642526457,32.288748668767916,0.158814826161896,1.3047591919064665,0.030020208146932254,8.0,0.04,0.09950778514758118
3.8119999999998018,0.19841614737569638,32.37586972215247,0.1586815002807974,1.3048056676364077,0.030819806660744433,8.0,0.04,0.0988611167074431
3.8219999999998007,0.19777284182673713,32.46290303397328,0.15857156308859877,1.3048548452068256,0.0315024647995843,8.0,0.04,0.09820993734268679
3.8319999999997996,0.19713022164056906,32.54985968775638,0.15847762541960503,1.3049060299959256,0.03212165833988714,8.0,0.04,0.09755432737548277
3.8419999999997985,0.19648817942280097,32.63674719763231,0.15839404158318643,1.3049588563397412,0.032697818656570565,8.0,0.04,0.09689436619453784
3.8519999999997974,0.19584665107757493,32.723570476692664,0.15831677881664502,1.3050132045569558,0.03324437564687093,8.0,0.04,0.09623013427178351
3.8619999999997963,0.19520560341542337,32.810332581980255,0.1582429761479392,1.3050691348394095,0.03377088562507355,8.0,0.04,0.09556171319109238
3.871999999999795,0.194565025400175,32.89703525014427,0.1581706087985395,1.3051268358393648,0.03428407164038832,8.0,0.04,0.09488918556454287
3.881999999999794,0.1939249219652798,32.98367928013451,0.15809824757990099,1.3051865856871747,0.034788554221523674,8.0,0.04,0.09421263495547627
3.891999999999793,0.19328530964498244,33.07026480626424,0.15802488723016564,1.3052487229056555,0.03528741160224598,8.0,0.04,0.09353214581463766
3.901999999999792,0.19264621348967317,33.15679149287557,0.1579498239744646,1.3053136249456496,0.03578260174861136,8.0,0.04,0.0928478034274237
3.9119999999997908,0.19200766489144597,33.24325867296924,0.15787256817889955,1.3053816924650712,0.03627527433287372,8.0,0.04,0.09215969386965306
3.9219999999997897,0.19136970005574658,33.329665446789726,0.1577927820231122,1.3054533378764361,0.03676599845292362,8.0,0.04,0.09146790396955753
3.9319999999997886,0.19073235893223334,33.416010751788676,0.15771023501223252,1.3055289770300105,0.03725492703471396,8.0,0.04,0.09077252127417425
3.9419999999997875,0.19009568447238742,33.5022934121296,0.15762477221374113,1.3056090231842217,0.03774191496698414,8.0,0.04,0.09007363401875282
3.9519999999997864,0.18945972211986817,33.58851217356392,0.15753629157492943,1.3056938826315574,0.038226603380754356,8.0,0.04,0.0893713310981728
3.9619999999997852,0.18882451946677722,33.67466572784394,0.15744472772358675,1.305783951514623,0.038708479627958016,8.0,0.04,0.0886657020396658
3.971999999999784,0.1881901260282861,33.760752729649724,0.15735004040021403,1.305879613495261,0.039186919884306864,8.0,0.04,0.08795683697634556
3.981999999999783,0.187556593101758,33.84677180815979,0.15725220620068517,1.3059812380266447,0.03966121926577989,8.0,0.04,0.08724482662120518
3.991999999999782,0.18692397368618785,33.93272157478666,0.15715121268675944,1.3060891790515894,0.0401306132080137,8.0,0.04,0.08652976224136874
4.001999999999781,0.18629232244471597,34.018600628168414,0.15704705419091744,1.3062037739937737,0.0405942924807912,8.0,0.04,0.08581173563243887
4.01199999999978,0.18566169569787708,34.104407557194406,0.1569397288347727,1.3063253429521493,0.04105141405074702,8.0,0.04,0.08509083909285584
4.021999999999779,0.18509168289551295,34.17507855477199,0.10263206295969758,1.3059717036626701,0.015885904332811375,8.0,0.04,0.08443950269114464
4.031999999999778,0.18496555239185794,34.19772676353726,0.06527532631882628,1.3062933684554405,0.02995056358786893,8.0,0.04,0.08407922217980454
4.041999999999777,0.18524448262449114,34.19147489490028,0.0692014088765732,1.3105674475365965,0.9371275074195874,8.0,0.04,0.08375903130856224
4.051999999999776,0.1857816616130313,34.17092393925146,0.07564031562591567,1.317895445433759,2.6926711746659873,8.0,0.04,0.08339956561149177
4.061999999999775,0.1864683829356541,34.14450025009879,0.07752675601545612,1.3269482726795687,3.784553091520723,8.0,0.04,0.08299607157737189
4.071999999999774,0.18723586518438404,34.11666389326946,0.07655352726692694,1.3299451272809146,4.379852614346175,8.0,0.04,0.08255918298508742
4.0819999999997725,0.1880388543974701,34.089753704367745,0.07438943231351097,1.3285990530024065,4.710522710110338,8.0,0.04,0.08210276889901101
4.091999999999771,0.18884957947246203,34.064829779774335,0.072239033977846,1.327225119121195,4.092220455686594,8.0,0.04,0.0816373053239644
4.10199999999977,0.18965416447447947,34.04219471711809,0.07055033906157067,1.3257255458496884,3.4427541232472447,8.0,0.04,0.08116878940895644
4.111999999999769,0.19044663206617327,34.02178392695793,0.06939648125754337,1.3240361786995711,2.866137341781391,8.0,0.04,0.08070068691896676
4.121999999999768,0.19122530060538537,34.003374389541534,0.06870715738225924,1.3181101465863374,2.5219177918293543,8.0,0.04,0.08023497370135546
4.131999999999767,0.19199081197705026,33.98668054404956,0.06836575970174515,1.3105181857755315,2.252689157985624,8.0,0.04,0.07977284878895072
4.141999999999766,0.19274477455039302,33.97143402205501,0.06823486939664239,1.303183761859671,1.9064792632112535,8.0,0.04,0.07931486823112206
4.151999999999765,0.19348891187380596,33.957408136926865,0.06821844473861925,1.2960447825216028,1.6311195492316921,8.0,0.04,0.0788612091623274
4.161999999999764,0.19422476771417488,33.94441666083347,0.06825438238141603,1.2890536332874758,1.410627537813365,8.0,0.04,0.07841189658893112
4.171999999999763,0.1949536230728234,33.93230833979044,0.06830415722675585,1.2821745333988674,1.2325314575363162,8.0,0.04,0.07796689436148761
4.1819999999997615,0.19567649674132845,33.92096063629275,0.06834473312771344,1.275381095991826,1.0874069896240453,8.0,0.04,0.07752614400847556
4.19199999999976,0.19639417706739795,33.91027397163509,0.06836294878290218,1.2686542733040775,0.9681630369221552,8.0,0.04,0.07708958194463829
4.201999999999759,0.19710726227935743,33.900166865278706,0.0683518197375,1.261980692038705,0.8694323867868837,8.0,0.04,0.07665714691843939
4.211999999999758,0.19781619958025354,33.890572012643396,0.06830816768384655,1.2553513311897215,0.787112391160691,8.0,0.04,0.07622878282738536
4.221999999999757,0.1985213191692909,33.88143320389206,0.06823112373221303,1.2487604832168928,0.7180317566094714,8.0,0.04,0.07580443932433371
4.231999999999756,0.19922286216301238,33.87270294327123,0.06812119211791785,1.242204942800024,0.6597113582909524,8.0,0.04,0.07538407142382511
4.241999999999755,0.19992100267839444,33.864340627875535,0.06797966806821353,1.2356833754824101,0.6101923782216422,8.0,0.04,0.07496763872149718
4.251999999999754,0.20061586486124647,33.85631116119903,0.06780827765283072,1.2291958273122867,0.567911984264692,8.0,0.04,0.07455510453069242
4.261999999999753,0.20130753578007296,33.84858389851074,0.06760895615975022,1.2227433445625193,0.5316124965509004,8.0,0.04,0.07414643507690166
4.2719999999997516,0.20199607506055553,33.84113184238453,0.06738371273192889,1.2163276792757538,0.5002742249653833,8.0,0.04,0.07374159880502414
4.2819999999997505,0.20268152201640433,33.83393102533028,0.0671345486806433,1.2099510617436444,0.47306516213712524,8.0,0.04,0.07334056581118402
4.291999999999749,0.20336390089370782,33.826960031764735,0.06686340920153833,1.203616025243975,0.4493027989405744,8.0,0.04,0.07294330739070548
4.301999999999748,0.20404322471450828,33.820199623627154,0.06657215588359555,1.1973252716376352,0.4284247626371345,8.0,0.04,0.07254979568598027
4.311999999999747,0.20471949809203302,33.81363244322144,0.06626255216063219,1.1910815689567875,0.4099659601168688,8.0,0.04,0.0721600034163277
4.321999999999746,0.20539271929756708,33.8072427738565,0.06593625680855471,1.1848876740753853,0.39354058361188216,8.0,0.04,0.07177390367321325
4.331999999999745,0.2060628817862454,33.8010163440582,0.06559482242387504,1.178746275053219,0.3788278004288759,8.0,0.04,0.07139146976658194
4.341999999999744,0.20672997533331508,33.79494016494467,0.0652396969588868,1.1726599489211542,0.36556027151527964,8.0,0.04,0.0710126751106685
4.351999999999743,0.2073939868905616,33.78900239315105,0.06487222709796579,1.1666311315714974,0.35351486827766926,8.0,0.04,0.07063749314006858
4.361999999999742,0.20805490124161435,33.78319221371316,0.0644936627038328,1.1606620971292214,0.34250511763356023,8.0,0.04,0.07026589724890586
4.3719999999997405,0.20871270194251365,33.77749964979517,0.06410529751838073,1.1547549415197753,0.332375102782288,8.0,0.04,0.06989786124838195
4.381999999999739,0.20936737382429804,33.771915407145855,0.0637081813807213,1.1489115685453553,0.3229955316815933,8.0,0.04,0.06953335987842693
4.391999999999738,0.21001890072025572,33.766431098723565,0.06330317929457348,1.1431337026805757,0.3142575064732684,8.0,0.04,0.06917236593138791
4.401999999999737,0.21066726382451015,33.76103914665097,0.06289116242811203,1.1374228880879387,0.30606799704432547,8.0,0.04,0.06881485155582134
4.411999999999736,0.21131244248120518,33.755732653817894,0.06247296995317342,1.1317804899209782,0.2983491015499168,8.0,0.04,0.06846078895673002
4.421999999999735,0.21195441512395358,33.75050531096407,0.06204938905058552,1.1262076981576639,0.29103593164462893,8.0,0.04,0.06811015042627182
4.431999999999734,0.21259315992556205,33.745351328570514,0.06162114835595689,1.1207055329022917,0.28407437541985214,8.0,0.04,0.06776290826764245
4.441999999999733,0.21322865519345072,33.74026538417761,0.06118891832977963,1.1152748509357346,0.27741922150267895,8.0,0.04,0.06741903473275562
4.451999999999732,0.21386087960377628,33.73524257924492,0.060753314488490126,1.1099163532238332,0.27103264331070226,8.0,0.04,0.06707850198717928
4.461999999999731,0.2144898123432066,33.73027840219956,0.06031490150713726,1.1046305930716018,0.26488296899944075,8.0,0.04,0.06674128209530422
4.4719999999997295,0.2151154331996572,33.7253686958137,0.05987419735609208,1.0994179846452747,0.2589436721035271,8.0,0.04,0.06640734701803502
4.481999999999728,0.2157377226247939,33.72050962786093,0.0594316771742795,1.094278811642428,0.2531925353570322,8.0,0.04,0.06607666861779177
4.491999999999727,0.2163566617803899,33.71569766443438,0.05898777680694268,1.0892132359449138,0.24761095336126795,8.0,0.04,0.06574921866766728
4.501999999999726,0.21697223257476111,33.71092954554056,0.05854289601809687,1.084221306133426,0.24218334861435298,8.0,0.04,0.06542496886294857
4.511999999999725,0.21758441769242728,33.706202262699726,0.05809740141117448,1.0793029657814657,0.236896680968981,8.0,0.04,0.06510389083395306
4.521999999999724,0.2181932006185662,33.70151303835628,0.05765162909272314,1.0744580614653048,0.2317400351952938,8.0,0.04,0.06478595615958109
4.531999999999723,0.2187985656590372,33.69685930693696,0.05720588710957877,1.0696863504528988,0.226704273608373,8.0,0.04,0.06447113638121767
4.541999999999722,0.21940049795636812,33.692238698328325,0.05676045569729056,1.0648706641135248,0.22189459588019997,8.0,0.04,0.0641594030167545
4.551999999999721,0.21999899475155762,33.687649263304664,0.056315124328598955,1.0549262380960964,0.45286878925278234,8.0,0.04,0.06385072520824042
4.56199999999972,0.2205940620254635,33.683089455488606,0.05587007994909513,1.0451795077939037,0.4411490368873845,8.0,0.04,0.06354507198468781
4.5719999999997185,0.2211856817027749,33.678557618576555,0.0554259484175086,1.0356265281693964,0.429748183798033,8.0,0.04,0.06324241762375983
4.581999999999717,0.22177383737278264,33.67405209516227,0.05498301965318037,1.026263384436751,0.4186567728281411,8.0,0.04,0.0629427351668383
4.591999999999716,0.2223585157618679,33.669571288510724,0.054541485322879585,1.017086195354597,0.40786581166982616,8.0,0.04,0.06264599685967967
4.601999999999715,0.22293970558926987,33.66511368562315,0.05410150670625507,1.008091129548197,0.3973656435101969,8.0,0.04,0.062352174660799106
4.611999999999714,0.22351739697471942,33.66067786346875,0.053663229269739196,0.999274412912498,0.3871467192630046,8.0,0.04,0.062061240447654195
4.621999999999713,0.2240915811543471,33.65626248784768,0.05322678649757254,0.9906323320580168,0.3771998804110945,8.0,0.04,0.061773166107489244
4.631999999999712,0.22466225033487075,33.65186630912244,0.05279230117759684,0.9821612359999917,0.3675164353010949,8.0,0.04,0.06148792358415278
4.641999999999711,0.22522939761197214,33.647488156725196,0.05235988605263613,0.9738575369783734,0.3580881600104862,8.0,0.04,0.06120548490624702
4.65199999999971,0.22579301691960824,33.6431269333251,0.05192964435477404,0.9657177108088735,0.34890727146715134,8.0,0.04,0.060925822206536195
4.661999999999709,0.22635310299449782,33.63878160906991,0.05150167034977511,0.9577382969603511,0.33996639150944397,8.0,0.04,0.06064890773686492
4.6719999999997075,0.22690965134795615,33.634451216091705,0.05107604990488209,0.9499158984596171,0.33125850970072174,8.0,0.04,0.06037471388057897
4.681999999999706,0.22746265824111453,33.630134843359606,0.05065286106466374,0.9422471816779884,0.3227769480758403,8.0,0.04,0.060103213163435434
4.691999999999705,0.22801212066152457,33.625831631902805,0.05023217461806713,0.9347288760287692,0.31451532916944347,8.0,0.04,0.05983437826350805
4.701999999999704,0.22855803630014324,33.62154077040581,0.04981405464438711,0.9273577735943319,0.3064675475145222,8.0,0.04,0.05956818202035537
4.711999999999703,0.22910040352824115,33.61726149115801,0.04939855903069907,0.9201307286920719,0.29862774464373215,8.0,0.04,0.05930459744360445
4.721999999999702,0.22963922137403342,33.61299306633911,0.0489857399573538,0.9130446573883478,0.2909902871683461,8.0,0.04,0.05904359772102636
4.731999999999701,0.23017448949900166,33.6087348046173,0.048575644350340355,0.9060965369637316,0.2835497477886464,8.0,0.04,0.05878515622615955
4.7419999999997,0.23070620817393678,33.60448604803615,0.048168314300949075,0.8992834053341197,0.2763008887852501,8.0,0.04,0.05852924652550678
4.751999999999699,0.23123437825476484,33.60024616916919,0.04776378745417101,0.8926023604338951,0.26923864751591053,8.0,0.04,0.05827584238532728
4.761999999999698,0.23175900115824816,33.59601456852067,0.0473620973673689,0.8860505595608043,0.2623581240310974,8.0,0.04,0.0580249177780409
4.7719999999996965,0.2322800788376381,33.59179067215218,0.04696327384123007,0.8796252186883936,0.2556545701293703,8.0,0.04,0.05777644688825921
4.781999999999695,0.23279777278059696,33.58757815712143,0.04655704703962917,0.873322546620694,0.24920841463464868,8.0,0.04,0.05753036503917476
4.791999999999694,0.2333136691038274,33.583403631621536,0.046104173064521276,0.8671306356509246,0.2436390659170452,8.0,0.04,0.0572863467624818
4.801999999999693,0.23382635483920242,33.57926315247502,0.045673877385227074,0.8610579977261973,0.23738300127350154,8.0,0.04,0.05704478088854567
4.811999999999692,0.2343352610552824,33.57514429220221,0.045266797640617355,0.8551050044337593,0.23108268600968154,8.0,0.04,0.05680571539314824
4.821999999999691,0.23484035828325925,33.57103742384929,0.044874472871144995,0.8492683559814437,0.22499555689129924,8.0,0.04,0.056569081652149515
4.83199999999969,0.23534172470192596,33.56693656769114,0.044490877867799636,0.8435444662129014,0.21913865543559002,8.0,0.04,0.05633480990149664
4.841999999999689,0.23583943826442696,33.56283838298055,0.044112637929811876,0.8379301067264822,0.21348587785516365,8.0,0.04,0.05610284609208662
4.851999999999688,0.23633355549867816,33.55874111394512,0.04373809787725099,0.8324224283134791,0.20801064875489653,8.0,0.04,0.05587314944544428
4.861999999999687,0.23682411348371107,33.5546438599832,0.04336654874434927,0.8270188627100579,0.20269361631670307,8.0,0.04,0.05564568767578613
4.8719999999996855,0.23731113598450074,33.55054614067286,0.0429977498958083,0.8217170310650037,0.1975218662704003,8.0,0.04,0.05542043338181317
4.881999999999684,0.23779463870190506,33.54644765879135,0.04263166905003824,0.8165146811431381,0.19248680756039577,8.0,0.04,0.05519736182298083
4.891999999999683,0.23827463283378092,33.54234818081792,0.042268352717916784,0.8114096490798962,0.18758244430568,8.0,0.04,0.05497644967346023
4.901999999999682,0.23875112725008163,33.538247482014945,0.04190786697312424,0.8063998375858858,0.18280424580237362,8.0,0.04,0.05475767436800728
4.911999999999681,0.23922412973629065,33.534145324806836,0.041550273420653004,0.8014832040659132,0.17814847812796558,8.0,0.04,0.05454101377930749
4.92199999999968,0.2396936476664193,33.530041453161914,0.04119562153064584,0.7966577543310666,0.17361183309986053,8.0,0.04,0.05432644607115482
4.931999999999679,0.24015968848929345,33.52593559654707,0.04084394156029069,0.791921538514384,0.16919128724600874,8.0,0.04,0.05411394960807381
4.941999999999678,0.24062225984570274,33.52182747394981,0.040495255133995926,0.7872726498750007,0.1648839068261002,8.0,0.04,0.05390350296942365
4.951999999999677,0.24108136912747272,33.51771679032178,0.04014958910419873,0.782709226322973,0.160686673904341,8.0,0.04,0.053695085046004384
4.961999999999676,0.24153702387980674,33.513603241338984,0.03980695910265107,0.7782294470293205,0.1565968116539579,8.0,0.04,0.053488674937734
4.9719999999996745,0.2419892318969937,33.50948651866375,0.039467371545904,0.7738315313804228,0.152611624714474,8.0,0.04,0.05328425195289087
4.981999999999673,0.24243800118593484,33.505366313461636,0.03913082733902772,0.7695137386556897,0.14872845475024665,8.0,0.04,0.053081795631200204
4.991999999999672,0.24288333991631936,33.501242318463206,0.03879732424692023,0.7652743676402053,0.14494468425674994,8.0,0.04,0.05288128576147248
5.001999999999671,0.2433252563804189,33.49711422910714,0.0384668581972873,0.7611117560854385,0.14125774511139413,8.0,0.04,0.05268270239211341
5.01199999999967,0.24376375896323488,33.492981744157305,0.038139423961581785,0.7570242800611763,0.137665124330463,8.0,0.04,0.05248602583684838
5.021999999999669,0.24419885611998243,33.48884456602996,0.03781501550976822,0.7530103532431033,0.13416436711166552,8.0,0.04,0.05229123667768213
5.031999999999668,0.24463055635823241,33.48470240096332,0.03749362620263472,0.7490684261694395,0.13075307789243112,8.0,0.04,0.052098315766319264
5.041999999999667,0.24505886822301123,33.480554959102314,0.037175248904603234,0.7451969854830228,0.12742892045755158,8.0,0.04,0.05190724422470981
5.051999999999666,0.24548380028381195,33.476401954535724,0.036859876057599196,0.741394553171371,0.12418961735072671,8.0,0.04,0.05171800344507686
5.0619999999996645,0.24590536112294542,33.47224310530815,0.03654749973487535,0.7376596858096282,0.12103294903819367,8.0,0.04,0.05153057508961713
5.0719999999996634,0.24632355932490227,33.46807813341925,0.03623811168391456,0.733990973810866,0.11795675284299048,8.0,0.04,0.05134494108996099
5.081999999999662,0.2467384034665179,33.46390676481441,0.03593170336226783,0.7303870406836116,0.11495892191637339,8.0,0.04,0.051161083646458015
5.091999999999661,0.24714990210784157,33.459728729373694,0.0356282659686091,0.7268465423012229,0.11203740398561539,8.0,0.04,0.050978985227316115
5.10199999999966,0.24755806378362827,33.45554376089897,0.03532779046987537,0.7233681661811443,0.10919020023480588,8.0,0.04,0.05079862856761071
5.111999999999659,0.24796289699540183,33.451351597102594,0.03503026762517359,0.7199506307756419,0.10641536412073348,8.0,0.04,0.050619996668183384
5.121999999999658,0.2483644102040558,33.44715197959683,0.03473568800686938,0.7165926847747691,0.10371100017811907,8.0,0.04,0.05044307279443888
5.131999999999657,0.24876261182295772,33.44294465388543,0.034444042019190727,0.713293106420956,0.10107526286928677,8.0,0.04,0.05026784047504474
5.141999999999656,0.2491575102115358,33.43872936935682,0.03415531991456499,0.7100507028359362,0.09850635542787516,8.0,0.04,0.05009428350054686
5.151999999999655,0.2495491136693289,33.43450587928017,0.03386951180801832,0.70686430936074,0.09600252867436948,8.0,0.04,0.04992238592190283
5.1619999999996535,0.24993743043046945,33.43027394080273,0.033586607689730534,0.7037327889069542,0.09356207995233638,8.0,0.04,0.049752132048937386
5.171999999999652,0.2503224686585979,33.426033314949535,0.0333065974360182,0.7006550313214377,0.09118335195835453,8.0,0.04,0.049583506448729615
5.181999999999651,0.2507042364421791,33.42178376662502,0.0330294708188425,0.6976299527632928,0.08886473165872984,8.0,0.04,0.049416493943930835
5.19199999999965,0.2510827417902083,33.41752506461516,0.03275521751403815,0.6946564950928117,0.08660464923413946,8.0,0.04,0.049251079611022264
5.201999999999649,0.2514579926282976,33.41325698159235,0.03248382710833743,0.6917336252737862,0.08440157696674618,8.0,0.04,0.04908724877851035
5.211999999999648,0.25182999679511786,33.40897929412002,0.03221528910534643,0.6888603347869111,0.08225402825540658,8.0,0.04,0.04892498702507082
5.221999999999647,0.2521987620391999,33.40469178265917,0.03194959293054482,0.6860356390563459,0.08016055654876807,8.0,0.04,0.048764280177635455
5.231999999999646,0.2525642960160554,33.40039423157466,0.031686727935437434,0.6832585768882313,0.07811975434052716,8.0,0.04,0.0486051143094373
5.241999999999645,0.25292660628563385,33.39608642914224,0.03142668340089587,0.6805282099208794,0.07613025219812337,8.0,0.04,0.0484474757380001
5.251999999999644,0.25328570031008574,33.391768167555895,0.03116944853977869,0.677843622086959,0.07419071779140622,8.0,0.04,0.04829135102309199
5.2619999999996425,0.2536415854518205,33.38743924293493,0.03091501249889978,0.6752039190872472,0.07229985494364476,8.0,0.04,0.0481367269646346
5.271999999999641,0.25399426897185556,33.38309945533062,0.03066336436044925,0.6726082278765874,0.07045640267453555,8.0,0.04,0.047983590600574784
5.28199999999964,0.2543437580284395,33.37874860873313,0.030414493142844157,0.6700556961603338,0.06865913432951161,8.0,0.04,0.04783192920471932
5.291999999999639,0.2546900596759414,33.37438651107775,0.030168387801086927,0.6675454919025102,0.06690685666626979,8.0,0.04,0.04768173028453737
5.301999999999638,0.2550331808639945,33.370012974249406,0.02992503722671881,0.665076802844933,0.06519840898598259,8.0,0.04,0.04753298157892776
5.311999999999637,0.25537312843688076,33.36562781408801,0.029684430247374327,0.6626488360371249,0.06353266228129974,8.0,0.04,0.047385671055958034
5.321999999999636,0.25570990913315494,33.361230850392054,0.029446555625982907,0.6602608173772148,0.06190851839104447,8.0,0.04,0.047239786910576814
5.331999999999635,0.2560435295854873,33.35682190692083,0.029211402059636557,0.6579119911629113,0.060324909202306716,8.0,0.04,0.047095317562296145
5.341999999999634,0.25637399632072844,33.352400811396436,0.028978958178207892,0.6556016196528689,0.05878079584827367,8.0,0.04,0.046952251652851336
5.351999999999633,0.2567013157601686,33.34796739550429,0.028749212542709263,0.6533289826386807,0.05727516791100026,8.0,0.04,0.04681057804383753
5.3619999999996315,0.25702549422000665,33.343521494891995,0.02852215364340908,0.6510933770259814,0.05580704269352106,8.0,0.04,0.04667028581432222
5.37199999999963,0.25734653791199824,33.33906294916774,0.028297769897824232,0.6488941164264164,0.05437546443089082,8.0,0.04,0.04653136425843931
5.381999999999629,0.2576644529442852,33.33459160189685,0.02807604964845249,0.6467305307575257,0.05297950363565627,8.0,0.04,0.046393802882964304
5.391999999999628,0.2579792453223983,33.33010730059705,0.027856981160473315,0.6446019658540808,0.0516182563014802,8.0,0.04,0.04625759140486993
5.401999999999627,0.25829092095042394,33.32560989673303,0.027640552619255198,0.6425077830866958,0.05029084329277861,8.0,0.04,0.046122719748866135
5.411999999999626,0.25859948563232066,33.3210992457085,0.027426752127812863,0.6404473589906782,0.04899640962192071,8.0,0.04,0.04598917804492461
5.421999999999625,0.25890494507339,33.31657520685794,0.02721556770418641,0.6384200849031779,0.04773412381123628,8.0,0.04,0.045856956625787836
5.431999999999624,0.2592073048818865,33.3120376434369,0.02700698727877362,0.6364253666090411,0.04650317725176541,8.0,0.04,0.04572604602446617
5.441999999999623,0.25950657057075566,33.30748642261012,0.026800998691630624,0.6344626239952053,0.04530278357442033,8.0,0.04,0.04559643697172064
5.451999999999622,0.25980274755950905,33.30292141543898,0.02659758968975277,0.6325312907130499,0.04413217805374455,8.0,0.04,0.045468120393537315
5.4619999999996205,0.26009584117620826,33.29834249686805,0.026396747924399205,0.6306308138493447,0.04299061699615727,8.0,0.04,0.0453410874085855
5.471999999999619,0.26038585665957314,33.293749545709495,0.026198460948406416,0.6287606536047909,0.04187737717353336,8.0,0.04,0.04521532932567194
5.481999999999618,0.26067279916407515,33.289142444752116,0.026002716129650712,0.6269202829684641,0.04079175581839819,8.0,0.04,0.04509083764041799
5.491999999999617,0.26095667387767624,33.284521082783705,0.02580949463290537,0.6251091869931811,0.03973308941262819,8.0,0.04,0.04496760400651012
5.501999999999616,0.26123748587550955,33.27988535278948,0.025618781802661146,0.6233268632283322,0.03870070068502906,8.0,0.04,0.04484562028094592
5.511999999999615,0.26151524001247267,33.27523514948524,0.02543056964948453,0.6215728216635896,0.03769391832036989,8.0,0.04,0.044724878532165536
5.521999999999614,0.2617899410600167,33.27057037013641,0.02524484861107815,0.6198465837845629,0.036712117242716454,8.0,0.04,0.04460537099772987
5.531999999999613,0.2620615937329459,33.26589091529914,0.02506160725541136,0.6181476822525757,0.03575469202091862,8.0,0.04,0.044487090080002664
5.541999999999612,0.26233020268819135,33.26119668919909,0.02488083296576768,0.6164756607074997,0.03482105141034059,8.0,0.04,0.044370028347906855
5.551999999999611,0.26259577252180466,33.25648759987501,0.024702512467185637,0.6148300735574292,0.033910618496688756,8.0,0.04,0.044254178537448535
5.5619999999996095,0.26285830776812563,33.25176355920314,0.024526632128226637,0.613210485748382,0.03302283120841184,8.0,0.04,0.04413953355072211
5.571999999999608,0.2631178129007453,33.24702448287191,0.02435317811430255,0.6116164725247588,0.03215714245942129,8.0,0.04,0.044026086454012604
5.581999999999607,0.26337429233449633,33.2422702903362,0.024182136458939782,0.6100476191872964,0.03131302004666063,8.0,0.04,0.043913830475455704
5.591999999999606,0.2636277504279869,33.23750090476829,0.02401349309346654,0.6085035208549096,0.0304899463195607,8.0,0.04,0.04380275900249957
5.601999999999605,0.26388019156863946,33.232734716877495,0.023363155245581666,0.6069025429648147,0.03250202676817346,8.0,0.04,0.04369287345123403
5.611999999999604,0.26414782390464525,33.228363492329706,0.022035105799620584,0.6043272997549294,0.14647333737570795,8.0,0.04,0.04358769685858017
5.621999999999603,0.2644064905918813,33.224630229486486,0.021585738504842193,0.6013772085087725,0.2592655394211144,8.0,0.04,0.04349143926957716
5.631999999999602,0.2646479556484906,33.221398120862844,0.021511285217901827,0.5984758759622549,0.27998425856135917,8.0,0.04,0.043402583660768414
5.641999999999601,0.2648739722832458,33.218483067177786,0.021517507125769476,0.5957444471456175,0.25943550772518365,8.0,0.04,0.04331894148440066
5.6519999999996,0.2650879575775338,33.2157477806083,0.02149862836248788,0.5931975529280858,0.22853753164123652,8.0,0.04,0.04323891979138932
5.6619999999995985,0.2652927373730736,33.21310789001025,0.021434340938024925,0.5908177198209719,0.1989771376975961,8.0,0.04,0.0431615565245688
5.671999999999597,0.26549023364268076,33.21051761421558,0.021332800213248515,0.5885817644230427,0.17384083720940052,8.0,0.04,0.04308632114127438
5.681999999999596,0.26568165235330315,33.20795516445784,0.021207377767720827,0.586468961695263,0.1531834175409722,8.0,0.04,0.04301293478042705
5.691999999999595,0.2658677272767233,33.20541221309243,0.02106924649882636,0.5844627122192854,0.13624306604845893,8.0,0.04,0.04294125255095636
5.701999999999594,0.26604890858095287,33.2028872810608,0.02092606368834809,0.5825501521518296,0.12219792917127273,8.0,0.04,0.04287119545963495
5.711999999999593,0.2662254866628397,33.20038193443504,0.020782542742506627,0.5807213073427778,0.11037282091376739,8.0,0.04,0.04280271391933321
5.721999999999592,0.26639766664225467,33.19789875815321,0.020641353172139006,0.5789683084242511,0.10026077498777171,8.0,0.04,0.042735769466239214
5.731999999999591,0.2665656104519245,33.19544036992951,0.020503874691705188,0.5772847885883774,0.0914932574092852,8.0,0.04,0.04267032634396083
5.74199999999959,0.2667294592945736,33.19300900521761,0.020370723990747217,0.5756654560056998,0.08380390057493194,8.0,0.04,0.04260634815019062
5.7519999999995886,0.26688934486532645,33.190606395111175,0.020242090714857896,0.574105800711942,0.07699840220590144,8.0,0.04,0.04254379691838211
5.7619999999995875,0.26704539518157555,33.18823378819838,0.020117867042596396,0.5726018773806579,0.07093565316772774,8.0,0.04,0.04248263331582926
5.771999999999586,0.26719773785381634,33.18589207427716,0.019997877812474255,0.5711501142428521,0.06551918602958011,8.0,0.04,0.04242281783578085
5.781999999999585,0.2673464933982584,33.18358181057864,0.019882098671156843,0.5697474026442695,0.06064563018360637,8.0,0.04,0.042364310857670194
5.791999999999584,0.2674917794040999,33.181303231168826,0.019770352918370687,0.568390974753627,0.05623751311243303,8.0,0.04,0.04230707213276451
5.801999999999583,0.2676337125183689,33.1790563315652,0.019662411385807377,0.5670782963336043,0.05224026306515434,8.0,0.04,0.04225106143187904
5.811999999999582,0.2677724077128327,33.176840948673714,0.0195580523437629,0.5658070243106988,0.048610126723523266,8.0,0.04,0.042196239219549764
5.821999999999581,0.2679079773265461,33.174656817726735,0.019457077061030725,0.5645749850077293,0.04530967916839758,8.0,0.04,0.04214256706408322
5.83199999999958,0.26804053040139403,33.17250360947559,0.019359309439442432,0.5633801590519112,0.04230600308631658,8.0,0.04,0.04209000783976741
5.841999999999579,0.26817017231512863,33.17038095383883,0.0192645916715573,0.5622206686936082,0.039569812761516804,8.0,0.04,0.04203852580457441
5.8519999999995775,0.2682970046235263,33.168288454954094,0.019172779959832246,0.561094766327884,0.03707492819074907,8.0,0.04,0.041988086610095905
5.861999999999576,0.268421125032804,33.16622570092322,0.019083741280085456,0.5600008239190926,0.034797893028838116,8.0,0.04,0.041938657276399734
5.871999999999575,0.26854262744840735,33.16419227029022,0.01899735116416404,0.5589373232623581,0.032717663731127715,8.0,0.04,0.04189020614954499
5.881999999999574,0.26866160206671674,33.16218773648031,0.018913492237426822,0.5579028470520573,0.030815343278622658,8.0,0.04,0.041842702851165876
5.891999999999573,0.26877813548975005,33.16021167093505,0.018832053256435038,0.5568960707207196,0.029073948245028586,8.0,0.04,0.04179611822506972
5.901999999999572,0.2688923108512156,33.15826364538846,0.01875292845962448,0.5559157549988609,0.027478203522431015,8.0,0.04,0.04175042428345204
5.911999999999571,0.2690042079471843,33.156343233552526,0.018676017107796955,0.5549607391397544,0.026014360787519734,8.0,0.04,0.04170559415406966
5.92199999999957,0.2691139033674583,33.1544500123867,0.018601223138048604,0.5540299347515425,0.024670037722377067,8.0,0.04,0.041661602029066616
5.931999999999569,0.26922147062538976,33.15258356306054,0.018528454885613117,0.5531223201809031,0.023434075383254413,8.0,0.04,0.04161842311578962
5.941999999999568,0.2693269802848169,33.15074347168666,0.01845762484708377,0.5522369353957961,0.02229641151358774,8.0,0.04,0.04157603358972613
5.9519999999995665,0.26943050008337616,33.14892932987531,0.018388649469852886,0.5513728773190113,0.021247967875919066,8.0,0.04,0.04153441054961003
5.961999999999565,0.2695320950517629,33.14714073515163,0.018321448959353157,0.5505292955701371,0.020280549823599666,8.0,0.04,0.04149353197466674
5.971999999999564,0.26963182762872606,33.14537729126146,0.018255947099198866,0.549705388575085,0.01938675681841152,8.0,0.04,0.04145337668394864
5.981999999999563,0.2697297577717066,33.14363860839111,0.01819207108172184,0.5489004000088704,0.018559902454806834,8.0,0.04,0.041413924297679594
5.991999999999562,0.2698259430631008,33.14192430331535,0.01812975134735116,0.5481136155406428,0.017793942938816417,8.0,0.04,0.041375155200539235
6.001999999999561,0.2699204388122172,33.14023399949002,0.018068921431924737,0.5473443598506655,0.01708341314413253,8.0,0.04,0.04133705050679332
6.01199999999956,0.2700132981529765,33.138567327098905,0.018009517821471293,0.5465919938959576,0.016423369234871275,8.0,0.04,0.041299592027187824
6.021999999999559,0.27010457213748895,33.136923923063186,0.017951479814004717,0.5458559124002211,0.015809337261765827,8.0,0.04,0.04126276223751656
6.031999999999558,0.27019430982561005,33.13530343102254,0.017894749388002496,0.5451355415481562,0.01523726701252627,8.0,0.04,0.041226544248787446
6.041999999999557,0.2702825583706141,33.13370550129221,0.017839271077329997,0.5444303368653091,0.014703490557397478,8.0,0.04,0.04119092177889155
6.0519999999995555,0.27036936310111975,33.13212979080028,0.017784991852311197,0.5437397812672156,0.014204684989940423,8.0,0.04,0.04115587912571325
6.061999999999554,0.27045476759941045,33.130575963011744,0.017731861006662065,0.543063383262237,0.013737838913992375,8.0,0.04,0.04112140114159029
6.071999999999553,0.27053881377629024,33.129043687838795,0.01767983005006198,0.5424006752949632,0.013300222289155672,8.0,0.04,0.04108747320906286
6.081999999999552,0.27062154194261123,33.12753264154348,0.01762885260601824,0.541751212217404,0.012889359290112474,8.0,0.04,0.04105408121783605
6.091999999999551,0.2707029908776175,33.126042506632096,0.017578884314873217,0.5411145698774463,0.0125030038285723,8.0,0.04,0.04102121154289699
6.10199999999955,0.27078319789423916,33.124572971744556,0.01752988274157362,0.5404903438138958,0.012139117532512645,8.0,0.04,0.04098885102371418
6.111999999999549,0.27086219890146424,33.123123731540375,0.017481807288081633,0.5398781480496413,0.011795849843602955,8.0,0.04,0.04095698694447272
6.121999999999548,0.2709400284639233,33.12169448658068,0.01743461911005665,0.5392776139738236,0.011471520126587366,8.0,0.04,0.04092560701528125
6.131999999999547,0.271016719858805,33.120284943209874,0.01738828103769377,0.5386883893063161,0.011164601466629257,8.0,0.04,0.04089469935429896
6.141999999999546,0.2710923051302247,33.11889481343483,0.0173427575004147,0.5381101371370967,0.010873706090902982,8.0,0.04,0.040864252470737814
6.1519999999995445,0.2711668151411617,33.11752381480508,0.017298014455254106,0.5375425350347633,0.010597572176093181,8.0,0.04,0.04083425524868781
6.161999999999543,0.27124027962307223,33.11617167029223,0.017254019318720164,0.5369852742181679,0.010335051950019368,8.0,0.04,0.0408046969317211
6.171999999999542,0.2713127272232866,33.11483810817068,0.017210740901939612,0.5364380587861141,0.010085100941221904,8.0,0.04,0.04077556710823862
6.181999999999541,0.2713841855502877,33.11352286189883,0.017168149348933952,0.5359006050008422,0.009846768248264462,8.0,0.04,0.04074685569751341
6.19199999999954,0.2714546812169765,33.112225670002026,0.017126216077809824,0.535372640620172,0.0096191877783262,8.0,0.04,0.04071855293639718
6.201999999999539,0.2715242398820035,33.11094627595693,0.017084913724782075,0.5348539042754779,0.009401570278214751,8.0,0.04,0.04069064936665539
6.211999999999538,0.2715928870990384,33.10968443176021,0.017044228172101876,0.5343441388383346,0.009193333030809976,8.0,0.04,0.04066313567977513
6.221999999999537,0.2716606846541934,33.10843985317263,0.017004281069183193,0.533842826492221,0.008999411361480216,8.0,0.04,0.040635995832614374
6.231999999999536,0.2717277082421101,33.10721205647626,0.016964973468201233,0.5333493715739599,0.008819643995235086,8.0,0.04,0.04060921014671439
6.241999999999535,0.27179399598921533,33.106000590146415,0.01692613205493282,0.5328634595921806,0.00864745949733342,8.0,0.04,0.040582766275787274
6.2519999999995335,0.2718595694629613,33.10480511579143,0.016887671602412585,0.5323848893217068,0.008480635796631525,8.0,0.04,0.04055665587205378
6.261999999999532,0.2719244438097104,33.103625373008676,0.016849559422987086,0.5319135008697833,0.008318429838742066,8.0,0.04,0.040530872312997096
6.271999999999531,0.27198863152283936,33.10246114553425,0.016811783439227675,0.5314491513451595,0.008160514661274248,8.0,0.04,0.04050540972674477
6.28199999999953,0.2720521438912596,33.10131224098756,0.016774337676860936,0.5309917062325671,0.008006690241879022,8.0,0.04,0.04048026259938708
6.291999999999529,0.272114991586979,33.10017847999413,0.016737217064392858,0.5305410361110531,0.007856800969062881,8.0,0.04,0.0404554256170611
6.301999999999528,0.272177184918871,33.09905969051739,0.016700415990463336,0.5300970152869972,0.007710710299403186,8.0,0.04,0.040430893600253565
6.311999999999527,0.27223873394910386,33.09795570492633,0.01666392814273208,0.5296595211634924,0.007568292052509845,8.0,0.04,0.04040666147487102
6.321999999999526,0.27229964854933525,33.096866358480945,0.01662774669119616,0.5292284339153039,0.007429427031125647,8.0,0.04,0.04038272425855909
6.331999999999525,0.2723599384289256,33.09579148855403,0.016591864506175016,0.5288036363017922,0.0072940014508264435,8.0,0.04,0.04035907705367333
6.341999999999524,0.27241961314959084,33.094730934238534,0.01655627432938206,0.5283850135449847,0.007161906175038616,8.0,0.04,0.040335715043313014
6.3519999999995225,0.2724786821332822,33.09368453615378,0.01652096889068766,0.5279724532413544,0.00703303623012094,8.0,0.04,0.04031263348881911
6.361999999999521,0.27253715466663564,33.092652136357096,0.01648594098231045,0.5275658452907275,0.006907290515006398,8.0,0.04,0.04028982772800848
6.37199999999952,0.2725950399036783,33.09163357830858,0.016451183503707476,0.5271650818349504,0.006784571584212479,8.0,0.04,0.0402672931737764
6.381999999999519,0.2726523468676652,33.09062870686172,0.016416689487628,0.5267700572023516,0.006664785460842013,8.0,0.04,0.04024502531289294
6.391999999999518,0.27270908445248393,33.089637368267944,0.016382452114373603,0.526380667855269,0.006547841517207857,8.0,0.04,0.04022301970490947
6.401999999999517,0.27276526142386065,33.08865941018584,0.016348464718949025,0.525996812340372,0.006433652318347351,8.0,0.04,0.04020127198111407
6.411999999999516,0.27282088642049024,33.08769468169173,0.016314720793936522,0.5256183912407776,0.006322133506155461,8.0,0.04,0.040179777843528185
6.421999999999515,0.27287596795514363,33.08674303329108,0.016281213989781003,0.5252453071293149,0.006213203700579829,8.0,0.04,0.04015853306392065
6.431999999999514,0.2729305144157785,33.08580431692789,0.01624793811361994,0.524877464523457,0.006106784372290327,8.0,0.04,0.04013753348283414
6.441999999999513,0.2729845340666691,33.08487838599261,0.016214887127225835,0.524514769841512,0.006002799743368523,8.0,0.04,0.04011677500862729
6.4519999999995115,0.2730380350495642,33.08396509532953,0.016182055144437435,0.5241571313595808,0.005901176693189861,8.0,0.04,0.04009625361652516
6.46199999999951,0.27309102538485863,33.08306430124183,0.01614943642830778,0.5238044591699569,0.0058018446582055495,8.0,0.04,0.040075965347679626
6.471999999999509,0.27314351297279205,33.08217586149513,0.016117025388116095,0.5234566651405214,0.005704735535351997,8.0,0.04,0.04005590630823469
6.481999999999508,0.2731955055946635,33.081299635320704,0.016084816576285757,0.523113662875222,0.005609783595889708,8.0,0.04,0.04003607266840785
6.491999999999507,0.27324701091406195,33.08043548341592,0.016052804685286887,0.522775367675264,0.005516925403865219,8.0,0.04,0.04001646066157473
6.501999999999506,0.27329803647811207,33.079583267945544,0.016020984544558796,0.5224416965018517,0.005426099717626338,8.0,0.04,0.03999706658336356
6.511999999999505,0.27334858971873277,33.07874285253959,0.015989351117419323,0.5221125679392513,0.005337247433235193,8.0,0.04,0.0399778867907605
6.521999999999504,0.27339867795390344,33.077914102292894,0.015957899498062447,0.5217879021593955,0.0052503114781617686,8.0,0.04,0.03995891770122439
6.531999999999503,0.2734483083889334,33.077096883761534,0.01592662490855275,0.5214676208868618,0.005165236760844809,8.0,0.04,0.039940155791806174
6.5419999999995015,0.2734974881177534,33.076291064959634,0.015895522695878784,0.5211516473650425,0.0050819700936006774,8.0,0.04,0.03992159759828399
6.5519999999995004,0.2735462241241922,33.07549651535508,0.015864588329089147,0.5208399063231939,0.005000460107964321,8.0,0.04,0.03990323971430137
6.561999999999499,0.2735945232832712,33.07471310586474,0.015833817396442632,0.5205323239441728,0.004920657206241474,8.0,0.04,0.039885078790520265
6.571999999999498,0.2736423923624961,33.073940708848525,0.015803205602640678,0.5202288278331542,0.004842513483930887,8.0,0.04,0.03986711153377726
6.581999999999497,0.27368983802315205,33.073179198103446,0.01577274876608015,0.5199293469867009,0.0047659826875513294,8.0,0.04,0.03984933470625633
6.591999999999496,0.27373686682159776,33.07242844885632,0.015742442816210393,0.5196338117633295,0.004691020124280188,8.0,0.04,0.03983174512466344
6.601999999999495,0.27378348521055756,33.071688337757124,0.015712283790904537,0.5193421538541984,0.004617582630129395,8.0,0.04,0.03981433965941611
6.611999999999494,0.27382969954041764,33.07095874287054,0.015682267833907006,0.5190543062549414,0.004545628499745026,8.0,0.04,0.03979711523383791
6.621999999999493,0.27387551606051697,33.070239543667725,0.015652391192313955,0.5187702032375755,0.004475117448255121,8.0,0.04,0.03978006882336768
6.631999999999492,0.27392094092043284,33.069530621017684,0.015622650214138233,0.5184897803240537,0.004406010538044162,8.0,0.04,0.039763197454770464
6.6419999999994905,0.27396598017127083,33.068831857178026,0.015593041345896001,0.5182129742595785,0.004338270146382097,8.0,0.04,0.03974649820536501
6.651999999999489,0.2740106397669428,33.06814313578537,0.015563561130265233,0.517939722987118,0.004271859911536337,8.0,0.04,0.03972996820225438
6.661999999999488,0.2740549255654424,33.06746434184534,0.015534206203788425,0.5176699656222445,0.004206744686340391,8.0,0.04,0.03971360462157167
6.671999999999487,0.27409884333012025,33.06679536172239,0.015504973294619528,0.5174036424287712,0.004142890496701348,8.0,0.04,0.03969740468772786
6.681999999999486,0.2741423987309495,33.06613608312935,0.015475859220343422,0.5171406947948994,0.004080264488120291,8.0,0.04,0.039681365672676217
6.691999999999485,0.2741855973457806,33.06548639511641,0.01544686088579809,0.5168810652099041,0.0040188349050204455,8.0,0.04,0.03966548489517916
6.701999999999484,0.2742284446616002,33.06484618806014,0.015417975280993403,0.5166246972414291,0.003958571030256195,8.0,0.04,0.03964975972008826
6.711999999999483,0.2742709460757753,33.06421535365203,0.015389199479060152,0.5163715355133774,0.0038994431573042164,8.0,0.04,0.039634187557629805
6.721999999999482,0.27431310689728927,33.06359378488721,0.015360530634217424,0.5161215256841197,0.0038414225540713692,8.0,0.04,0.039618765862703624
6.731999999999481,0.27435493234797576,33.06298137605237,0.015331965979838429,0.5158746144256245,0.0037844814171609435,8.0,0.04,0.03960349213418716
6.7419999999994795,0.27439642756374244,33.06237802271404,0.015303502826503541,0.515630749402584,0.003728592854611189,8.0,0.04,0.03958836391424931
6.751999999999478,0.27443759759578074,33.06178362170652,0.015275138560123715,0.5153898792521915,0.0036737308439284007,8.0,0.04,0.039573378787673426
6.761999999999477,0.2744784474117721,33.06119807111952,0.015246870640133246,0.5151519535648418,0.0036198701878038695,8.0,0.04,0.039558534381187796
6.771999999999476,0.2745189818970893,33.06062127028576,0.015218696597662848,0.5149169228646129,0.003566986507782853,8.0,0.04,0.03954382836280558
6.781999999999475,0.27455920585597593,33.0600531197688,0.015190614033800655,0.5146847385905153,0.0035150561993936963,8.0,0.04,0.03952925844117544
6.791999999999474,0.2745991240127269,33.059493521350255,0.015162620617881003,0.5144553530781425,0.003464056409462375,8.0,0.04,0.039514822364934574
6.801999999999473,0.2746387410128553,33.0589423780168,0.015134714085804775,0.5142287195420128,0.00341396499773225,8.0,0.04,0.039500517922077094
6.811999999999472,0.2746780614242499,33.05839959394811,0.015106892238396275,0.5140047920575883,0.003364760534951898,8.0,0.04,0.039486342939327235
6.821999999999471,0.2747170897383204,33.0578650745037,0.015079152939821953,0.5137835255446583,0.0033164222463924124,8.0,0.04,0.03947229528151946
6.83199999999947,0.2747558303711347,33.05733872620994,0.015051494116004186,0.5135648757502219,0.0032689300169914622,8.0,0.04,0.03945837285099006
6.8419999999994685,0.2747942876645458,33.05682045674747,0.01502391375310969,0.5133487992323327,0.003222264345824297,8.0,0.04,0.03944457358697656
6.851999999999467,0.27483246588730126,33.056310174938055,0.014996409896053296,0.5131352533441662,0.0031764063346470875,8.0,0.04,0.03943089546502095
6.861999999999466,0.2748703692361541,33.055807790731706,0.014968980647039665,0.5129241962181954,0.0031313376645228648,8.0,0.04,0.039417336496386915
6.871999999999465,0.27490800183695013,33.05531321519402,0.014941624164133995,0.5127155867511483,0.0030870405721475833,8.0,0.04,0.03940389472747972
6.881999999999464,0.2749453677457125,33.054826360492896,0.014914338659874111,0.5125093845889417,0.003043497833963063,8.0,0.04,0.039390568239280534
6.891999999999463,0.27498247094970896,33.054347139885536,0.01488712239991088,0.5123055501120227,0.003000692744498691,8.0,0.04,0.039377355146779515
6.901999999999462,0.27501931536851426,33.053875467706014,0.014859973701678492,0.5121040444212699,0.002958609094618216,8.0,0.04,0.03936425359842447
6.911999999999461,0.2750559048550549,33.053411259352096,0.014832890933101712,0.5119048293238807,0.0029172311586975527,8.0,0.04,0.039351261775574145
6.92199999999946,0.27509224319664677,33.05295443127229,0.014805872511313909,0.5117078673197172,0.0028765436778097867,8.0,0.04,0.03933837789195824
6.931999999999459,0.27512833411601545,33.05250490095324,0.01477891690143518,0.5115131215879739,0.00283653183630296,8.0,0.04,0.039325600193147035
6.9419999999994575,0.27516418127231435,33.052062586906885,0.014752022615357109,0.5113205559741313,0.002797181252108395,8.0,0.04,0.03931292695602662
6.951999999999456,0.27519978826212244,33.05162740865756,0.014725188210553557,0.5111301349770487,0.0027584779614314497,8.0,0.04,0.03930035648828417
6.961999999999455,0.2752351586204349,33.05119928672995,0.014698412288933356,0.5109418237365211,0.0027204083982307566,8.0,0.04,0.03928788712789434
6.971999999999454,0.27527029582163637,33.05077814263587,0.014671693495714162,0.5107555880209704,0.002682959388109393,8.0,0.04,0.039275517242623716
6.981999999999453,0.2753052032804744,33.050363898861946,0.014645030518324297,0.5105713942155627,0.002646118124056734,8.0,0.04,0.03926324522952926
6.991999999999452,0.2753398843530068,33.04995647885734,0.01461842208531254,0.5103892093103439,0.0026098721661515947,8.0,0.04,0.039251069514475
7.001999999999451,0.2753743423375472,33.04955580702097,0.014591866965323013,0.5102090008887774,0.0025742094165758255,8.0,0.04,0.039238988551651435
7.01199999999945,0.2754085804755942,33.04916180868995,0.014565363966042038,0.5100307371165375,0.002539118117367997,8.0,0.04,0.03922700082309702
7.021999999999449,0.27544260195275105,33.04877441012671,0.014538911933215345,0.5098543867304132,0.0025045868315420007,8.0,0.04,0.03921510483823772
7.031999999999448,0.2754764098996322,33.048393538507,0.014512509749672425,0.5096799190276338,0.0024706044331374967,8.0,0.04,0.03920329913342075
7.0419999999994465,0.2755100073927599,33.04801912190828,0.014486156334348719,0.5095073038551058,0.0024371601048852314,8.0,0.04,0.03919158227146688
7.051999999999445,0.2755433974554472,33.04765108929734,0.014459850641383717,0.5093365115993519,0.002404243309566732,8.0,0.04,0.03917995284121976
7.061999999999444,0.27557658305866967,33.0472893705189,0.01443359165918668,0.5091675131761506,0.002371843799671692,8.0,0.04,0.039168409457107194
7.071999999999443,0.2756095671219279,33.04693389628349,0.014407378409557844,0.5090002800206894,0.002339951596500696,8.0,0.04,0.039156950758705796
7.081999999999442,0.27564235251409475,33.046584598155995,0.014381209946821905,0.5088347840778574,0.0023085569803800157,8.0,0.04,0.0391455754103184
7.091999999999441,0.27567494205425386,33.04624140854428,0.014355085356973094,0.5086709977926704,0.0022776504904775444,8.0,0.04,0.03913428210054668
7.10199999999944,0.2757073385125272,33.045904260687784,0.014329003756852086,0.508508894101051,0.0022472229052685213,8.0,0.04,0.03912306954188291
7.111999999999439,0.2757395446108896,33.045573088645874,0.014302964293344133,0.5083484464204957,0.0022172652405032154,8.0,0.04,0.03911193647029639
7.121999999999438,0.27577156302397104,33.045247827287184,0.014276966142575126,0.5081896286414096,0.002187768740739112,8.0,0.04,0.03910088164483509
7.131999999999437,0.2758033963798504,33.04492841227817,0.014251008509157845,0.5080324151180261,0.002158724870435822,8.0,0.04,0.039089903847228484
7.1419999999994355,0.2758350472608386,33.0446147800725,0.01422509062542417,0.5078767806599263,0.002130125310415781,8.0,0.04,0.03907900188149484
7.151999999999434,0.27586651820424524,33.04430686789966,0.014199211750705947,0.5077227005237059,0.0021019619404182423,8.0,0.04,0.03906817457356168
7.161999999999433,0.2758978117031425,33.044004613755064,0.014173371170611238,0.5075701504045691,0.0020742268455077586,8.0,0.04,0.039057420770883026
7.171999999999432,0.2759289302071111,33.043707956388644,0.014147568196323002,0.507419106428363,0.0020469122994309155,8.0,0.04,0.039046739342070154
7.181999999999431,0.27595987612297784,33.04341683529502,0.014121802163918245,0.5072695451434605,0.0020200107655126472,8.0,0.04,0.039036129176523625
7.19199999999943,0.275990651815543,33.0431311907026,0.014096072433703576,0.5071214435130998,0.0019935148862295932,8.0,0.04,0.03902558918407014
7.201999999999429,0.27602125960829976,33.0428509635638,0.014070378389565534,0.5069747789078498,0.0019674174736172435,8.0,0.04,0.039015118294610934
7.211999999999428,0.27605170178413585,33.042576095544796,0.014044719438323146,0.506829529097858,0.0019417115168202067,8.0,0.04,0.039004715457768964
7.221999999999427,0.2760819805860319,33.042306529015384,0.014019095009130239,0.5066856722458236,0.0019163901589545728,8.0,0.04,0.0389943796425441
7.2319999999994256,0.27611209821774396,33.042042207039216,0.013993504552853527,0.5065431868995911,0.001891446708787133,8.0,0.04,0.038984109836975395
7.2419999999994245,0.27614205684448273,33.04178307336388,0.013967947541479437,0.5064020519851234,0.001866874624850221,8.0,0.04,0.038973905047806325
7.251999999999423,0.276171858593573,33.04152907241183,0.013942423467549127,0.5062622467997032,0.0018426675131723836,8.0,0.04,0.03896376430015701
7.261999999999422,0.2762015055551128,33.04128014927017,0.013916931843599434,0.5061237510050635,0.0018188191232264522,8.0,0.04,0.03895368663719793
7.271999999999421,0.2762309997826158,33.04103624968169,0.013891472201593539,0.5059865446207293,0.0017953233463924804,8.0,0.04,0.03894367111983424
7.28199999999942,0.27626034329364546,33.04079732003537,0.013866044092398689,0.5058506080174507,0.0017721742057669589,8.0,0.04,0.038933716826393586
7.291999999999419,0.2762895380704438,33.0405633073576,0.013840647085273336,0.5057159219110104,0.0017493658542888403,8.0,0.04,0.038923822852311725
7.301999999999418,0.27631858606054144,33.04033415930278,0.013815280767329689,0.5055824673557194,0.001726892575944433,8.0,0.04,0.03891398830983748
7.311999999999417,0.2763474891773687,33.04010982414456,0.013789944743070093,0.5054502257383267,0.001704748771768487,8.0,0.04,0.03890421232772551
7.321999999999416,0.2763762493008484,33.039890250766916,0.013764638633859924,0.5053191787719998,0.0016829289684657718,8.0,0.04,0.03889449405094885
7.3319999999994145,0.2764048682779853,33.03967538865603,0.013739362077491544,0.5051893084903923,0.0016614278019115233,8.0,0.04,0.03888483264040621
7.341999999999413,0.2764333479234423,33.03946518789082,0.013714114727702658,0.5050605972418654,0.0016402400226810086,8.0,0.04,0.03887522727263908
7.351999999999412,0.27646169002010995,33.039259599135406,0.013688896253724601,0.5049330276836823,0.0016193604915855694,8.0,0.04,0.038865677139551864
7.361999999999411,0.27648989631966686,33.039058573630314,0.013663706339847616,0.5048065827765189,0.0015987841727305955,8.0,0.04,0.03885618144813436
7.37199999999941,0.2765179685431282,33.03886206318429,0.013638544684991715,0.5046812457789485,0.0015785061334723978,8.0,0.04,0.03884673942019405
7.381999999999409,0.27654590838139065,33.03867002016644,0.013613411002271961,0.504557000241912,0.001558521543889466,8.0,0.04,0.0388373502920864
7.391999999999408,0.2765737174957636,33.03848239749818,0.013588305018617807,0.5044338300036777,0.0015388256638321977,8.0,0.04,0.03882801331445576
7.401999999999407,0.27660139751849355,33.038299148645024,0.013563226474342787,0.5043117191844456,0.0015194138553343375,8.0,0.04,0.038818727751973855
7.411999999999406,0.2766289500532816,33.03812022760958,0.01353817512277881,0.5041906521813552,0.0015002815650163978,8.0,0.04,0.03880949288308953
7.421999999999405,0.27665637667579224,33.03794558892331,0.013513150729879698,0.504070613663402,0.0014814243346739002,8.0,0.04,0.03880030799977808
7.4319999999994035,0.276683678934149,33.037775187639184,0.013488153073868048,0.5039515885666922,0.0014628377854176869,8.0,0.04,0.03879117240729409
7.441999999999402,0.27671085834943027,33.03760897932446,0.013463181944848789,0.5038335620893902,0.001444517630769573,8.0,0.04,0.03878208542393261
7.451999999999401,0.27673791641614776,33.037446920052936,0.013438237144485441,0.5037165196872391,0.0014264596585310588,8.0,0.04,0.03877304638079092
7.4619999999994,0.27676485460272665,33.037288966398556,0.013413318485630356,0.5036004470687205,0.0014086597411784745,8.0,0.04,0.03876405462153348
7.471999999999399,0.27679167435197,33.03713507542724,0.013388425792012491,0.5034853301906782,0.0013911138251111433,8.0,0.04,0.03875510950216564
7.481999999999398,0.2768183770815194,33.03698520469098,0.013363558897883359,0.5033711552536062,0.00137381793837173,8.0,0.04,0.038746210390804225
7.491999999999397,0.27684496418430427,33.03683931222019,0.013338717647723923,0.5032579086975644,0.0013567681737916273,8.0,0.04,0.03873735666745902
7.501999999999396,0.2768714370289933,33.036697356517365,0.013313901895913617,0.5031455771975927,0.0013399607039183562,8.0,0.04,0.03872854772381232
7.511999999999395,0.276897796960423,33.03655929655023,0.013289111506442405,0.5030341476597183,0.001323391765538104,8.0,0.04,0.03871978296300413
7.521999999999394,0.27692404530003323,33.036425091745315,0.013264346352603963,0.5029236072165801,0.001307057667878827,8.0,0.04,0.038711061799423
7.5319999999993925,0.27695018334628696,33.03629470198137,0.013239606316710378,0.5028139432235577,0.0012909547824681313,8.0,0.04,0.038702383658497735
7.541999999999391,0.27697621237508613,33.03616808758297,0.013214891289809523,0.5027051432546367,0.0012750795495625872,8.0,0.04,0.038693747976492644
7.55199999999939,0.2770021336401804,33.03604520931442,0.01319020117140907,0.5025971950984722,0.0012594284706937582,8.0,0.04,0.03868515420030853
7.561999999999389,0.27702794837356837,33.035926028373474,0.013165535869213506,0.5024900867546342,0.0012439981089078082,8.0,0.04,0.03867660178728321
7.571999999999388,0.2770536577858898,33.03581050638521,0.013140895298863519,0.5023838064298204,0.0012287850869672301,8.0,0.04,0.03866809020500212
7.581999999999387,0.27707926306681846,33.03569860539603,0.013116279383673147,0.502278342533943,0.001213786088641231,8.0,0.04,0.03865961893110283
7.591999999999386,0.27710476538543777,33.03559028786813,0.013091688054392885,0.5021736836767741,0.0011989978523168309,8.0,0.04,0.03865118745309198
7.601999999999385,0.2771301658906169,33.03548551667317,0.013067121248955035,0.5020698186640942,0.0011844171754529273,8.0,0.04,0.03864279526815901
7.611999999999384,0.2771554657113811,33.035384255086925,0.01304257891225025,0.5019667364943136,0.0011700409084222146,8.0,0.04,0.038634441882995904
7.621999999999383,0.27718066595727087,33.03528646678357,0.013018060995891858,0.5018644263550072,0.001155865954343324,8.0,0.04,0.03862612681361916
7.6319999999993815,0.27720576771869876,33.03519211583017,0.01299356745799274,0.5017628776195107,0.0011418892700764387,8.0,0.04,0.038617849585196574
7.64199999999938,0.27723077206729835,33.03510116668115,0.012969098262943892,0.5016620798435834,0.0011281078644782968,8.0,0.04,0.038609609731873815
7.651999999999379,0.2772556800562666,33.03501358417321,0.012944653381207902,0.501562022762047,0.0011145187953879342,8.0,0.04,0.03860140679660703
7.661999999999378,0.2772804927207017,33.034929333519734,0.012920232789102672,0.501462696285804,0.001101119168534377,8.0,0.04,0.0385932403309965
7.671999999999377,0.2773052110779352,33.03484838030569,0.012895836468615493,0.5013640904984688,0.0010879061388058154,8.0,0.04,0.038585109895123905
7.681999999999376,0.2773298361278568,33.03477069048269,0.012871464407182204,0.5012661956532469,0.0010748769099115133,8.0,0.04,0.03857701505739164
7.691999999999375,0.27735436885323406,33.03469623036381,0.01284711659752012,0.5011690021701476,0.0010620287267764912,8.0,0.04,0.03856895539436808
7.701999999999374,0.2773788102200241,33.03462496661872,0.012822793037424106,0.5010725006327647,0.00104935888328089,8.0,0.04,0.0385609304906289
7.711999999999373,0.2774031611776884,33.0345568662689,0.012798493729588613,0.5009766817853756,0.001036864716179944,8.0,0.04,0.03855293993860935
7.721999999999372,0.2774274226594917,33.03449189668249,0.012774218681432326,0.5008815365301087,0.0010245436055010594,8.0,0.04,0.03854498333845197
7.7319999999993705,0.27745159558279925,33.03443002557025,0.012749967904927863,0.5007870559241978,0.0010123929719083793,8.0,0.04,0.038537060297863315
7.741999999999369,0.27747568084937074,33.03437122098011,0.012725741416429182,0.500693231177009,0.001000410279077534,8.0,0.04,0.038529170431967685
7.751999999999368,0.27749967934564845,33.03431545129338,0.01270153923650478,0.5006000536473997,0.0009885930326896022,8.0,0.04,0.03852131336316496
7.761999999999367,0.27752359194303733,33.03426268521972,0.012677361389784834,0.5005075148411009,0.0009769387748578711,8.0,0.04,0.03851348872099415
7.771999999999366,0.27754741949818396,33.03421289179314,0.012653207904802151,0.5004156064080483,0.0009654450887308913,8.0,0.04,0.03850569614199608
7.781999999999365,0.27757116285324973,33.03416604036719,0.012629078813838061,0.5003243201397294,0.0009541095958061771,8.0,0.04,0.038497935269578246
7.791999999999364,0.27759482283617387,33.03412210061117,0.012604974152786134,0.5002336479667833,0.0009429299526503394,8.0,0.04,0.03849020575388461
7.801999999999363,0.27761840026094065,33.03408104250571,0.012580893960987383,0.5001435819563044,0.0009319038586958967,8.0,0.04,0.03848250725166573
7.811999999999362,0.2776418959278345,33.034042836338436,0.0125568382811133,0.5000541143096137,0.0009210290418443434,8.0,0.04,0.03847483942615128
7.821999999999361,0.2776653106236936,33.03400745270043,0.01253280715902012,0.49996523735975956,0.0009103032699739336,8.0,0.04,0.03846720194692648
7.8319999999993595,0.2776886451221614,33.03397486248179,0.01250880064360933,0.49987694356906925,0.0008997243460102784,8.0,0.04,0.03845959448980815
7.841999999999358,0.2777119001839268,33.03394503686761,0.012484818786715663,0.4997892255270488,0.0008892901036843026,8.0,0.04,0.03845201673672578
7.851999999999357,0.2777350775776636,33.03391794826742,0.012460869370818379,0.49970206895980845,0.0008789857130819217,8.0,0.04,0.03844446820870414
7.861999999999356,0.27775818633965615,33.033893550475234,0.012436980067642826,0.4996154114573203,0.0008687209376899662,8.0,0.04,0.0384369471075154
7.871999999999355,0.27778123082774364,33.033871782113344,0.012413124539757158,0.49952922439524955,0.0008585571874376024,8.0,0.04,0.03842945229037727
7.881999999999354,0.2778042119030399,33.033852599884604,0.012389285557189707,0.4994435013983283,0.0008485379897586678,8.0,0.04,0.038421983365096446
7.891999999999353,0.2778271298079361,33.03383597145582,0.012365458147414533,0.49935823922023176,0.0008386687016755508,8.0,0.04,0.038414540133441345
7.901999999999352,0.2778499845830848,33.033821869616816,0.012341641588894526,0.4992734355343219,0.000828948567410375,8.0,0.04,0.03840712246110267
7.911999999999351,0.2778727761968238,33.03381026963716,0.012317836483229028,0.49918908832901016,0.0008193751370258614,8.0,0.04,0.03839973023608572
7.92199999999935,0.27789550459682627,33.03380114803756,0.01229404378410924,0.4991051956785354,0.0008099454548592978,8.0,0.04,0.03839236335369998
7.9319999999993485,0.2779181697323856,33.03379448199632,0.012270264485087048,0.4990217556475663,0.0008006564583579653,8.0,0.04,0.03838502171071608
7.941999999999347,0.27794077156425906,33.03379024905465,0.012246499529093501,0.4989387662508888,0.0007915051120050662,8.0,0.04,0.03837770520298479
7.951999999999346,0.27796331006886377,33.03378842697045,0.012222749791186052,0.4988562254369892,0.0007824884620608686,8.0,0.04,0.038370413724479226
7.961999999999345,0.2779857852398015,33.03378899364729,0.012199016083348776,0.49877413108296836,0.0007736036516498798,8.0,0.04,0.03836314716695876
7.971999999999344,0.27800819708808594,33.03379192710108,0.012175299164014887,0.49869248099504965,0.0007648479195364688,8.0,0.04,0.03835590541991523
7.981999999999343,0.278030545641761,33.0337972054463,0.012151599746904846,0.49861127291092705,0.0007562186095916248,8.0,0.04,0.038348688370652126
7.991999999999342,0.2780528309452226,33.033804806891595,0.012127918508003922,0.49853050450411857,0.0007477131528213621,8.0,0.04,0.03834149590442624
8.001999999999342,0.27807505305842967,33.03381470974002,0.012104256090693233,0.49845017338789727,0.0007393290752874745,8.0,0.04,0.038334327904607536
8.011999999999345,0.27809721205607396,33.033826892391694,0.012080613109516922,0.49837027711994036,0.0007310639848332203,8.0,0.04,0.03832718425285093
8.021999999999348,0.2781193080267585,33.033841333347446,0.01205699015295133,0.4982908132065268,0.0007229155719997816,8.0,0.04,0.03832006482926413
8.031999999999352,0.27814134107219957,33.03385801121149,0.01203338778550258,0.4982117791068232,0.0007148816012135222,8.0,0.04,0.03831296951257265
8.041999999999355,0.2781633113064591,33.03387690469573,0.012009806549351725,0.4981331722368918,0.0007069599099057579,8.0,0.04,0.03830589818027464
8.051999999999358,0.2781852188552126,33.03389799262215,0.01198624696568961,0.49805498997338693,0.000699148403707495,8.0,0.04,0.03829885070879105
8.061999999999362,0.2782070638550565,33.03392125392625,0.011962709535862289,0.49797722965742824,0.0006914450506024268,8.0,0.04,0.0382918269736062
8.071999999999365,0.27822884645284346,33.03394666765911,0.0119391947423397,0.4978998885976786,0.0006838478837165332,8.0,0.04,0.038284826849402015
8.081999999999368,0.27825056680505755,33.0339742129906,0.011915703049613677,0.4978229640740105,0.000676354988832838,8.0,0.04,0.03827785021018325
8.091999999999372,0.278272225077211,33.034003869210295,0.011892234904993422,0.49774645334033896,0.0006689645100984065,8.0,0.04,0.03827089692939681
8.101999999999375,0.2782938214432825,33.0340356157306,0.011868790739349287,0.49767035362755374,0.0006616746434772138,8.0,0.04,0.03826396688004425
8.111999999999378,0.2783153560851715,33.03406943208745,0.011845370967800119,0.49759466214647285,0.0006544836347919275,8.0,0.04,0.03825705993478787
8.121999999999382,0.27833682919218994,33.03410529794253,0.011821975990367883,0.4975193760902429,0.0006473897763989571,8.0,0.04,0.03825017596605162
8.131999999999385,0.27835824096056744,33.03414319308435,0.011798606192594341,0.4974444926371023,0.0006403914060217383,8.0,0.04,0.03824331484611097
8.141999999999388,0.27837959159299197,33.03418309742936,0.011775261946107993,0.4973700089523869,0.000633486906939149,8.0,0.04,0.03823647644718797
8.151999999999392,0.27840088129816387,33.03422499102318,0.011751943609200847,0.49729592219120977,0.0006266746977287431,8.0,0.04,0.03822966064152967
8.161999999999395,0.2784221102903749,33.03426885404177,0.011728651527328826,0.4972222295001515,0.000619953243911918,8.0,0.04,0.038222867301488266
8.171999999999398,0.2784432787891113,33.0343146667919,0.01170538603362334,0.49714892801950356,0.000613321044264355,8.0,0.04,0.03821609629959447
8.181999999999402,0.2784643870186697,33.03436240971192,0.011682147449381031,0.49707601488514014,0.0006067766332831679,8.0,0.04,0.03820934750862733
8.191999999999405,0.2784854352077952,33.03441206337268,0.011658936084502268,0.49700348723022286,0.0006003185826927684,8.0,0.04,0.03820262080167788
8.201999999999408,0.2785064235893387,33.03446360847778,0.011635752237945855,0.49693134218695334,0.0005939454954078043,8.0,0.04,0.038195916052211516
8.211999999999412,0.27852735239992565,33.03451702586423,0.011612596198133719,0.4968595768881163,0.0005876560085730047,8.0,0.04,0.03818923313412335
8.221999999999415,0.27854822187965045,33.034572296502795,0.011589468243355567,0.49678818846863837,0.0005814487871683838,8.0,0.04,0.038182571921791884
8.231999999999418,0.27856903227177365,33.03462940149797,0.011566368642162672,0.4967171740669927,0.0005753225274619415,8.0,0.04,0.038175932290130075
8.241999999999422,0.27858978382244587,33.034688322088606,0.011543297653713916,0.4966465308265355,0.0005692759544157352,8.0,0.04,0.03816931411462867
8.251999999999425,0.27861047678043616,33.034749039647764,0.011520255528152815,0.49657625589669574,0.0005633078190930261,8.0,0.04,0.03816271727140234
8.261999999999428,0.27863111139688207,33.0348115356831,0.011497242506921888,0.4965063464342987,0.0005574169006102375,8.0,0.04,0.03815614163722912
8.271999999999432,0.2786516879250452,33.034875791836576,0.011474258823095922,0.4964367996045023,0.0005516020027555995,8.0,0.04,0.03814958708958609
8.281999999999435,0.2786722066200853,33.034941789884265,0.01145130470169351,0.496367612582022,0.0005458619534431032,8.0,0.04,0.03814305350668587
8.291999999999438,0.27869266773883916,33.035009511736945,0.011428380359964782,0.49629878255191956,0.0005401956061006117,8.0,0.04,0.03813654076750734
8.301999999999442,0.27871307153961844,33.0350789394392,0.011405486007686476,0.496230306710774,0.0005346018347275641,8.0,0.04,0.038130048751826524
8.311999999999445,0.2787334182820121,33.035150055169716,0.011382621847425885,0.49616218226723785,0.0005290795380548156,8.0,0.04,0.038123577340240404
8.321999999999449,0.2787537082266996,33.03522284124071,0.011359788074803421,0.49609440644311176,0.0005236276349906434,8.0,0.04,0.038117126414198434
8.331999999999452,0.2787739416352771,33.035297280097794,0.011336984878745144,0.49602697647391797,0.0005182450663896261,8.0,0.04,0.03811069585601651
8.341999999999455,0.27879411877009247,33.035373354319525,0.011314212441721023,0.4959598896096989,0.0005129307922815763,8.0,0.04,0.03810428554890565
8.351999999999459,0.27881423989408355,33.035451046617325,0.011291470939977398,0.49589314311559085,0.0005076837930235307,8.0,0.04,0.038097895376986345
8.361999999999462,0.27883430527063147,33.03553033983474,0.01126876054375421,0.49582673427252194,0.0005025030685389371,8.0,0.04,0.03809152522530695
8.371999999999465,0.27885431516341996,33.03561121694719,0.011246081417501592,0.4957606603776791,0.000497387636283911,8.0,0.04,0.03808517497985981
8.381999999999469,0.2788742698362998,33.03569366106136,0.01122343372007441,0.49569491874509203,0.0004923365330295405,8.0,0.04,0.03807884452759467
8.391999999999472,0.27889416955316254,33.035777655414776,0.011200817604936894,0.49562950670615624,0.00048734881161059077,8.0,0.04,0.038072533756428835
8.401999999999475,0.2789140145778233,33.03586318337544,0.011178233220346825,0.49556442160990033,0.0004824235438765787,8.0,0.04,0.038066242555261844
8.411999999999479,0.2789338051739075,33.03595022844092,0.011155680709529462,0.4954996608235734,0.0004775598166072176,8.0,0.04,0.03805997081398168
8.421999999999482,0.27895354160474184,33.03603877423789,0.011133160210856162,0.4954352217330149,0.0004727567332740192,8.0,0.04,0.03805371842347463
8.431999999999485,0.2789732241332571,33.036128804521844,0.011110671858008736,0.49537110174286053,0.000468013413909725,8.0,0.04,0.03804748527563166
8.441999999999489,0.27899285302189164,33.036220303175874,0.011088215780135326,0.49530729827698977,0.00046332899226904324,8.0,0.04,0.038041271263352466
8.451999999999492,0.2790124285325045,33.03631325421071,0.011065792101997455,0.4952438087786862,0.0004587026202508304,8.0,0.04,0.03803507628055519
8.461999999999495,0.27903195092628896,33.036407641763475,0.011043400944129327,0.49518063071097507,0.00045413346084495276,8.0,0.04,0.03802890022217369
8.471999999999499,0.27905142046369436,33.03650345009737,0.011021042422972641,0.49511776155695214,0.00044962069205500696,8.0,0.04,0.038022742984164366
8.481999999999502,0.27907083740435545,33.03660066360062,0.010998716651002704,0.49505519881968635,0.0004451635090766623,8.0,0.04,0.03801660446350629
8.491999999999505,0.27909020200701723,33.036699266786314,0.010976423736868598,0.4949929400226914,0.00044076111612196314,8.0,0.04,0.03801048455820252
8.501999999999509,0.27910951452947347,33.03679924429107,0.010954163785511553,0.49493098270997554,0.0004364127343324876,8.0,0.04,0.03800438316728005
8.511999999999512,0.2791287752285048,33.036900580874914,0.010931936898287435,0.4948693244461316,0.0004321175959429431,8.0,0.04,0.037998300190789286
8.521999999999515,0.27914798435982185,33.03700326141963,0.010909743173083932,0.4948079628166275,0.0004278749452392992,8.0,0.04,0.03799223552980179
8.531999999999519,0.27916714217801014,33.03710727092929,0.010887582704414586,0.49474689542753714,0.00042368404307922104,8.0,0.04,0.03798618908640935
8.541999999999522,0.2791862489364831,33.03721259452828,0.010865455583548934,0.4946861199061188,0.00041954415639858976,8.0,0.04,0.03798016076371935
8.551999999999525,0.27920530488743245,33.03731921746123,0.010843361898599965,0.49462563390045455,0.00041545456895242624,8.0,0.04,0.03797415046585444
8.561999999999529,0.27922431028178574,33.037427125091895,0.010821301734616297,0.49456543507972645,0.0004114145742080551,8.0,0.04,0.037968158097945244
8.571999999999532,0.2792432653691695,33.03753630290266,0.010799275173688824,0.4945055211341697,0.0004074234771406078,8.0,0.04,0.03796218356612776
8.581999999999535,0.2792621703978662,33.037646736493514,0.010777282295037778,0.49444588977513293,0.00040348059355778604,8.0,0.04,0.03795622677753943
8.591999999999539,0.2792810256147835,33.037758411581144,0.01075532317509476,0.4943865387350133,0.0003995852511770901,8.0,0.04,0.037950287640310075
8.601999999999542,0.2792998312654223,33.03787131399874,0.01073339788758786,0.49432746576728603,0.00039573678846062117,8.0,0.04,0.03794436606355901
8.611999999999545,0.27931858759384515,33.0379854296942,0.010711506503626334,0.4942686686465219,0.0003919345526355781,8.0,0.04,0.03793846195739049
8.621999999999549,0.27933729484265263,33.03810074473038,0.010689649091771442,0.49421014516828043,0.0003881779037393289,8.0,0.04,0.03793257523288128
8.631999999999552,0.27935595325295476,33.038217245283505,0.010667825718116372,0.4941518931491889,0.00038446620917723383,8.0,0.04,0.03792670580207986
8.641999999999555,0.279374563064352,33.0383349176427,0.010646036446350822,0.4940939104266528,0.0003807988498049536,8.0,0.04,0.03792085357799542
8.651999999999559,0.2793931245149104,33.038453748209086,0.010624281337840843,0.4940361948590815,0.00037717521208845335,8.0,0.04,0.037915018474591194
8.661999999999562,0.27941163784114753,33.038573723494906,0.01060256045168384,0.49397874432562766,0.0003735946953325399,8.0,0.04,0.037909200406778705
8.671999999999565,0.27943010327801393,33.0386948301231,0.01058087384478091,0.49392155672620275,0.00037005670595410275,8.0,0.04,0.03790339929040562
8.681999999999569,0.27944852105887724,33.0388170548257,0.01055922157188875,0.4938646299812463,0.0003665606619528524,8.0,0.04,0.03789761504225066
8.691999999999572,0.2794668914155096,33.03894038444392,0.010537603685689425,0.4938079620318709,0.00036310598722651024,8.0,0.04,0.037891847580015625
8.701999999999575,0.27948521457807557,33.03906480592651,0.010516020236841448,0.4937515508394846,0.00035969211791810854,8.0,0.04,0.03788609682231223
8.711999999999579,0.27950349077512315,33.039190306329665,0.010494471274036174,0.4936953943860015,0.00035631849491696093,8.0,0.04,0.037880362688659165
8.721999999999582,0.2795217202335733,33.03931687281559,0.010472956844043027,0.4936394906733179,0.00035298457275088755,8.0,0.04,0.03787464509946907
8.731999999999585,0.27953990317871275,33.03944449265233,0.01045147699178052,0.49358383772365183,0.00034968980812562076,8.0,0.04,0.0378689439760407
8.741999999999589,0.2795580398341891,33.03957315321231,0.010430031760338972,0.49352843357905585,0.0003464336718947851,8.0,0.04,0.03786325924054898
8.751999999999592,0.279576130422002,33.03970284197179,0.010408621191057545,0.4934732763014746,0.0003432156383184568,8.0,0.04,0.03785759081603704
8.761999999999595,0.2795941751625064,33.03983354651046,0.010387245323534968,0.4934183639725094,0.0003400351935934637,8.0,0.04,0.0378519386264049
8.771999999999599,0.2796121742744018,33.03996525450979,0.010365904195708325,0.4933636946934234,0.0003368918277125595,8.0,0.04,0.03784630259640228
8.781999999999602,0.27963012797473547,33.04009795375313,0.010344597843872788,0.49330926658484797,0.00033378504138520496,8.0,0.04,0.037840682651616483
8.791999999999605,0.27964803647890013,33.04023163212418,0.010323326302726608,0.4932550777866893,0.0003307143418476383,8.0,0.04,0.03783507871846325
8.801999999999609,0.27966590000063274,33.04036627760678,0.010302089605421798,0.49320112645803565,0.0003276792425281778,8.0,0.04,0.03782949072417897
8.811999999999612,0.27968371875201753,33.040501878283585,0.010280887783589225,0.49314741077697055,0.00032467926657887516,8.0,0.04,0.037823918596808816
8.821999999999615,0.2797014929434867,33.04063842233575,0.010259720867382326,0.49309392894037507,0.0003217139416598778,8.0,0.04,0.03781836226519805
8.831999999999619,0.27971922278382333,33.04077589804186,0.010238588885508484,0.49304067916377303,0.0003187828050641211,8.0,0.04,0.03781282165898036
8.841999999999622,0.27973690848016425,33.04091429377718,0.010217491865271646,0.4929876596813756,0.0003158853976453637,8.0,0.04,0.037807296708571636
8.851999999999626,0.27975455023800433,33.04105359801325,0.010196429832592778,0.4929348687455259,0.00031302127163053997,8.0,0.04,0.03780178734515551
8.861999999999629,0.27977214826119895,33.04119379931627,0.01017540281206097,0.4928823046269954,0.0003101899802728493,8.0,0.04,0.037796293500679354
8.871999999999632,0.27978970275197296,33.0413348863474,0.010154410826937752,0.4928299656144303,0.0003073910890347558,8.0,0.04,0.03779081510783675
8.881999999999636,0.27980721391092306,33.04147684786122,0.010133453899213812,0.4927778500144307,0.0003046241656008404,8.0,0.04,0.037785352100064805
8.891999999999639,0.2798246819370251,33.04161967270527,0.010112532049625152,0.4927259561512933,0.0003018887859022306,8.0,0.04,0.03777990441153181
8.901999999999642,0.27984210702764123,33.041763349819185,0.010091645297677206,0.49267428236682603,0.00029918453246204253,8.0,0.04,0.037774471977125454
8.911999999999646,0.27985948937852767,33.04190786823417,0.010070793661685966,0.4926228270203039,0.00029651099209400124,8.0,0.04,0.03776905473244705
8.921999999999649,0.27987682918383866,33.04205321707206,0.010049977158791164,0.492571588488128,0.00029386775935829636,8.0,0.04,0.037763652613797084
8.931999999999652,0.2798941266361391,33.042199385544606,0.010029195804988782,0.4925205651637583,0.0002912544346761618,8.0,0.04,0.03775826555817064
8.941999999999656,0.2799113819264099,33.042346362952806,0.01000844961514878,0.4924697554575311,0.0002886706231106106,8.0,0.04,0.037752893503243776
8.951999999999659,0.27992859524406033,33.042494138686315,0.009987738603052874,0.4924191577965661,0.0002861159358196298,8.0,0.04,0.037747536387367164
8.961999999999662,0.27994576677693017,33.04264270222216,0.009967062781403201,0.4923687706243875,0.00028358999123934315,8.0,0.04,0.03774219414955397
8.971999999999666,0.27996289671130603,33.04279204312496,0.009946422161852974,0.49231859240098697,0.00028109241078118894,8.0,0.04,0.03773686672947169
8.981999999999669,0.27997998523192913,33.04294215104527,0.009925816755022148,0.49226862160251045,0.00027862282365138653,8.0,0.04,0.03773155406743334
8.991999999999672,0.27999703252200103,33.043093015719606,0.009905246570529375,0.49221885672114585,0.0002761808626757467,8.0,0.04,0.03772625610438708
9.001999999999676,0.2800140387632,33.04324462696912,0.00988471161699732,0.49216929626494393,0.0002737661674573234,8.0,0.04,0.03772097278190743
9.011999999999679,0.2800310041356875,33.04339697469966,0.009864211902093663,0.4921199387577006,0.00027137838041936513,8.0,0.04,0.037715704042186944
9.021999999999682,0.28004792881811846,33.04355004890021,0.009843747432519905,0.4920707827386022,0.00026901715335379123,8.0,0.04,0.03771044982802635
9.031999999999686,0.2800648129876555,33.043703839642994,0.009823318214060687,0.4920218267623506,0.0002666821385941388,8.0,0.04,0.03770521008282443
9.041999999999689,0.2800816568199753,33.04385833708238,0.009802924251589287,0.4919730693987842,0.00026437299548549517,8.0,0.04,0.03769998475057189
9.051999999999692,0.280098460489283,33.04401353145416,0.009782565549082465,0.4919245092327702,0.0002620893884233204,8.0,0.04,0.03769477377584069
9.061999999999696,0.28011522416832174,33.044169413075096,0.00976224210963575,0.49187614486395304,0.0002598309876957233,8.0,0.04,0.03768957710377664
9.071999999999699,0.28013194802838604,33.04432597234224,0.009741953935491628,0.491827974906854,0.0002575974645281125,8.0,0.04,0.03768439468008767
9.081999999999702,0.280148632239328,33.04448319973212,0.009721701028048384,0.4917799979903939,0.0002553884988432988,8.0,0.04,0.03767922645103958
9.091999999999706,0.2801652769695768,33.04464108580037,0.009701483387875015,0.4917322127579183,0.00025320377309587797,8.0,0.04,0.037674072363444805
9.101999999999709,0.2801818823861422,33.04479962118073,0.00968130101472664,0.49168461786698464,0.0002510429748390255,8.0,0.04,0.03766893236465535
9.111999999999712,0.2801984486546318,33.04495879658466,0.009661153907567591,0.4916372119892153,0.0002489057957634573,8.0,0.04,0.037663806402552104
9.121999999999716,0.2802149759392624,33.04511860280057,0.009641042064570522,0.4915899938100904,0.00024679193258266604,8.0,0.04,0.037658694425541
9.131999999999719,0.28023146440286695,33.04527903069353,0.00962096548314888,0.49154296202885045,0.00024470108539698327,8.0,0.04,0.037653596382541704
9.141999999999722,0.28024791420691086,33.04544007120395,0.00960092415995434,0.4914961153583091,0.00024263295976784146,8.0,0.04,0.037648512222979616
9.151999999999726,0.2802643255115051,33.045601715347836,0.009580918090902264,0.49144945252472283,0.00024058726350678817,8.0,0.04,0.03764344189677916
9.161999999999729,0.28028069847541404,33.04576395421535,0.009560947271175138,0.4914029722676061,0.00023856371105145772,8.0,0.04,0.03763838535435641
9.171999999999732,0.2802970332560668,33.04592677897093,0.009541011695244574,0.491356673339575,0.00023656201862291967,8.0,0.04,0.03763334254660991
9.181999999999736,0.2803133300095748,33.046090180852175,0.009521111356878312,0.49131055450620914,0.00023458190812696052,8.0,0.04,0.03762831342491354
9.191999999999739,0.2803295889661386,33.0462541512828,0.009501246975020498,0.4912646140398005,0.00023262333350167023,8.0,0.04,0.03762329792953035
9.201999999999742,0.28034581137835524,33.046418679929495,0.00948142407942276,0.49121884352810197,0.00023068839847237025,8.0,0.04,0.03761829582739041
9.211999999999746,0.28036199846142396,33.04658375281377,0.00946164137700301,0.49117323517746747,0.00022877538503157435,8.0,0.04,0.037613306861369114
9.221999999999749,0.2803781507501322,33.046749357288476,0.009441895094872149,0.49112778565379095,0.0002268827280950264,8.0,0.04,0.03760833089633262
9.231999999999752,0.2803942685128983,33.04691548271006,0.009422183109940682,0.4910824932117883,0.00022501031574374874,8.0,0.04,0.03760336785876033
9.241999999999756,0.28041035191710284,33.04708211970369,0.009402504510578745,0.49103735666316817,0.00022315809338793055,8.0,0.04,0.0375984177011224
9.251999999999759,0.2804264010902144,33.04724925959535,0.009382858965501943,0.49099237502676985,0.00022132591173973224,8.0,0.04,0.03759348038644206
9.261999999999762,0.28044241614296733,33.04741689409582,0.009363246383676256,0.4909475474059293,0.00021951355911223615,8.0,0.04,0.037588555882092436
9.271999999999766,0.2804583971785469,33.0475850151384,0.00934366676418688,0.49090287294337315,0.00021772079589014315,8.0,0.04,0.03758364415733509
9.281999999999769,0.28047434429642343,33.0477536147971,0.0093241201356359,0.49085835080323903,0.00021594737255470922,8.0,0.04,0.03757874518232639
9.291999999999772,0.28049025759404045,33.047922685245524,0.00930460653331776,0.49081398016367417,0.00021419303659217393,8.0,0.04,0.037573858927695165
9.301999999999776,0.28050613716758666,33.04809221873652,0.009285125991440815,0.49076976021355884,0.0002124575361512633,8.0,0.04,0.037568985364359285
9.31199999999978,0.28052198311235904,33.04826220759175,0.009265678541026534,0.4907256901507577,0.0002107406231859294,8.0,0.04,0.03756412446344018
9.321999999999782,0.28053779552293256,33.04843264419641,0.009246264209784616,0.490681769181384,0.0002090420518535437,8.0,0.04,0.03755927619622255
9.331999999999786,0.2805535744932489,33.04860352099665,0.009226883022572184,0.4906379965194238,0.00020736158037670992,8.0,0.04,0.037554440534131886
9.34199999999979,0.2805693201166496,33.048774830498246,0.009207535001890754,0.4905943713863838,0.00020569897028529282,8.0,0.04,0.03754961744872349
9.351999999999792,0.2805850324858963,33.0489465652658,0.009188220168328085,0.4905508930113196,0.00020405398595004136,8.0,0.04,0.03754480691167565
9.361999999999796,0.28060071169318407,33.04911871792234,0.00916893854086658,0.4905075606304003,0.00020242639739621307,8.0,0.04,0.03754000889478683
9.3719999999998,0.2806163578301422,33.04929128114886,0.009149690137121112,0.49046437348703714,0.00020081597632526035,8.0,0.04,0.037535223369969874
9.381999999999802,0.2806319709878419,33.04946424768439,0.009130474973506632,0.4904213308318275,0.00019922249721972523,8.0,0.04,0.037530450309250035
9.391999999999806,0.2806475512567992,33.049637610325256,0.009111293065329254,0.4903784319221792,0.00019764574086402265,8.0,0.04,0.037525689684762345
9.40199999999981,0.28066309872697776,33.04981136192504,0.00909214442688758,0.49033567602253664,0.00019608548798521236,8.0,0.04,0.037520941468749666
9.411999999999813,0.28067861348779566,33.04998549539428,0.00907302907151503,0.4902930624040047,0.00019454152527746427,8.0,0.04,0.037516205633558584
9.421999999999816,0.28069409562812914,33.050160003700036,0.009053947011630205,0.49025059034453994,0.00019301364027948773,8.0,0.04,0.03751148215163826
9.43199999999982,0.2807095452363165,33.050334879865886,0.009034898258757987,0.4902082591285635,0.00019150162619632524,8.0,0.04,0.0375067709955379
9.441999999999823,0.2807249624001663,33.05051011697078,0.009015882823560833,0.49016606804705193,0.0001900052772510422,8.0,0.04,0.03750207213790338
9.451999999999826,0.2807403472069588,33.05068570814982,0.008996900715859816,0.4901240163974268,0.00018852439192961745,8.0,0.04,0.037497385551476844
9.46199999999983,0.2807556997434561,33.05086164659309,0.008977951944655723,0.4900821034834156,0.00018705877100202772,8.0,0.04,0.03749271120909269
9.471999999999833,0.2807710200959016,33.05103792554544,0.00895903651829404,0.49004032861497504,0.00018560821874203778,8.0,0.04,0.0374880490836771
9.481999999999836,0.2807863083500292,33.05121453830648,0.008940154444436202,0.4899986911082262,0.0001841725419805096,8.0,0.04,0.03748339914824357
9.49199999999984,0.2808015645910696,33.05139147822984,0.008921305729835146,0.4899571902853738,0.00018275155054222995,8.0,0.04,0.03747876137589391
9.501999999999843,0.28081678890375494,33.05156873872298,0.008902490380345135,0.4899158254744913,0.00018134505694661823,8.0,0.04,0.037474135739813334
9.511999999999846,0.28083198137232396,33.05174631324679,0.008883708400973599,0.48987459600968275,0.00017995287715925445,8.0,0.04,0.03746952221326843
9.52199999999985,0.2808471420805281,33.05192419531554,0.008864959795932386,0.4898335012307563,0.00017857482832293273,8.0,0.04,0.037464920769607495
9.531999999999853,0.2808622711116372,33.052102378495675,0.00884624456866032,0.48979254048325566,0.00017721073222838688,8.0,0.04,0.037460331382257225
9.541999999999856,0.2808773685484435,33.052280856406696,0.008827562721854032,0.48975171311840543,0.00017586041180672456,8.0,0.04,0.03745575402472097
9.55199999999986,0.2808924344732677,33.05245962271947,0.00880891425748214,0.489711018492963,0.00017452369310443539,8.0,0.04,0.037451188670577965
9.561999999999863,0.280907468967965,33.052638671156934,0.008790299176791192,0.4896704559691703,0.00017320040460962638,8.0,0.04,0.03744663529347829
9.571999999999866,0.28092247211392757,33.05281799549338,0.008771717480312337,0.489630024914698,0.00017189037782224285,8.0,0.04,0.03744209386714779
9.58199999999987,0.2809374439920915,33.05299758955391,0.008753169167879112,0.489589724702522,0.00017059344589916535,8.0,0.04,0.03743756436537821
9.591999999999873,0.2809523846829417,33.05317744721425,0.008734654238617133,0.489549554710882,0.00016930944559790748,8.0,0.04,0.03743304676203175
9.601999999999876,0.2809672942665162,33.05335756240057,0.008716172690969992,0.4895095143232174,0.00016803821433812488,8.0,0.04,0.03742854103103746
9.61199999999988,0.28098217282241117,33.053537929088904,0.008697724522699493,0.4894696029280879,0.0001667795931331946,8.0,0.04,0.037424047146388965
9.621999999999883,0.2809970204297847,33.053718541305024,0.008679309730879903,0.48942981991907636,0.00016553342547685128,8.0,0.04,0.03741956508214483
9.631999999999886,0.28101183716736206,33.053899393123736,0.008660928311917613,0.489390164694702,0.00016429955680140112,8.0,0.04,0.03741509481242499
9.64199999999989,0.28102662311344184,33.054080478668965,0.008642580261563863,0.4893506366585117,0.00016307783373684445,8.0,0.04,0.03741063631141043
9.651999999999893,0.2810413783458972,33.05426179211336,0.008624265574901637,0.4893112352187534,0.00016186810726870088,8.0,0.04,0.0374061895533432
9.661999999999896,0.281056102942183,33.05444332767758,0.008605984246369354,0.4892719597885501,0.0001606702285767708,8.0,0.04,0.037401754512521854
9.6719999999999,0.28107079697933846,33.0546250796305,0.008587736269764026,0.4892328097856774,0.00015948405199165146,8.0,0.04,0.037397331163304064
9.681999999999903,0.28108546053399347,33.0548070422884,0.008569521638239945,0.48919378463260815,0.0001583094338635372,8.0,0.04,0.03739291948010207
9.691999999999906,0.2811000936823703,33.05498921001502,0.00855134034432625,0.48915488375634536,0.00015714623241760905,8.0,0.04,0.03738851943738312
9.70199999999991,0.281114696500288,33.0551715772211,0.008533192379927338,0.4891161065884549,0.00015599430805268488,8.0,0.04,0.03738413100966881
9.711999999999913,0.2811292690631705,33.05535413836389,0.00851507773633422,0.48907745256493446,0.0001548535227617224,8.0,0.04,0.03737975417153265
9.721999999999916,0.28114381144604483,33.05553688794707,0.008496996404224164,0.4890389211262062,0.00015372374142289246,8.0,0.04,0.03737538889759942
9.73199999999992,0.28115832372354904,33.05571982052037,0.008478948373675497,0.4890005117170941,0.0001526048295342649,8.0,0.04,0.037371035162544364
9.741999999999923,0.2811728059699345,33.05590293067919,0.008460933634176871,0.48896222378662496,0.0001514966554844715,8.0,0.04,0.03736669294109255
9.751999999999926,0.2811872582590693,33.056086213064276,0.00844295217461206,0.48892405678804907,0.00015039909038918416,8.0,0.04,0.03736236220801725
9.76199999999993,0.28120168066444495,33.05626966236164,0.008425003983300922,0.488886010178885,0.00014931200443463538,8.0,0.04,0.03735804293813866
9.771999999999933,0.28121607325917497,33.056453273301805,0.008407089047978017,0.48884808342074115,0.00014823527222262897,8.0,0.04,0.03735373510632336
9.781999999999936,0.2812304361160048,33.056637040659936,0.008389207355812663,0.4888102759792824,0.0001471687692778391,8.0,0.04,0.037349438687484686
9.79199999999994,0.28124476930731174,33.05682095925536,0.008371358893405243,0.48877258732415824,0.00014611237291664472,8.0,0.04,0.037345153656579824
9.801999999999943,0.28125907290510566,33.057005023951135,0.008353543646813583,0.48873501692906846,0.00014506596161742343,8.0,0.04,0.03734087998861064
9.811999999999946,0.28127334698104073,33.05718922965395,0.008335761601534788,0.4886975642716104,0.000144029416525766,8.0,0.04,0.03733661765862014
9.82199999999995,0.28128759160641076,33.057373571313875,0.00831801274253015,0.4886602288332107,0.00014300261971108874,8.0,0.04,0.03733236664169656
9.831999999999953,0.28130180685215717,33.05755804392374,0.008300297054217844,0.48862301009910336,0.00014198545612026638,8.0,0.04,0.037328126912968114
9.841999999999956,0.2813159927888717,33.05774264251904,0.00828261452049434,0.4885859075583645,0.00014097781016164838,8.0,0.04,0.037323898447603934
9.85199999999996,0.281330149486797,33.057927362177736,0.008264965124731686,0.4885489207037542,0.00013997956964917818,8.0,0.04,0.03731968122081341
9.861999999999963,0.2813442770158346,33.0581121980198,0.008247348849779105,0.4885120490317354,0.00013899062382020767,8.0,0.04,0.037315475207844645
9.871999999999966,0.28135837544554426,33.05829714520699,0.008229765677979948,0.4884752920423231,0.00013801086274684178,8.0,0.04,0.03731128038398737
9.88199999999997,0.2813724448451487,33.058482198942464,0.00821221559116927,0.48843864923925057,0.00013704017816836716,8.0,0.04,0.03730709672456584
9.891999999999973,0.2813864852835369,33.058667354470764,0.008194698570691774,0.4884021201296834,0.00013607846365735148,8.0,0.04,0.03730292420494387
9.901999999999976,0.2814004968292662,33.05885260707729,0.008177214597382984,0.4883657042243107,0.00013512561496357916,8.0,0.04,0.03729876280052299
9.91199999999998,0.2814144795505672,33.059037952087905,0.008159763651609102,0.4883294010373595,0.00013418152700707205,8.0,0.04,0.037294612486739244
9.921999999999983,0.28142843351534447,33.05922338486896,0.008142345713249928,0.48829321008638005,0.000133246098564297,8.0,0.04,0.03729047323906582
9.931999999999986,0.2814423587911807,33.05940890082692,0.008124960761705985,0.4882571308923127,0.00013231922898285976,8.0,0.04,0.03728634503301204
9.94199999999999,0.28145625544533964,33.059594495407836,0.008107608775915983,0.4882211629794789,0.00013140081832399385,8.0,0.04,0.03728222784412002
9.951999999999993,0.28147012354476986,33.05978016409756,0.008090289734352675,0.4881853058754735,0.0001304907689855646,8.0,0.04,0.037278121647967795
9.961999999999996,0.28148396315610535,33.0599659024208,0.00807300361503422,0.48814955911112307,0.000129588984120396,8.0,0.04,0.03727402642016722
9.972,0.2814977743456706,33.060151705941514,0.008055750395522332,0.4881139222204781,0.0001286953687899268,8.0,0.04,0.03726994213636302
9.982000000000003,0.28151155717948123,33.06033757026235,0.008038530052938175,0.4880783947407899,0.0001278098284455085,8.0,0.04,0.0372658687722337
9.992000000000006,0.28152531172324874,33.06052349102413,0.008021342563964261,0.48804297621247883,0.00012693227061505143,8.0,0.04,0.03726180630349027
10.00200000000001,0.28153903804238356,33.06070946390601,0.008004187904839817,0.4880076661789611,0.00012606260424089799,8.0,0.04,0.03725775470587516
10.012000000000013,0.28155273620199434,33.060895484624915,0.007987066051386368,0.4879724641868782,0.00012520073824289713,8.0,0.04,0.03725371395516443
10.022000000000016,0.28156640626689394,33.06108154893554,0.007969976978995728,0.4879373697857506,0.0001243465845901467,8.0,0.04,0.037249684027163235
10.03200000000002,0.2815800483016005,33.06126765262982,0.007952920662642271,0.48790238252819323,0.0001235000549770265,8.0,0.04,0.03724566489771067
10.042000000000023,0.2815936623703396,33.0614537915367,0.007935897076894589,0.4878675019698202,0.0001226610626275345,8.0,0.04,0.03724165654267427
10.052000000000026,0.28160724853704955,33.06163996152211,0.007918906195904947,0.48783272766906766,0.00012182952277122037,8.0,0.04,0.037237658937954506
10.06200000000003,0.28162080686538116,33.061826158488444,0.007901947993429654,0.48779805918730684,0.0001210053509821641,8.0,0.04,0.03723367205947984
10.072000000000033,0.28163433741869914,33.06201237837432,0.00788502244282663,0.487763496088795,0.00012018846410638763,8.0,0.04,0.03722969588320944
10.082000000000036,0.2816478402600879,33.062198617154614,0.007868129517065788,0.48772903794069,0.0001193787794191003,8.0,0.04,0.037225730385133236
10.09200000000004,0.28166131545235235,33.06238487083981,0.007851269188724622,0.4876946843127918,0.00011857621754188519,8.0,0.04,0.037221775541269285
10.102000000000043,0.2816747630580198,33.06257113547602,0.007834441430007439,0.4876604347777919,0.00011778069747467322,8.0,0.04,0.037217831327665166
10.112000000000046,0.28168818313934263,33.0627574071446,0.00781764621273879,0.48762628891111653,0.00011699214068023305,8.0,0.04,0.037213897720397564
10.12200000000005,0.28170157575830174,33.062943681962096,0.007800883508371747,0.48759224629082587,0.00011621047013012896,8.0,0.04,0.037209974695572794
10.132000000000053,0.28171494097660754,33.063129956079585,0.00778415328799503,0.487558306497762,0.00011543560848701461,8.0,0.04,0.037206062229323954
10.142000000000056,0.2817282788557011,33.06331622568301,0.007767455522339195,0.48752446911530734,0.0001146674804974316,8.0,0.04,0.0372021602978131
10.15200000000006,0.28174158945675887,33.063502486992284,0.00775079018177155,0.487490733729557,0.0001139060115953183,8.0,0.04,0.03719826887723146
10.162000000000063,0.2817548728406938,33.06368873626156,0.007734157236316912,0.4874570999291818,0.00011315112788264028,8.0,0.04,0.03719438794379661
10.172000000000066,0.2817681290681578,33.063874969778844,0.007717556655651824,0.48742356730536235,0.00011240275696315974,8.0,0.04,0.03719051747375507
10.18200000000007,0.2817813581995422,33.06406118386555,0.00770098840910617,0.48739013545192245,0.00011166082694809111,8.0,0.04,0.037186657443381295
10.192000000000073,0.28179456029498273,33.064247374876636,0.0076844524656780435,0.4873568039650663,0.0001109252676575238,8.0,0.04,0.03718280782897617
10.202000000000076,0.2818077354143585,33.0644335391999,0.007667948794031955,0.4873235724435982,0.00011019600862712569,8.0,0.04,0.03717896860686803
10.21200000000008,0.28182088361729735,33.064619673256274,0.007651477362508816,0.4872904404887376,0.00010947298121971914,8.0,0.04,0.03717513975341434
10.222000000000083,0.2818340049631749,33.06480577349908,0.007635038139120527,0.48725740770412657,0.00010875611772837722,8.0,0.04,0.037171321244996496
10.232000000000086,0.28184709951111936,33.06499183641433,0.007618631091567353,0.4872244736958392,0.00010804535066304922,8.0,0.04,0.03716751305802561
10.24200000000009,0.2818601673200098,33.0651778585198,0.007602256187228349,0.4871916380722908,0.00010734061429207908,8.0,0.04,0.03716371516893932
10.252000000000093,0.281873208448482,33.06536383636553,0.00758591339317945,0.48715890044431104,0.00010664184273183788,8.0,0.04,0.037159927554201194
10.262000000000096,0.28188622295492954,33.06554976653307,0.007569602676188677,0.4871262604250169,0.00010594897206465428,8.0,0.04,0.03715615019030184
10.2720000000001,0.2818992108975017,33.065735645635655,0.0075533240027275995,0.487093717629901,0.00010526193817082353,8.0,0.04,0.03715238305375888
10.282000000000103,0.2819121723341118,33.065921470317384,0.00753707733896654,0.4870612716766691,0.00010458067866855971,8.0,0.04,0.03714862612111623
10.292000000000106,0.2819251073224345,33.06610723725383,0.007520862650786628,0.4870289221853417,0.00010390513112184404,8.0,0.04,0.03714487936894476
10.30200000000011,0.28193801591990847,33.06629294315118,0.007504679903782988,0.48699666877814113,0.00010323523467891595,8.0,0.04,0.03714114277384183
10.312000000000113,0.28195089818373953,33.0664785847461,0.007488529063268222,0.48696451107955613,0.00010257092875717917,8.0,0.04,0.03713741631243073
10.322000000000116,0.28196375417090225,33.066664158805665,0.007472410094268977,0.4869324487162257,0.00010191215392455108,8.0,0.04,0.03713369996136161
10.33200000000012,0.28197658393814046,33.06684966212736,0.007456322961542783,0.48690048131700947,0.00010125885108583185,8.0,0.04,0.03712999369731105
10.342000000000123,0.2819893875419688,33.06703509153812,0.007440267629573799,0.48686860851286917,0.00010061096239494028,8.0,0.04,0.037126297496982666
10.352000000000126,0.2820021650386769,33.0672204438949,0.007424244062586158,0.4868368299369723,9.996843006390886e-05,8.0,0.04,0.03712261133710503
10.36200000000013,0.28201491648432947,33.06740571608417,0.007408252224530525,0.48680514522453494,9.933119794318513e-05,8.0,0.04,0.037118935194433406
10.372000000000133,0.282027641934767,33.06759090502158,0.0073922920791057055,0.48677355401287925,9.869920997549181e-05,8.0,0.04,0.0371152690457506
10.382000000000136,0.28204034144561035,33.067776007651844,0.007376363589753288,0.4867420559414128,9.807241092682671e-05,8.0,0.04,0.037111612867864165
10.39200000000014,0.2820530150722591,33.06796102094865,0.007360466719667451,0.48671065065163516,9.74507461081981e-05,8.0,0.04,0.037107966637610276
10.402000000000143,0.28206566286989515,33.0681459419141,0.007344601431787116,0.4866793377869879,9.68341624127299e-05,8.0,0.04,0.037104330331848165
10.412000000000146,0.28207828489348585,33.068330767579,0.007328767688815237,0.48664811699295074,9.622260605103466e-05,8.0,0.04,0.03710070392746602
10.42200000000015,0.28209088119778036,33.06851549500216,0.007312965453216196,0.4866169879170886,9.561602473097523e-05,8.0,0.04,0.03709708740137809
10.432000000000153,0.28210345183731766,33.06870012127073,0.007297194687211577,0.4865859502088515,9.501436687188372e-05,8.0,0.04,0.037093480730524354
10.442000000000156,0.282115996866424,33.06888464349932,0.007281455352796328,0.48655500351961256,9.4417581260737e-05,8.0,0.04,0.03708988389187081
10.45200000000016,0.2821285163392151,33.06906905883055,0.007265747411735648,0.4865241475028011,9.382561743431906e-05,8.0,0.04,0.0370862968624114
10.462000000000163,0.2821410103095992,33.069253364434,0.007250070825569186,0.48649338181368496,9.323842547286207e-05,8.0,0.04,0.037082719619165455
10.472000000000167,0.28215347883127745,33.06943755750703,0.0072344255556180395,0.4864627061094891,9.26559561183954e-05,8.0,0.04,0.03707915213917908
10.48200000000017,0.2821659219577448,33.06962163527344,0.007218811562979458,0.4864321200492518,9.207816110606151e-05,8.0,0.04,0.03707559439952565
10.492000000000173,0.28217833974229334,33.069805594984345,0.007203228808544318,0.4864016232939416,9.150499208715145e-05,8.0,0.04,0.03707204637730422
10.502000000000177,0.2821907322380119,33.069989433917314,0.007187677252987162,0.4863712155063905,9.093640170779856e-05,8.0,0.04,0.037068508049640916
10.51200000000018,0.2822030994977882,33.070173149376224,0.007172156856782241,0.48634089635119354,9.03723432021531e-05,8.0,0.04,0.037064979393689336
10.522000000000183,0.28221544157431117,33.07035673869141,0.007156667580188861,0.4863106654948301,8.981277072761194e-05,8.0,0.04,0.03706146038662794
10.532000000000187,0.2822277585200721,33.07054019921905,0.007141209383278317,0.48628052260553023,8.925763785536942e-05,8.0,0.04,0.03705795100566415
10.54200000000019,0.28224005038736427,33.070723528341354,0.007125782225918505,0.4862504673534061,8.870690007874599e-05,8.0,0.04,0.03705445122803208
10.552000000000193,0.28225231722828664,33.07090672346623,0.00711038606778101,0.48622049941022955,8.816051277116686e-05,8.0,0.04,0.03705096103099153
10.562000000000197,0.2822645590947454,33.07108978202691,0.007095020868353473,0.4861906184495755,8.761843185091901e-05,8.0,0.04,0.03704748039183006
10.5720000000002,0.2822767760384498,33.07127270148201,0.0070796865869317575,0.48616082414679146,8.708061384481554e-05,8.0,0.04,0.03704400928786253
10.582000000000203,0.2822889681109241,33.071455479315205,0.0070643831826301415,0.48613111617890037,8.654701601636775e-05,8.0,0.04,0.037040547696431454
10.592000000000207,0.2823011353634998,33.07163811303519,0.007049110614380505,0.4861014942246163,8.601759593381103e-05,8.0,0.04,0.03703709559490536
10.60200000000021,0.282313277847319,33.071820600175414,0.007033868840938519,0.48607195796447006,8.549231150750347e-05,8.0,0.04,0.03703365296068131
10.612000000000213,0.2823253956133386,33.07200293829374,0.007018657820886774,0.4860425070805533,8.497112150337601e-05,8.0,0.04,0.037030219771183696
10.622000000000217,0.2823374887123294,33.072185124972535,0.007003477512628799,0.4860131412566477,8.445398544460671e-05,8.0,0.04,0.03702679600386419
10.63200000000022,0.2823495571948764,33.07236715781832,0.006988327874413884,0.48598386017822964,8.394086217458372e-05,8.0,0.04,0.037023381636201565
10.642000000000223,0.282361601111384,33.07254903446158,0.006973208864308084,0.48595466353237227,8.343171283591201e-05,8.0,0.04,0.03701997664570326
10.652000000000227,0.2823736205120729,33.072730752556836,0.006958120440228245,0.48592555100778806,8.292649724733475e-05,8.0,0.04,0.03701658100990446
10.66200000000023,0.28238561544698315,33.07291230978208,0.006943062559929858,0.4858965222948559,8.242517665122931e-05,8.0,0.04,0.03701319470636683
10.672000000000233,0.28239758596597575,33.07309370383891,0.006928035181005221,0.4858675770854322,8.192771304018197e-05,8.0,0.04,0.037009817712681886
10.682000000000237,0.28240953211873376,33.07327493245204,0.006913038260899097,0.48583871507304893,8.143406805221804e-05,8.0,0.04,0.03700645000646883
10.69200000000024,0.2824214539547634,33.07345599336975,0.006898071756907881,0.4858099359528402,8.094420384779402e-05,8.0,0.04,0.037003091565373916
10.702000000000243,0.28243335152339527,33.07363688436282,0.006883135626169437,0.4857812394213749,8.045808456860465e-05,8.0,0.04,0.03699974236707298
10.712000000000247,0.28244522487378454,33.07381760322517,0.006868229825690332,0.4857526251769089,7.997567201648224e-05,8.0,0.04,0.036996402389269545
10.72200000000025,0.28245707405491577,33.07399814777312,0.006853354312322128,0.4857240929191531,7.94969312110541e-05,8.0,0.04,0.036993071609694894
10.732000000000253,0.28246889911559686,33.07417851584563,0.006838509042782583,0.48569564234930346,7.902182602019075e-05,8.0,0.04,0.036989750006111516
10.742000000000257,0.2824807001044695,33.07435870530395,0.006823693973653424,0.48566727317018826,7.855032068741336e-05,8.0,0.04,0.036986437556307886
10.75200000000026,0.2824924770700022,33.07453871403125,0.006808909061383183,0.4856389850860395,7.808238083547625e-05,8.0,0.04,0.03698313423810181
10.762000000000263,0.28250423006049774,33.07471853993291,0.006794154262280796,0.485610777802583,7.761797204458454e-05,8.0,0.04,0.03697984002934131
10.772000000000267,0.28251595912408806,33.07489818093609,0.006779429532532494,0.485582651027058,7.715705981022572e-05,8.0,0.04,0.03697655490790133
10.78200000000027,0.28252766430874177,33.07507763498947,0.006764734828203378,0.4855546044681705,7.669961033283721e-05,8.0,0.04,0.036973278851688024
10.792000000000273,0.2825393456622596,33.07525690006324,0.006750070105221882,0.48552663783599265,7.624559112922849e-05,8.0,0.04,0.03697001183863519
10.802000000000277,0.2825510032322813,33.0754359741489,0.006735435319402126,0.4854987508421403,7.579496851472595e-05,8.0,0.04,0.03696675384670729
10.81200000000028,0.2825626370662808,33.07561485525921,0.0067208304264420055,0.4854709431996008,7.53477102468227e-05,8.0,0.04,0.0369635048538964
10.822000000000283,0.28257424721157093,33.07579354142781,0.006706255381916644,0.4854432146228006,7.490378438830627e-05,8.0,0.04,0.03696026483822597
10.832000000000287,0.28258583371530477,33.07597203070936,0.00669171014129172,0.4854155648275373,7.446315886900108e-05,8.0,0.04,0.03695703377774807
10.84200000000029,0.2825973966244727,33.07615032117897,0.006677194659922345,0.4853879935310786,7.402580238822021e-05,8.0,0.04,0.03695381165054454
10.852000000000293,0.28260893598591036,33.07632841093229,0.0066627088930524,0.48536050045203266,7.359168393232025e-05,8.0,0.04,0.036950598434726895
10.862000000000297,0.28262045184629164,33.07650629808568,0.0066482527958162,0.48533308531033964,7.316077311618283e-05,8.0,0.04,0.03694739410843786
10.8720000000003,0.2826319442521373,33.076683980775286,0.006633826323251032,0.48530574782740793,7.273303910996511e-05,8.0,0.04,0.03694419864984905
10.882000000000303,0.28264341324980924,33.07686145715761,0.0066194294302816484,0.48527848772589915,7.230845263997483e-05,8.0,0.04,0.03694101203716199
10.892000000000307,0.2826548588855174,33.077038725409146,0.006605062071747019,0.4852513047298914,7.188698341968166e-05,8.0,0.04,0.03693783424860929
10.90200000000031,0.28266628120531617,33.07721578372566,0.0065907242023767005,0.48522419856475824,7.146860256662523e-05,8.0,0.04,0.036934665262454036
10.912000000000313,0.28267768025510814,33.07739263032322,0.006576415776810715,0.48519716895723247,7.105328099907486e-05,8.0,0.04,0.03693150505698933
10.922000000000317,0.2826890560806452,33.077569263436814,0.006562136749593012,0.48517021563529855,7.064099040480107e-05,8.0,0.04,0.0369283536105384
10.93200000000032,0.2827004087275259,33.0777456813211,0.006547887075179154,0.4851433383283327,7.023170219524223e-05,8.0,0.04,0.036925210901456375
10.942000000000323,0.28271173824120266,33.07792188224965,0.006533666707936049,0.4851165367669425,6.982538843435437e-05,8.0,0.04,0.036922076908128806
10.952000000000327,0.2827230446669762,33.078097864515335,0.006519475602140205,0.48508981068302776,6.942202193668054e-05,8.0,0.04,0.03691895160897179
10.96200000000033,0.28273432805000065,33.07827362642982,0.006505313711992034,0.4850631598098262,6.902157466295812e-05,8.0,0.04,0.036915834982433206
10.972000000000333,0.2827455884352844,33.078449166323324,0.006491180991600405,0.48503658388178367,6.862402024724848e-05,8.0,0.04,0.03691272700699103
10.982000000000337,0.2827568258676874,33.07862448254499,0.006477077394998852,0.4850100826345951,6.822933176008517e-05,8.0,0.04,0.036909627661154895
10.99200000000034,0.28276804039192727,33.078799573462085,0.006463002876145123,0.4849836558052841,6.783748262818761e-05,8.0,0.04,0.03690653692346651
11.002000000000344,0.2827792320525756,33.07897443746061,0.0064489573889140095,0.4849573031320143,6.744844731750752e-05,8.0,0.04,0.03690345477249857
11.012000000000347,0.2827904008940623,33.07914907294436,0.006434940887111057,0.4849310243542936,6.706219934487694e-05,8.0,0.04,0.03690038118685466
11.02200000000035,0.2828015469606743,33.07932347833533,0.006420953324469011,0.48490481921274076,6.667871368913493e-05,8.0,0.04,0.03689731614517105
11.032000000000354,0.2828126702965581,33.07949765207353,0.006406994654649484,0.4848786874492578,6.629796495929521e-05,8.0,0.04,0.03689425962611596
11.042000000000357,0.28282377094571926,33.07967159261647,0.0063930648312458295,0.48485262880694574,6.591992818934943e-05,8.0,0.04,0.03689121160838893
11.05200000000036,0.2828348489520235,33.079845298439594,0.006379163807785329,0.48482664303013107,6.55445787344374e-05,8.0,0.04,0.036888172070721224
11.062000000000364,0.28284590435919876,33.08001876803571,0.006365291537727988,0.4848007298642278,6.517189249452652e-05,8.0,0.04,0.03688514099187589
11.072000000000367,0.28285693721083366,33.08019199991501,0.006351447974480606,0.484774889055965,6.480184469483657e-05,8.0,0.04,0.03688211835065132
11.08200000000037,0.28286794755038364,33.08036499260473,0.006337633071377116,0.4847491203531771,6.443441225908267e-05,8.0,0.04,0.03687910412587371
11.092000000000374,0.28287893542116194,33.08053774464962,0.006323846781699951,0.4847234235048594,6.406957122800312e-05,8.0,0.04,0.03687609829640424
11.102000000000377,0.28288990086635185,33.080710254611006,0.00631008905867554,0.48469779826121645,6.370729804541027e-05,8.0,0.04,0.036873100841136194
11.11200000000038,0.28290084392900106,33.08088252106734,0.00629635985546819,0.4846722443735087,6.33475703928194e-05,8.0,0.04,0.036870111738995535
11.122000000000384,0.2829117646520226,33.0810545426135,0.0062826591251936605,0.4846467615942323,6.299036475918024e-05,8.0,0.04,0.03686713096894161
11.132000000000387,0.2829226630781981,33.08122631786131,0.0062689868209141655,0.48462134967700743,6.263565883045762e-05,8.0,0.04,0.03686415850996445
11.14200000000039,0.2829335392501768,33.08139784543869,0.006255342895643159,0.48459600837650574,6.228343057208334e-05,8.0,0.04,0.03686119434109014
11.152000000000394,0.28294439321047643,33.08156912399007,0.006241727302345983,0.48457073744863655,6.193365734717802e-05,8.0,0.04,0.03685823844137499
11.162000000000397,0.28295522500148484,33.08174015217616,0.006228139993937989,0.48454553665032934,6.15863179341129e-05,8.0,0.04,0.03685529078990926
11.1720000000004,0.2829660346654614,33.08191092867355,0.006214580923296616,0.4845204057396774,6.124139031166503e-05,8.0,0.04,0.036852351365817694
11.182000000000404,0.2829768222445355,33.082081452174805,0.006201050043241824,0.48449534447576476,6.0898853828751895e-05,8.0,0.04,0.036849420148256234
11.192000000000407,0.2829875877807087,33.082251721388644,0.006187547306570181,0.4844703526189505,6.0558686285032315e-05,8.0,0.04,0.03684649711641678
11.20200000000041,0.2829983313158565,33.082421735039,0.006174072666024986,0.4844454299305127,6.022086771166231e-05,8.0,0.04,0.036843582249522736
11.212000000000414,0.28300905289172823,33.08259149186578,0.006160626074311696,0.4844205761728742,5.9885377307833665e-05,8.0,0.04,0.036840675526831415
11.222000000000417,0.2830197525499476,33.08276099062413,0.006147207484106818,0.48439579110956293,5.9552194206889064e-05,8.0,0.04,0.0368377769276343
11.23200000000042,0.2830304303320107,33.0829302300847,0.006133816848043336,0.48437107450509675,5.92212987111355e-05,8.0,0.04,0.036834886431256424
11.242000000000424,0.2830410862792938,33.08309920903335,0.006120454118725527,0.4843464261250844,5.8892670528249926e-05,8.0,0.04,0.03683200401705671
11.252000000000427,0.2830517204330465,33.083267926270814,0.006107119248720613,0.4843218457361921,5.856629008009064e-05,8.0,0.04,0.03682912966442846
11.26200000000043,0.2830623328343998,33.08343638061316,0.006093812190568311,0.48429733310615636,5.824213752243658e-05,8.0,0.04,0.0368262633527983
11.272000000000434,0.2830729235243597,33.08360457089118,0.006080532896776952,0.4842728880036511,5.79201939823446e-05,8.0,0.04,0.036823405061627415
11.282000000000437,0.2830834925438116,33.08377249595038,0.006067281319828036,0.48424851019850773,5.760043976638734e-05,8.0,0.04,0.036820554770411816
11.29200000000044,0.2830940399335215,33.0839401546509,0.006054057412176599,0.4842241994614707,5.728285649402418e-05,8.0,0.04,0.036817712458680256
11.302000000000444,0.28310456573413345,33.08410754586749,0.00604086112625016,0.48419995556436335,5.6967425025911335e-05,8.0,0.04,0.03681487810599727
11.312000000000447,0.2831150699861777,33.0842746684893,0.00602769241445717,0.48417577828002467,5.6654126885787525e-05,8.0,0.04,0.03681205169196169
11.32200000000045,0.2831255527300622,33.08444152141988,0.006014551229180994,0.4841516673822772,5.634294383530745e-05,8.0,0.04,0.03680923319620609
11.332000000000454,0.28313601400607785,33.08460810357673,0.006001437522782267,0.48412762264593184,5.603385778015651e-05,8.0,0.04,0.036806422598399384
11.342000000000457,0.28314645385440046,33.08477441389158,0.0059883512476023686,0.4841036438468194,5.5726850588131946e-05,8.0,0.04,0.03680361987824304
11.35200000000046,0.2831568723150869,33.08494045131016,0.005975292355965303,0.4840797307617054,5.5421904881076736e-05,8.0,0.04,0.036800825015475394
11.362000000000464,0.2831672694280831,33.085106214791985,0.00596226080018107,0.48405588316842046,5.51190026073914e-05,8.0,0.04,0.03679803798986822
11.372000000000467,0.28317764523321587,33.085271703310404,0.005949256532542144,0.484032100845735,5.481812638489079e-05,8.0,0.04,0.036795258781228704
11.38200000000047,0.2831879997702005,33.0854369158524,0.005936279505322055,0.4840083835733084,5.4519259654423706e-05,8.0,0.04,0.03679248736939882
11.392000000000474,0.2831983330786383,33.08560185141835,0.005923329670788296,0.48398473113191265,5.4222384603732986e-05,8.0,0.04,0.03678972373425707
11.402000000000477,0.2832086451980183,33.085766509022285,0.005910406981187331,0.4839611433030904,5.3927485037803996e-05,8.0,0.04,0.0367869678557158
11.41200000000048,0.2832189361677161,33.08593088769142,0.005897511388766134,0.4839376198695309,5.363454377699341e-05,8.0,0.04,0.03678421971372232
11.422000000000484,0.28322920602699886,33.08609498646621,0.005884642845756402,0.48391416061472886,5.334354466070672e-05,8.0,0.04,0.03678147928826002
11.432000000000487,0.28323945481501933,33.08625880440025,0.005871801304380728,0.4838907653231934,5.3054471068564294e-05,8.0,0.04,0.036778746559348256
11.44200000000049,0.28324968257082267,33.08642234056017,0.005858986716857576,0.48386743378032493,5.2767307242086636e-05,8.0,0.04,0.036776021507041116
11.452000000000494,0.28325988933334323,33.08658559402537,0.005846199035398133,0.48384416577245254,5.248203689157998e-05,8.0,0.04,0.03677330411142771
11.462000000000497,0.28327007514140917,33.08674856388839,0.005833438212207904,0.4838209610868766,5.219864428975914e-05,8.0,0.04,0.03677059435263415
11.4720000000005,0.2832802400337373,33.086911249254015,0.005820704199488074,0.48379781951174744,5.191711388170438e-05,8.0,0.04,0.03676789221082121
11.482000000000504,0.28329038404893836,33.08707364923996,0.005807996949443314,0.4837747408361838,5.1637429900080365e-05,8.0,0.04,0.036765197666186016
11.492000000000507,0.2833005072255168,33.08723576297638,0.0057953164142719015,0.48375172485018153,5.135957729748938e-05,8.0,0.04,0.036762510698961054
11.50200000000051,0.283310609601869,33.08739758960591,0.0057826625461708985,0.48372877134462267,5.1083540830497315e-05,8.0,0.04,0.036759831289415165
11.512000000000514,0.2833206912162872,33.0875591282832,0.005770035297346174,0.4837058801113649,5.080930526825053e-05,8.0,0.04,0.03675715941785311
11.522000000000517,0.28333075210695785,33.0877203781755,0.005757434619997439,0.48368305094305175,5.0536856019965116e-05,8.0,0.04,0.036754495064614305
11.53200000000052,0.2833407923119636,33.087881338461806,0.005744860466328596,0.4836602836332786,5.026617831864835e-05,8.0,0.04,0.03675183821007666
11.542000000000524,0.28335081186928357,33.0880420083335,0.00573231278855377,0.48363757797652035,4.999725741010934e-05,8.0,0.04,0.03674918883465312
11.552000000000527,0.2833608108167916,33.088202386993665,0.005719791538883009,0.48361493376806636,4.9730079131825604e-05,8.0,0.04,0.03674654691879174
11.56200000000053,0.2833707891922604,33.088362473657135,0.005707296669544342,0.483592350804176,4.946462897949471e-05,8.0,0.04,0.03674391244297895
11.572000000000534,0.2833807470333612,33.0885222675506,0.005694828132758432,0.48356982888188366,4.920089300826255e-05,8.0,0.04,0.036741285387735925
11.582000000000537,0.28339068437766113,33.08868176791253,0.005682385880768593,0.4835473677991319,4.89388572448593e-05,8.0,0.04,0.03673866573362024
11.59200000000054,0.28340060126262956,33.08884097399256,0.005669969865816839,0.48352496735469946,4.867850768710105e-05,8.0,0.04,0.036736053461226714
11.602000000000544,0.28341049772563337,33.088999885052104,0.005657580040161759,0.48350262734824556,4.84198307545983e-05,8.0,0.04,0.03673344855118664
11.612000000000547,0.28342037380394103,33.089158500363844,0.005645216356072093,0.4834803475802614,4.816281269247013e-05,8.0,0.04,0.036730850984166556
11.62200000000055,0.28343022953472,33.089316819211774,0.005632878765825549,0.4834581278520531,4.790744047501683e-05,8.0,0.04,0.03672826074087176
11.632000000000554,0.28344006495504004,33.08947484089084,0.005620567221717218,0.4834359679657918,4.765370036187502e-05,8.0,0.04,0.036725677802042236
11.642000000000557,0.2834498801018735,33.08963256470733,0.005608281676053188,0.48341386772449546,4.740157952479315e-05,8.0,0.04,0.036723102148455145
11.65200000000056,0.2834596750120931,33.08978998997855,0.005596022081153349,0.4833918269319269,4.7151064994613495e-05,8.0,0.04,0.03672053376092474
11.662000000000564,0.2834694497224774,33.08994711603237,0.0055837883893606706,0.48336984539279015,4.690214338835338e-05,8.0,0.04,0.036717972620302575
11.672000000000567,0.28347920426970585,33.09010394220795,0.005571580553026386,0.48334792291254336,4.665480233423981e-05,8.0,0.04,0.0367154187074754
11.68200000000057,0.2834889386903639,33.09026046785485,0.005559398524520424,0.4833260592974637,4.6409029237657274e-05,8.0,0.04,0.036712872003368986
11.692000000000574,0.28349865302093913,33.090416692333484,0.00554724225623626,0.48330425435461544,4.616481138658915e-05,8.0,0.04,0.03671033248894422
11.702000000000577,0.2835083472978268,33.090572615014615,0.005535111700583564,0.4832825078919168,4.592213636897672e-05,8.0,0.04,0.03670780014519905
11.71200000000058,0.28351802155732747,33.09072823527956,0.00552300680999506,0.48326081971805157,4.568099205140366e-05,8.0,0.04,0.0367052749531698
11.722000000000584,0.2835276758356461,33.09088355252025,0.005510927536917243,0.4832391896425138,4.54413663366221e-05,8.0,0.04,0.036702756893929156
11.732000000000587,0.2835373101688957,33.09103856613859,0.00549887383382385,0.4832176174755738,4.520324705864309e-05,8.0,0.04,0.03670024594858603
11.74200000000059,0.28354692459309633,33.09119327554693,0.005486845653215609,0.48319610302833005,4.4966622147933346e-05,8.0,0.04,0.036697742098287765
11.752000000000594,0.2835565191441753,33.091347680167615,0.0054748429476072944,0.4831746461126134,4.473148022416598e-05,8.0,0.04,0.036695245324218605
11.762000000000597,0.283566093857968,33.091501779433194,0.005462865669542649,0.4831532465410499,4.449780936727312e-05,8.0,0.04,0.03669275560759893
11.7720000000006,0.2835756487702197,33.09165557278602,0.005450913771588664,0.48313190412705637,4.4265598048007476e-05,8.0,0.04,0.03669027292968747
11.782000000000604,0.28358518391658355,33.09180905967854,0.005438987206341452,0.4831106186847926,4.403483487497872e-05,8.0,0.04,0.0366877972717794
11.792000000000607,0.28359469933262327,33.09196223957299,0.0054270859264238394,0.48308939002922857,4.380550823569583e-05,8.0,0.04,0.036685328615208845
11.80200000000061,0.2836041950538116,33.09211511194101,0.005415209884478395,0.483068217976042,4.357760737458292e-05,8.0,0.04,0.03668286694134466
11.812000000000614,0.2836136711155338,33.09226767626434,0.0054033590331865914,0.48304710234172915,4.3351120706600265e-05,8.0,0.04,0.03668041223159513
11.822000000000617,0.283623127553085,33.092419932034005,0.0053915333252506446,0.4830260429434804,4.312603750527557e-05,8.0,0.04,0.03667796446740549
11.83200000000062,0.28363256440167073,33.09257187875061,0.005379732713407917,0.48300503959926844,4.29023468438572e-05,8.0,0.04,0.03667552363025842
11.842000000000624,0.28364198169641164,33.0927235159243,0.005367957150419824,0.48298409212781535,4.2680037820218147e-05,8.0,0.04,0.036673089701673545
11.852000000000627,0.2836513794723397,33.092874843074306,0.0053562065890817795,0.4829632003485604,4.245909985883883e-05,8.0,0.04,0.036670662663207766
11.86200000000063,0.28366075776439886,33.09302585972941,0.005344480982224757,0.4829423640817357,4.223952207726536e-05,8.0,0.04,0.036668242496457164
11.872000000000634,0.28367011660744795,33.09317656542727,0.005332780282703302,0.4829215831482378,4.20212944455195e-05,8.0,0.04,0.03666582918305249
11.882000000000637,0.28367945603625877,33.09332695971496,0.0053211044434101065,0.48290085736971256,4.180440627415533e-05,8.0,0.04,0.036663422704665674
11.89200000000064,0.28368877608551823,33.09347704214836,0.005309453417276,0.48288018656858706,4.158884720098495e-05,8.0,0.04,0.03666102304300238
11.902000000000644,0.2836980767898274,33.09362681229245,0.005297827157254931,0.482859570567938,4.137460737550197e-05,8.0,0.04,0.03665863017980979
11.912000000000647,0.2837073581837039,33.093776269720976,0.00528622561634538,0.48283900919161044,4.116167636819307e-05,8.0,0.04,0.036656244096870134
11.92200000000065,0.283716620301581,33.09392541401656,0.005274648747574249,0.48281850226412615,4.095004438172955e-05,8.0,0.04,0.03665386477600282
11.932000000000654,0.28372586317780596,33.09407424477074,0.005263096504013686,0.48279804961078715,4.0739701265836874e-05,8.0,0.04,0.0366514921990673
11.942000000000657,0.28373508684664583,33.094222761583396,0.005251568838764567,0.4827776510575174,4.053063756589679e-05,8.0,0.04,0.03664912634795891
11.95200000000066,0.2837442913422832,33.09437096406319,0.005240065704967321,0.48275730643098547,4.032284326192446e-05,8.0,0.04,0.036646767204610575
11.962000000000664,0.2837534766988187,33.09451885182729,0.005228587055801729,0.48273701555857806,4.01163088936078e-05,8.0,0.04,0.03664441475099476
11.972000000000667,0.28376264295027,33.09466642450126,0.005217132844483917,0.48271677826834636,3.991102486725942e-05,8.0,0.04,0.03664206896911955
11.98200000000067,0.2837717901305749,33.094813681719174,0.005205703024269138,0.4826965943890582,3.97069817427084e-05,8.0,0.04,0.036639729841032406
11.992000000000674,0.2837809182735886,33.09496062312334,0.0051942975484540145,0.4826764637501548,3.9504170239001945e-05,8.0,0.04,0.03663739734881718
