t,error,base_angle_deg,base_omega,effort,smoothness,mu,lambda,manipulability
0.002,0.6084514857315472,0.0007385472684908697,0.0062879567974921755,0.07900575898799436,790.0575898799434,7.9284900921426145,0.09735383529203982,0.14248908107260377
0.012,0.6079280500512563,0.018874762822461002,0.048693107962132165,0.22565075476575586,402.697717863413,7.943011764860009,0.0973603913301296,0.14247636852850848
0.022000000000000006,0.6067649437122776,0.058560959894533256,0.08086393234992958,0.22941271200738866,0.23230670303793316,7.975388866465144,0.09736764728101975,0.14246230006820754
0.032000000000000015,0.6052920620378203,0.11160478553487764,0.0989254284718785,0.22953225821805887,0.1139261498918397,8.016605852466018,0.09737050441080712,0.1424567607818264
0.04200000000000002,0.603664613950754,0.17181530097211264,0.10842194938113718,0.22957651830927567,0.20521595048070332,8.06243149543433,0.0973712295344203,0.14245535497436637
0.05200000000000003,0.6019590683987441,0.2357807890296708,0.11339752674791198,0.22966568145273017,0.2970286829759315,8.110777414753095,0.09737168250054783,0.14245447680917955
0.06200000000000004,0.6002144936390259,0.3017288264549377,0.11604392730501333,0.22982767673664278,0.3789730247231958,8.160572084932296,0.09737280993344082,0.14245229107796173
0.07200000000000005,0.5984510083757028,0.3687484224651776,0.11749546514201949,0.2300808849646807,0.4466804700331698,8.211260906124258,0.09737504301445424,0.14244796194323506
0.08200000000000006,0.5966789971654359,0.4363721018040423,0.11833411060959444,0.2304362435242002,0.49996100307134494,8.26255622378552,0.09737856114869292,0.14244114180952963
0.09200000000000007,0.5949038331524642,0.5043596879446846,0.11885764821367756,0.23090140582566424,0.5405900816821867,8.314308658263304,0.09738342679848472,0.14243170993961518
0.10200000000000008,0.5931283046490285,0.5725872235401287,0.11921814839758041,0.231482565705975,0.5711426343943218,8.366440616714417,0.09738965067454494,0.14241964606617183
0.11200000000000009,0.5913538633741621,0.6409900858969424,0.11949314042514601,0.2321825539366301,0.5939745831998385,8.418911875882962,0.09739722197914934,0.1424049717508104
0.1220000000000001,0.5895812706310295,0.7095338601449185,0.11972199712206179,0.23300293571176905,0.6110561760203137,8.471701641647167,0.09740612220472583,0.1423877236242278
0.1320000000000001,0.5878109308538813,0.7781994435251098,0.1199246111945962,0.2339445620891636,0.6239356703262872,8.524799223763118,0.09741633115634993,0.14236794170354913
0.1420000000000001,0.5860430638900275,0.8469754497629703,0.12011096139215151,0.2350078966760762,0.6337799765716535,8.578199185122699,0.09742782934368087,0.1423456647497752
0.1520000000000001,0.5842777940812582,0.9158543492733928,0.12028600145965483,0.23619321237083574,0.6414451349811162,8.631898815584249,0.09744059875480891,0.14232092876327276
0.16200000000000012,0.5825151963760965,0.984830516926871,0.12045215296381866,0.2375007033503713,0.6475478453836763,8.685896814759033,0.09745462295694893,0.14229376678495606
0.17200000000000013,0.5807553202295556,1.0538992514902035,0.12061057236758856,0.2389305438178784,0.6525268394280023,8.740192604147412,0.09746988695216036,0.14226420917279428
0.18200000000000013,0.578998202008962,1.1230562880417365,0.12076179217576033,0.24048291472579522,0.656691454329386,8.794785967216054,0.09748637697231798,0.1422322839963563
0.19200000000000014,0.5772438714457326,1.1922975592654874,0.1209060432587786,0.2421580121772644,0.6602583536400674,8.849676860535807,0.09750408028543271,0.14219801740955162
0.20200000000000015,0.5754923549990794,1.2616190814315593,0.12104341537433311,0.2439560460336681,0.6633785093034915,8.904865314249673,0.09752298503590691,0.14216143395776135
0.21200000000000016,0.5737435810592595,1.3310142657861204,0.12116248384802106,0.2458774393517326,0.6661791962729602,8.960354453746152,0.09754315263431271,0.14212241654463198
0.22200000000000017,0.5719966867196482,1.4004703851273588,0.12126569212570987,0.24792470536061764,0.6690952288465998,9.016172836810574,0.09756514568893046,0.14207987906275082
0.23200000000000018,0.570251054163534,1.46999312232376,0.12139740393845107,0.25010052542875855,0.672560257146266,9.072341878731157,0.09758919953434275,0.14203336954559154
0.2420000000000002,0.5685075354498341,1.5395980406117955,0.12153990068633395,0.25240395009194355,0.676064447625655,9.128835762556657,0.09761464490023644,0.14198418513354097
0.25200000000000017,0.5667666876152126,1.6092781852644906,0.12166370342386904,0.2548341084368369,0.679120461397038,9.185637564163441,0.09764126903977556,0.14193273948012053
0.2620000000000002,0.5650287141853382,1.6790234609262007,0.12177160816387522,0.2573907718676026,0.6817355380016545,9.242741506825652,0.09766905121035083,0.1418790749763834
0.2720000000000002,0.5632937252775251,1.7488262184075758,0.12186767780033361,0.26007375734836446,0.6839799911496607,9.300144724663008,0.0976979816418919,0.14182321287099786
0.2820000000000002,0.5615617900559754,1.8186805423087304,0.12195427644993638,0.2628828920638636,0.6859179685999885,9.357845614266893,0.09772805171583847,0.14176517225771293
0.2920000000000002,0.5598329572320938,1.8885815110492803,0.12203309238503349,0.2658180098472275,0.6876004392931969,9.415843190705223,0.09775925338301489,0.141704971199674
0.3020000000000002,0.5581071187920577,1.9585375623258836,0.12215260185236873,0.2688788319706609,0.6890753884542515,9.474141729635361,0.09779157233964973,0.14164263988715978
0.3120000000000002,0.5563835465058764,2.0285838158461287,0.12233459356996083,0.2720645897917821,0.6904335753866396,9.532766769751886,0.09782498765669645,0.14157822132355494
0.32200000000000023,0.5546615704115765,2.098743499720782,0.12254068136928653,0.2753746428650435,0.6917396055879115,9.59174252785959,0.09785949630727116,0.14151172403957155
0.33200000000000024,0.5529412312136911,2.1689997262727587,0.1226836356861869,0.2788089961498324,0.6929768101627912,9.651069263764962,0.09789511282234772,0.14144312282918736
0.34200000000000025,0.5512232326747154,2.239317971043139,0.12277655875760571,0.2823681506159847,0.6940626775555172,9.710724100268786,0.09793183867929244,0.14137241774780548
0.35200000000000026,0.5495080404257943,2.3096778507493005,0.12284011199053363,0.28605223684723136,0.6949662786143007,9.770691843297888,0.09796966227965011,0.14129963409748691
0.36200000000000027,0.5477959186809231,2.3800668123741766,0.1228849261832201,0.2898610894753052,0.695685690372887,9.830963963029125,0.09800857461287445,0.14122479224491793
0.3720000000000003,0.5460870231731773,2.4504764016746186,0.122916662442636,0.2937943757745401,0.696228469710004,9.89153552670594,0.09804856873494738,0.14114790863275406
0.3820000000000003,0.5443814518903115,2.5209003510649524,0.12293836097986426,0.2978516609396371,0.6966044836326415,9.952403510612177,0.09808963905639806,0.1410689971549444
0.3920000000000003,0.542679272194338,2.5913335702865883,0.12295166770383788,0.3020324392084673,0.6968228990208102,10.013565890996368,0.098131780904429,0.1409880700021947
0.4020000000000003,0.540980535299746,2.6617716108109972,0.12295748636355575,0.306336147524674,0.6968911963267862,10.07502115491255,0.09817499026862321,0.14090513815291408
0.4120000000000003,0.5392852840083288,2.7322103814093692,0.12295632603466676,0.31076217053706745,0.6968150710848761,10.136768036600673,0.09821926365263924,0.14082021165960254
0.4220000000000003,0.5375935568445084,2.802645997243182,0.12294848633619848,0.3153098414889589,0.6965986741572084,10.198805375080795,0.0982645979858895,0.14073329981953697
0.43200000000000033,0.535905390267044,2.8730746999808985,0.12293415618835615,0.31997844130824066,0.6962449409300738,10.261132036969656,0.09831099056910751,0.1406444112801348
0.44200000000000034,0.5342208198513947,2.9434928157941216,0.12291346649353926,0.3247671970367473,0.6957559055086815,10.323746874439035,0.09835843903907254,0.14055355410742207
0.45200000000000035,0.532539880920512,3.0138967334998292,0.12288651824974128,0.3296752801335981,0.695132964254577,10.386648702136153,0.09840694134417083,0.14046073583365395
0.46200000000000035,0.5308626088795725,3.084282893482745,0.12285339755649854,0.3347018048831107,0.6943770830945989,10.449836284355262,0.09845649572608886,0.14036596349315442
0.47200000000000036,0.5291890393914962,3.154647782331535,0.12281418362294015,0.33984582698980464,0.6934889547855246,10.513308327764134,0.09850710070495926,0.14026924365153318
0.4820000000000004,0.5275192084665865,3.2249879305490508,0.1227689530373102,0.3451063423751283,0.6924691157066355,10.577063477152413,0.098558755066443,0.14017058243119543
0.4920000000000004,0.5258531525056694,3.295299911867503,0.1227177820380688,0.35048228616253385,0.6913180315696417,10.641100312833274,0.09861145784986523,0.14006998553483768
0.5020000000000003,0.5241909083178581,3.3655803434318385,0.12266074771621532,0.35597253182888844,0.6900361600060358,10.70541734896012,0.09866520833690966,0.13996745826787504
0.5120000000000003,0.5225325131243401,3.4358258864263402,0.12259792864578598,0.3615758905000092,0.6886239962801856,10.770013032357946,0.09872000604057188,0.1398630055603702
0.5220000000000004,0.5208780045542885,3.5060332469316537,0.12252940520830483,0.36729111037149353,0.6870821068603531,10.834885741654698,0.09877585069420869,0.13975663198876973
0.5320000000000004,0.519227420636205,3.5761991768912726,0.12245525975337473,0.3731168762400234,0.6854111543009022,10.90003378659606,0.09883274224057419,0.13964834179765057
0.5420000000000004,0.5175807997864844,3.646320475123203,0.12237557667148939,0.3790518091343599,0.6836119159392448,10.965455407481189,0.09889068082078815,0.1395381389215739
0.5520000000000004,0.5159381807961547,3.716393988349749,0.12229044241977621,0.38509446603849934,0.6816852981752869,11.031148774686622,0.09894966676319801,0.1394260270071135
0.5620000000000004,0.5142996028163178,3.78641661221971,0.12219994552245689,0.3912433397020916,0.6796323475750172,11.097111988261119,0.09900970057211234,0.1393120094350931
0.5720000000000004,0.5126651053425895,3.8563852923093633,0.12210417655768854,0.39749685853525507,0.6774542596706156,11.163343077582322,0.09907078291639591,0.13919608934304456
0.5820000000000004,0.5110347281986819,3.9262970251083877,0.12200322813703818,0.4038533865863148,0.6751523860419579,11.229840001071821,0.09913291461791061,0.1390782696479096
0.5920000000000004,0.5094085115192464,3.996148858977445,0.1218971948809586,0.41031122360213684,0.6727282400999238,11.296600645966082,0.09919609663980761,0.13895855306896632
0.6020000000000004,0.5077864957319955,4.06593789507599,0.12178617339209337,0.41686860517137053,0.6701835018343402,11.363622828144498,0.09926033007466319,0.1388369421509888
0.6120000000000004,0.5061687215391657,4.135661288223834,0.12167026207811077,0.4235237004704231,0.6675195665086999,11.430904292014048,0.09932561613244922,0.1387134392876475
0.6220000000000004,0.5045552298983392,4.205316247710934,0.12154956133598689,0.4302746155026129,0.6647387387406637,11.49844271045175,0.0993919561282772,0.13858804674525985
0.6320000000000005,0.502946062002799,4.274900038254902,0.12142417361526885,0.4371193956452542,0.6618435556526636,11.56623568479952,0.09945935146996003,0.13846076668679713
0.6420000000000005,0.501341259261122,4.344409980807572,0.12129420320061249,0.4440560234453574,0.658836339386684,11.634280744925535,0.09952780364558492,0.13833160119577698
0.6520000000000005,0.49974086327620476,4.413843453313067,0.12115975620411333,0.4510824191222449,0.6557196147196492,11.702575349346104,0.09959731421094353,0.1382005523003236
0.6620000000000005,0.4981449158237748,4.483197891439997,0.121020940543378,0.4581964412784616,0.6524960974492257,11.771116885407436,0.09966788477678452,0.13806762199745498
0.6720000000000005,0.49655345883038227,4.552470789273425,0.12087786591624711,0.46539588769038626,0.6491686909955333,11.839902669529437,0.09973951699591324,0.1379328122775417
0.6820000000000005,0.4949665343508964,4.621659699980733,0.12073064377532924,0.4726784961800801,0.645740483664434,11.90892994751215,0.09981221255015373,0.13779612514890135
0.6920000000000005,0.4933841845455171,4.6907622364355435,0.12057938730290155,0.4800419455721631,0.6422147460716997,11.978195894906138,0.09988597313717539,0.13765756266251628
0.7020000000000005,0.4918064516563416,4.75977607180866,0.1204242113864342,0.48748385673842515,0.6385949284781721,12.047697617446731,0.09996080045719924,0.13751712693683904
0.7120000000000005,0.49023337798351035,4.828698940120929,0.12026523259494515,0.4950017937319962,0.6348846578732642,12.117432151552762,0.1000366961995851,0.13737482018267552
0.7220000000000005,0.48866500586096456,4.897528636755882,0.12010256915636634,0.5025932650121816,0.6310877346870328,12.187396464889831,0.10011366202931542,0.1372306447281086
0.7320000000000005,0.48710137763184963,4.966263018941943,0.11993634093608296,0.5102557247604979,0.6272081290540628,12.257587456998186,0.10019169957337334,0.13708460304345968
0.7420000000000005,0.48554253562359206,5.0349000061888525,0.11976666941679019,0.5179865742879517,0.6232499765696919,12.328001959985334,0.10027081040703811,0.13693669776623793
0.7520000000000006,0.4839885221227077,5.1034375806911605,0.11959367767979832,0.5257831635331569,0.6192175735040948,12.398636739282216,0.10035099604009588,0.13678693172607304
0.7620000000000006,0.4824393793493551,5.1718737876913305,0.11941749038790143,0.5336427926505476,0.615115371451251,12.469488494463505,0.10043225790298094,0.13663530796959703
0.7720000000000006,0.48089514943169753,5.240206735805222,0.11923823376991241,0.5415627136875291,0.6109479713950695,12.540553860130387,0.10051459733285938,0.1364818297852461
0.7820000000000006,0.4793558743801064,5.308434597309902,0.11905603560695253,0.5495401323491166,0.6067201171902921,12.611829406855387,0.10059801555966305,0.1363265007279608
0.7920000000000006,0.4778215960612537,5.376555608393707,0.11887102522056854,0.5575722098482812,0.6024366884568815,12.683311642187997,0.10068251369209001,0.13616932464374834
0.8020000000000006,0.47629235617215077,5.444568069366575,0.11868333346273732,0.565656064839922,0.5981026928952756,12.754997011719341,0.10076809270357458,0.13601030569409547
0.8120000000000006,0.47476819621416894,5.512470344836225,0.11849309270779791,0.5737887754360533,0.5937232580284204,12.826881900204988,0.10085475341825398,0.1358494483801751
0.8220000000000006,0.4732491574671133,5.580260863846799,0.11830043684633594,0.5819673812995939,0.5893036223931452,12.898962632743116,0.10094249649693073,0.13568675756684373
0.8320000000000006,0.47173528096338435,5.647938119979981,0.11810550128102469,0.5901888858137144,0.5848491261886634,12.97123547600697,0.10103132242305217,0.13552223850638412
0.8420000000000006,0.4702266074623056,5.715500671420086,0.11790842292440594,0.5984502583236112,0.5803652014143671,13.043696639528203,0.10112123148871875,0.1353558968619669
0.8520000000000006,0.46872317742466324,5.782947140986432,0.11770934019857245,0.6067484364471322,0.57585736151404,13.116342277029096,0.10121222378073513,0.13518773873080103
0.8620000000000007,0.46722503098751467,5.850276216129263,0.11750839303668838,0.6150803284505505,0.571331190560668,13.189168487801025,0.10130429916671853,0.13501777066694157
0.8720000000000007,0.46573220793935227,5.917486648892391,0.11730572288625969,0.6234428156854724,0.5667923320104272,13.262171318124874,0.10139745728127818,0.1348459997037259
0.8820000000000007,0.4642447476956543,5.984577255845449,0.1171014727140387,0.6318327550826279,0.5622464770605695,13.335346762731566,0.10149169751228161,0.13467243337580603
0.8920000000000007,0.46276268927491787,6.051546917979387,0.11689578701241711,0.6402469816980855,0.5576993526497243,13.408690766297665,0.10158701898722332,0.1344970797407454
0.9020000000000007,0.46128607127522464,6.118394580577026,0.11668881180713389,0.6486823113071994,0.5531567091397793,13.482199224972915,0.10168342055970804,0.13431994740015496
0.9120000000000007,0.4598149318514087,6.185119253050776,0.11648069466608968,0.6571355430414075,0.5486243077222226,13.555867987935553,0.10178090079606347,0.13414104552033998
0.9220000000000007,0.45834930869291196,6.251720008751005,0.11627158470902887,0.6656034620627858,0.5441079075930885,13.629692858970106,0.10187945796210322,0.13396038385241701
0.9320000000000007,0.45688923900236805,6.318195984748874,0.11606163261781446,0.6740828422711297,0.5396132529456988,13.703669598064556,0.10197909001004533,0.1337779727518915
0.9420000000000007,0.4554347594750197,6.384546381591424,0.11585099064698529,0.6825704490380984,0.5351460598239756,13.777793923020186,0.10207979456560738,0.1335938231976555
0.9520000000000007,0.4539859062790128,6.450770463034275,0.11563981263424995,0.6910630419629146,0.5307120028962278,13.852061511070447,0.10218156891529011,0.13340794681038579
0.9620000000000007,0.4525427150366515,6.516867555745868,0.11542825401053315,0.6995573776439046,0.5263167021921417,13.926468000502796,0.10228440999386408,0.13322035587031447
0.9720000000000008,0.45110522080668713,6.582837048994024,0.11521647180915365,0.7080502124600686,0.5219657098607202,14.001008992277907,0.10238831437207152,0.13303106333435263
0.9820000000000008,0.4496734580676952,6.648678394308266,0.11500462467367333,0.7165383053568484,0.5176644970034192,14.07568005164137,0.10249327824455766,0.13284008285254204
0.9920000000000008,0.4482474607026319,6.714391105121792,0.11479287286392104,0.725018420630088,0.513418440633865,14.15047670972083,0.1025992974180444,0.13264742878381391
1.0020000000000007,0.44682726198461864,6.779974756399055,0.11458137825965282,0.7334873307021894,0.5092328108201783,14.225394465103614,0.1027063672997562,0.13245311621104008
1.0120000000000007,0.44541289456402944,6.845428984242024,0.11437030436127686,0.7419418188844776,0.5051127580668328,14.300428785388268,0.10281448288611256,0.13225716095535336
1.0220000000000007,0.4440043904569434,6.910753485479284,0.1141598162870326,0.7503786821196801,0.5010633009862728,14.375575108703885,0.10292363875169629,0.13205957958972508
1.0320000000000007,0.4426017810350229,6.975948017246356,0.1139500807659766,0.7587947336985332,0.4970893143164302,14.450828845191053,0.10303382903850722,0.13186038945178666
1.0420000000000007,0.441205097016877,7.041012396546977,0.11374126612609592,0.7671868059445169,0.49319551733531747,14.526185378438074,0.10314504744551166,0.13165960865588178
1.0520000000000007,0.4398143684609617,7.105946499803233,0.11353354227683622,0.775551752860802,0.489386462725612,14.601640066866356,0.10325728721849602,0.1314572561043399
1.0620000000000007,0.43842962476008085,7.170750262397177,0.1133270806853019,0.7838864527335491,0.485666525935925,14.677188245058119,0.10337054114023259,0.1312533514979629
1.0720000000000007,0.43705089463751146,7.235423678200489,0.11312205434535842,0.7921878106858542,0.4820398950890563,14.752825225021464,0.10348480152096443,0.13104791534571933
1.0820000000000007,0.43567820614482755,7.299966799093767,0.11291863773884424,0.8004527611766953,0.4785105614798673,14.828546297385087,0.10360006018921604,0.13084096897364114
1.0920000000000007,0.4343115866614268,7.364379734479879,0.11271700678807607,0.8086782704394442,0.475082310707565,14.90434673251853,0.10371630848293115,0.1306325345329295
1.1020000000000008,0.4329510628958321,7.428662650791128,0.11251733879882148,0.8168613388546797,0.47175871448170115,14.980221781570021,0.10383353724095228,0.13042263500725038
1.1120000000000008,0.431596660888755,7.492815770987105,0.11231981239289389,0.8249990032521576,0.46854312313541013,15.05616667741863,0.10395173679483269,0.13021129421924693
1.1220000000000008,0.43024840601797076,7.55683937404799,0.11212460742952422,0.8330883391371336,0.4654386588846743,15.132176635533796,0.10407089696099175,0.12999853683625734
1.1320000000000008,0.4289063230050168,7.620733794465236,0.11193190491466162,0.8411264628363535,0.46244820985815693,15.20824685473741,0.1041910070332166,0.1297843883752432
1.1420000000000008,0.4275704359237042,7.684499421722901,0.11174188689736107,0.8491105335593888,0.4595744249275522,15.284372517864831,0.1043120557755047,0.12956887520694807
1.1520000000000008,0.4262407682104684,7.748136699779503,0.111554736352427,0.8570377553711761,0.45681970935601124,15.36054879231906,0.10443403141525323,0.12935202455928646
1.1620000000000008,0.4249173426765387,7.8116461265424215,0.11137063704850547,0.8649053790720281,0.45418622128946123,15.436770830515023,0.10455692163679234,0.12913386451997916
1.1720000000000008,0.42360018152191325,7.8750282533405604,0.11118977340083849,0.8727107039815762,0.45167586909444646,15.513033770210443,0.10468071357526247,0.12891442403844594
1.1820000000000008,0.4222893063511275,7.938283684390264,0.11101233030793664,0.880451079623568,0.4492903095641737,15.589332734719816,0.10480539381083362,0.1286937329269712
1.1920000000000008,0.42098473819077564,8.001413076261136,0.11083849297146359,0.8881239073087067,0.44703094698846574,15.66566283300962,0.10493094836326265,0.12847182186116107
1.2020000000000008,0.41968649750875403,8.064417137332935,0.11066844669868192,0.8957266416131033,0.4448989330918295,15.742019159672529,0.10505736268678866,0.12824872237970422
1.2120000000000009,0.41839460423517943,8.127296627249114,0.11050237668686988,0.9032567917503227,0.4428951678390143,15.818396794779353,0.10518462166536076,0.12802446688345906
1.2220000000000009,0.4171090777849293,8.190052356365014,0.11034046778919024,0.9107119228353934,0.44102030109716495,15.894790803607933,0.1053127096081952,0.12779908863388473
1.2320000000000009,0.4158299370817307,8.252685185188612,0.11018290426157155,0.9180896570395208,0.43927473514368764,15.971196236249584,0.10544161024566001,0.12757262175083284
1.2420000000000009,0.4145572005837441,8.315196023813618,0.11002986949025155,0.925387674634682,0.4376586280062796,16.04760812709271,0.10557130672547825,0.12734510120972756
1.252000000000001,0.41329088631054656,8.37758583134327,0.10988154569973348,0.9326037149277624,0.4361718976132052,16.12402149418583,0.1057017816092517,0.1271165628381452
1.262000000000001,0.4120310118714244,8.439855615303198,0.10973811364101083,0.9397355770842144,0.43481422673219916,16.20043133848226,0.10583301686929743,0.1268870433118191
1.272000000000001,0.4107775944948977,8.502006431045428,0.10959975226003642,0.9467811208417604,0.4335850686707244,16.27683264296813,0.10596499388579153,0.12665658015009332
1.282000000000001,0.4095306510593405,8.564039381134776,0.10946663834653518,0.9537382671150364,0.43248365370717196,16.35322037167919,0.10609769344422258,0.12642521171083468
1.292000000000001,0.40829019812461304,8.625955614722804,0.1093389461633975,0.9606049984925862,0.43150899622190764,16.42958946860911,0.10623109573314492,0.12619297718483397
1.302000000000001,0.4070562519645596,8.68775631217996,0.10921669881992975,0.9673150838822561,0.4283855094240624,16.505934856515957,0.10636518034223473,0.12595991658970435
1.312000000000001,0.40582896926066175,8.749444610869949,0.1091084243089503,0.9717646320723803,0.40992392295177954,16.58224266841136,0.10650000568830137,0.12572593302742438
1.322000000000001,0.40460870966848766,8.811029128413702,0.10901551162031035,0.9762783551157951,0.4287083768728598,16.658486114968216,0.10663566756070973,0.1254908655263836
1.332000000000001,0.4033955971099111,8.8725119580533,0.10892809970767425,0.9809091517126809,0.43764329021748705,16.734652787626587,0.10677211046865556,0.12525481567154909
1.342000000000001,0.402189680064727,8.933893968687626,0.1088462073739094,0.985620495958116,0.44359501313231414,16.81073488147912,0.10690928178567223,0.12501787950281437
1.352000000000001,0.4009909740365225,8.995176338795961,0.10877030471428008,0.9903834707022181,0.44744766059094143,16.886726612232128,0.10704713588772355,0.12478014041950984
1.362000000000001,0.3997994766259795,9.056360395146411,0.108700515751136,0.995176208707012,0.4497563483956272,16.962623304474707,0.10718563074790793,0.12454167513190478
1.372000000000001,0.3986151759201685,9.117447451795076,0.10863677676450924,0.9999821620737501,0.45094029888702974,17.03842088115787,0.10732472629962662,0.12430255651992986
1.382000000000001,0.39743805508573077,9.178438744566925,0.10857896677827737,1.0047887692235695,0.4513141638288772,17.114115582415707,0.1074643835552125,0.12406285516996367
1.392000000000001,0.3962679775473536,9.239331189850974,0.1085003299372094,1.0063080253050245,0.21867444462912164,17.189711409152878,0.10760458786838362,0.12382259955755269
1.402000000000001,0.3951040030560739,9.300066993096571,0.10830218165112548,1.0055110691802693,0.1511041993496688,17.265264801518214,0.10774564363990195,0.12358127258456165
1.412000000000001,0.39394621300039123,9.360603328434797,0.10807619571178974,1.0048285688840939,0.15366940008851884,17.340766544268572,0.10788769663020184,0.12333863125964559
1.422000000000001,0.39279492779886943,9.420929681113247,0.10784777886481921,1.0042185930147414,0.15678905676862023,17.41619161331904,0.10803069722912517,0.1230947671122704
1.432000000000001,0.3916503446618844,9.481042500200484,0.10762290746815972,1.0036541485172878,0.15933492705753696,17.491522711519544,0.10817459142818557,0.12284977861253181
1.442000000000001,0.3905125879294649,9.54094077854012,0.10740404269882246,1.0031144880324527,0.1613853595800524,17.566747119808692,0.10831933276796309,0.1226037508137527
1.452000000000001,0.3893817413941728,9.600624792148091,0.10719240121941793,1.0025835816557696,0.1630517820751108,17.641854656264723,0.10846487955920607,0.12235676016530254
1.462000000000001,0.3882578661112182,9.660095512821886,0.10698858939911636,1.0020490774176314,0.16443508347511748,17.716836547015863,0.10861119254261196,0.12210887853742405
1.472000000000001,0.3871410103511879,9.719354296928765,0.10679289641786748,1.001501494254549,0.16562037272764762,17.791684792668264,0.1087582335126884,0.12186017557824169
1.482000000000001,0.3860312151669587,9.778402719014382,0.10660544874505772,1.0009335930262862,0.16667657867991437,17.866391812638877,0.10890596455136857,0.12161072001937587
1.492000000000001,0.38492851748983803,9.837242484566772,0.1064262922347624,1.000339886680096,0.1676579255072471,17.940950246877897,0.10905434761284712,0.121360580377463
1.5020000000000011,0.38383295183414956,9.895875385869493,0.10625543475496886,0.9997162590504547,0.1686060945887286,18.015352846734594,0.10920334430692545,0.1211098253152175
1.5120000000000011,0.38274455122044265,9.954303280898312,0.10609286736450424,0.9990596683558227,0.16955247474376725,18.089592416183333,0.10935291579336909,0.1208585238128046
1.5220000000000011,0.3816633476620599,10.012528084183533,0.10593857401125654,0.9983679166560261,0.17052022221311314,18.163661781383002,0.10950302273758505,0.12060674523498602
1.5320000000000011,0.38058937240940066,10.07055176359329,0.10579253524699118,0.9976394706320872,0.17152602416294074,18.237553776084987,0.10965362529958288,0.12035455934215676
1.5420000000000011,0.37952265606111735,10.128376339791378,0.10565472895566838,0.9968733222677393,0.17258154808924894,18.31126123583171,0.10980468314057025,0.12010203627207414
1.5520000000000012,0.3784632286033375,10.186003886669045,0.10552512970439401,0.9960688805311488,0.17369460125090042,18.384776996974306,0.1099561554385524,0.119849246507024
1.5620000000000012,0.37741111941091005,10.243436531915851,0.105403707560668,0.99522588712472,0.17487004064409267,18.458093898283995,0.11010800090829546,0.11959626083433207
1.5720000000000012,0.37636635722937445,10.300676457326315,0.10529042680162803,0.9943443509082319,0.17611047731077648,18.531204783923833,0.11026017782322613,0.11934315030434439
1.5820000000000012,0.3753289701478333,10.357725898705057,0.10518524471612906,0.9934244967995504,0.17741681580470714,18.604102507102596,0.11041264403807866,0.11908998618789245
1.5920000000000012,0.37429898556814684,10.414587145328696,0.10508811058221723,0.9924667258915442,0.17878866415288677,18.676779934045285,0.11056535701176655,0.11883683993412526
1.6020000000000012,0.37327643017325385,10.4712625389963,0.10499896484253672,0.9914715842515387,0.18022464358583495,18.74922994808746,0.11071827383030962,0.1185837831289944
1.6120000000000012,0.3722613298959839,10.527754472716557,0.1049177384715669,0.9904397384360447,0.1817226215899167,18.821445453796528,0.11087135122981896,0.11833088745438933
1.6220000000000012,0.37125370988899115,10.584065389077029,0.10484435251649059,0.9893719561942101,0.18327988685293015,18.893419381072544,0.11102454561962088,0.11807822464778986
1.6320000000000012,0.3702535944960255,10.640197778356585,0.10477871778982842,0.9882690911760521,0.18489328053507045,18.965144689209417,0.1111778131056327,0.11782586646225068
1.6420000000000012,0.3692610072245834,10.69615417641884,0.10472073469233674,0.9871320707279826,0.18655929493637977,19.036614370909263,0.1113311095141042,0.11757388462653351
1.6520000000000012,0.36827597071988144,10.751937162425586,0.1046702931467697,0.9859618860649714,0.1882741479958492,19.107821456249813,0.11148439041581763,0.11732235080523729
1.6620000000000013,0.3672985067400886,10.807549356404685,0.10462727262573943,0.9847595842695261,0.19003383997884743,19.178759016605593,0.11163761115083903,0.1170713365587786
1.6720000000000013,0.36632863613273003,10.862993416694993,0.10459154225952219,0.9835262616923549,0.19183419713029662,19.249420168524995,0.11179072685388329,0.11682091330312461
1.6820000000000013,0.3653663788122059,10.918272037294514,0.10456296101199046,0.9822630584264593,0.1936709058436761,19.319798077563753,0.11194369248034429,0.11657115226919913
1.6920000000000013,0.36441175373836704,10.973387945124555,0.10454137791482923,0.9809711536014677,0.1955395399857706,19.38988596207536,0.11209646283302428,0.11632212446191077
1.7020000000000013,0.36346477889612794,11.028343897228448,0.10452663235182028,0.9796517613033446,0.19743558331222424,19.459677096956206,0.11224899258958908,0.1160739006187631
1.7120000000000013,0.3625254712760809,11.083142677915735,0.10451855438628127,0.9783061269696215,0.19935444839880656,19.529164817344615,0.1124012363307504,0.1158265511680479
1.7220000000000013,0.36159384685612295,11.13778709586343,0.10451696512578047,0.9769355241454502,0.20129149311333996,19.59834252226948,0.11255314856918625,0.11558014618660531
1.7320000000000013,0.3606699205840847,11.192279981180898,0.10452167711905926,0.9755412515127,0.20324203537644306,19.667203678245695,0.11270468377917985,0.11533475535718322
1.7420000000000013,0.3597537063613854,11.246624182451706,0.10453249478073376,0.9741246301254988,0.20520136673325956,19.73574182281122,0.11285579642696938,0.11509044792540696
1.7520000000000013,0.3588452170277068,11.300822563752423,0.10454921483983823,0.9726870008016644,0.20716476511355064,19.803950568002783,0.11300644100177884,0.11484729265640516
1.7620000000000013,0.3579444643467502,11.354878001661671,0.10457162680866565,0.9712297216322331,0.20912750702769928,19.871823603761925,0.11315657204750369,0.11460535779112949
1.7720000000000014,0.3570514589930498,11.40879338226197,0.10459951346866873,0.969754165580863,0.2110848793771765,19.93935470126983,0.11330614419501957,0.11436471100241338
1.7820000000000014,0.3561662105399062,11.46257159814018,0.10463265137042642,0.9682617181525079,0.21303219097971246,20.00653771620267,0.1134551121950694,0.11412541935083358
1.7920000000000014,0.35528872744844486,11.516215545392678,0.10467081134488995,0.9667537751165296,0.21496478387998086,20.073366591903447,0.11360343095169,0.11388754924042681
1.8020000000000014,0.3544190170578334,11.5697281206408,0.10471375902328495,0.9652317402739039,0.21687804447327935,20.139835362464325,0.11375105555613109,0.1136511663743255
1.8120000000000014,0.3535570855766808,11.623112218060829,0.10476125536319286,0.9636970232616223,0.21876741445329703,20.20593815571397,0.1138979413212123,0.11341633571038512
1.8220000000000014,0.35270293807564584,11.676370726433198,0.10481305717846814,0.9621510373900726,0.22062840157609329,20.271669196104355,0.11404404381607237,0.11318312141686104
1.8320000000000014,0.35185657853035923,11.729506526079254,0.10486885851590172,0.9605554200919527,0.22247464809565365,20.337022803695305,0.11418931891476929,0.11295158680668321
1.8420000000000014,0.35101805309085365,11.782523105738688,0.10492853261187099,0.9583135208136624,0.22969005527737377,20.40199003832728,0.11433373184142813,0.11272177996715939
1.8520000000000014,0.3501875277014369,11.835425296461198,0.10499080397990593,0.9553900909816989,0.24505504060735256,20.46655260197412,0.11447726210629623,0.11249372604479836
1.8620000000000014,0.34936517458610633,11.888217042723005,0.10505324592908738,0.9519436276070529,0.2621068247480064,20.530691554583825,0.11461987897199963,0.1122674663161778
1.8720000000000014,0.3485511350827353,11.940901297777106,0.10511455163208606,0.9480917216306822,0.27879544023344643,20.594390222581534,0.11476154362235286,0.1120430546370871
1.8820000000000014,0.3477455209312259,11.993480497300315,0.10517412345087036,0.9439214560167619,0.29432064501804206,20.657634140457787,0.11490221308192453,0.11182055115860048
1.8920000000000015,0.3469484182908785,12.045956828929425,0.10523166845373232,0.9394975571750263,0.30844821725729177,20.72041077442246,0.11504184228146451,0.1116000190270359
1.9020000000000015,0.34615989194195146,12.098332359318698,0.10528699177498205,0.9348684123474654,0.32120901362231735,20.782709224743417,0.11518038518539098,0.11138152259220564
1.9120000000000015,0.34537998907040934,12.15060908723973,0.10533990583499893,0.9300704914955724,0.3327440615963171,20.844519954270993,0.11531779542750858,0.11116512640588955
1.9220000000000015,0.3446087424432932,12.202788961060742,0.10539019713169248,0.9251315861759697,0.3432267000339604,20.90583455933326,0.11545402668463275,0.11095089464130378
1.9320000000000015,0.34384617296673814,12.254873880302233,0.10543761956455495,0.9200731760423506,0.35282564127109284,20.966645584808404,0.11558903291053461,0.11073889073706071
1.9420000000000015,0.34309229169585725,12.306865690988447,0.10548189876789488,0.9149121545602142,0.36168939573461634,21.02694637898703,0.11572276849555488,0.1105291771608653
1.9520000000000015,0.3423471013893299,12.35876617935333,0.10552274003405127,0.909662085361302,0.3699415106299795,21.08673098177865,0.11585518838645857,0.11032181523758229
1.9620000000000015,0.34161059770035,12.410577065860764,0.10555983651225935,0.9043341154940017,0.37768099040730213,21.14599403970871,0.11598624818460573,0.11011686501273148
1.9720000000000015,0.3408827700844018,12.462300000241054,0.10559287638488575,0.8989376382250913,0.3849849429043084,21.20473074186146,0.1161159042317133,0.10991438513653388
1.9820000000000015,0.34016360249041416,12.513936557670554,0.1056215486676627,0.8934807732155966,0.39191194450747424,21.262936771882732,0.1162441136878697,0.10971443276099144
1.9920000000000015,0.3394530738883307,12.565488235989607,0.10564554768840453,0.8879707136270294,0.39850539525577827,21.32060827211747,0.11637083460406689,0.10951706344629843
2.002000000000001,0.3387511586744785,12.616956453772037,0.10566457644607992,0.8824139763220203,0.40479654518182623,21.377741816797872,0.11649602599030966,0.1093223310747966
2.012,0.33805782698645853,12.66834254907777,0.10567834908004048,0.8768165815283121,0.4108070838188172,21.434334391903903,0.11661964787976493,0.1091302877716343
2.021999999999999,0.3373730449516699,12.719647778724916,0.10568659265771965,0.8711841811833452,0.41655128770616734,21.490383379877926,0.1167416613891372,0.10894098383172829
2.031999999999998,0.3366967748876183,12.770873317970631,0.10568904845172292,0.8655221499612012,0.4220377664627666,21.545886547817638,0.11686202877533244,0.1087544676528242
2.0419999999999967,0.33602897546759164,12.82202026050998,0.10568547283892936,0.8598356491833398,0.4272708642007189,21.600842038112013,0.1169807134884254,0.10857078567452928
2.0519999999999956,0.3353696018618154,12.873089618725743,0.10567563792087277,0.8541296710471727,0.43225177461447406,21.65524836074583,0.11709768022093038,0.10838998232321692
2.0619999999999945,0.3347186058615896,12.924082324153494,0.1056593319378755,0.8484090685916704,0.4369794231196908,21.709104386694918,0.11721289495337187,0.1082120999627116
2.0719999999999934,0.3340759359919105,12.97499922812201,0.1056363595288537,0.8426785753525794,0.44145116196471224,21.762409341986725,0.11732632499615932,0.10803717885065327
2.0819999999999923,0.333441537616642,13.02584110255835,0.10560654187348338,0.8369428175923441,0.4456633164662715,21.81516280211007,0.11743793902776982,0.10786525710044668
2.091999999999991,0.33281535303917,13.0766086409357,0.10556971674237516,0.8312063212123758,0.44961161334612626,21.867364686545333,0.11754770712925187,0.10769637064868783
2.10199999999999,0.3321973216006314,13.127302459359463,0.10552573847308633,0.8254735148892416,0.45329151593333333,21.919015253251562,0.11765560081505787,0.10753055322797468
2.111999999999989,0.3315873797772444,13.177923097784358,0.10547447788434036,0.8197487305635945,0.45669848582264105,21.970115092991037,0.11776159306023473,0.10736783634497872
2.121999999999988,0.33098546127773515,13.22847102135265,0.10541582213712127,0.8140362021098183,0.4598281863806006,22.020665123413767,0.11786565832397959,0.10720824926369338
2.131999999999987,0.33039149714158467,13.278946621855207,0.10534967454880377,0.8083400627943785,0.4626766401299194,22.070666582846187,0.11796777256960798,0.10705181899371775
2.1419999999999857,0.32980541583849177,13.329350219303066,0.10527595436487078,0.8026643419702855,0.46524034938046965,22.120121023754617,0.11806791328094611,0.10689857028349325
2.1519999999999846,0.3292271433693186,13.3796820636133,0.1051945964917371,0.7970129613370912,0.4675163874174958,22.169030305864894,0.11816605947520675,0.10674852561834296
2.1619999999999835,0.32865660336858865,13.42994233639438,0.10510555119358365,0.791389731009364,0.46950246592656475,22.217396588935905,0.11826219171238582,0.10660170522320195
2.1719999999999824,0.328093717208541,13.48013115283408,0.10500878375575046,0.7857983455726943,0.47119698308340047,22.26522232519039,0.11835629210123653,0.10645812706990194
2.1819999999999813,0.3275384041046534,13.530248563677949,0.10490427411706267,0.7802423802589672,0.47259905580278455,22.312510251414544,0.11844834430188693,0.10631780688886507
2.19199999999998,0.3269905812224676,13.580294557295376,0.10479201647338766,0.7747252873374328,0.4737085388707003,22.359263380744743,0.11853833352517198,0.10618075818505765
2.201999999999979,0.3264501637855542,13.630269061825322,0.10467201885472235,0.7692503927917244,0.47452603314281727,22.40548499416001,0.11862624652876076,0.10604699225804752
2.211999999999978,0.32591706518438285,13.680171947394744,0.1045443026781205,0.763820893332923,0.47505288455762423,22.451178631705165,0.11871207161017028,0.10591651822599409
2.221999999999977,0.3253911970858619,13.73000302840285,0.1044089022788072,0.7584398537835803,0.47529117538368126,22.496348083470227,0.11879579859675891,0.10578934305340527
2.231999999999976,0.32487246954331356,13.77976206586353,0.10426586442186604,0.7531102048558549,0.47524370887428474,22.540997380351858,0.1188774188328131,0.1056654715824685
2.2419999999999747,0.324360791106608,13.82944876979962,0.10411524779689797,0.7478347413376885,0.474913988313013,22.58513078462673,0.11895692516383392,0.10554490656777743
2.2519999999999736,0.32385606893221763,13.879062801679492,0.10395712249806434,0.7426161206937366,0.47430619129186324,22.628752780363662,0.11903431191814612,0.10542764871425792
2.2619999999999725,0.3233582088929298,13.928603776890753,0.10379156949191981,0.7374568620819523,0.47342513994741225,22.671868063703887,0.11910957488595901,0.10531369671809025
2.2719999999999714,0.3228671156869614,13.97807126724199,0.10361868007542094,0.7323593457820322,0.4722762678001346,22.714481533038416,0.11918271129600874,0.10520304731042894
2.2819999999999703,0.3223826929462421,14.027464803485715,0.10343855532645113,0.7273258130281179,0.4708655837763218,22.756598279109884,0.11925371978992026,0.10509569530371252
2.291999999999969,0.32190484334362696,14.076783877855881,0.10325130554915053,0.7223583662349624,0.46919963392761055,22.798223575066896,0.11932260039443221,0.1049916336403522
2.301999999999968,0.3214334686988058,14.126027946611819,0.10305704971627772,0.7174589696042566,0.4672854613331943,22.839362866498515,0.1193893544916251,0.10489085344359615
2.311999999999967,0.3209684700827092,14.175196432584228,0.10285591491073971,0.712629450095575,0.4651305646208306,22.880021761473827,0.11945398478730818,0.10479334407034771
2.321999999999966,0.32050974792019704,14.224288727711603,0.10264803576834285,0.7078714987447374,0.46274285551541744,22.920206020612856,0.11951649527770584,0.10469909316574032
2.3319999999999648,0.32005720209084615,14.273304195567984,0.10243355392371763,0.7031866723109301,0.4601306157893747,22.9599215472124,0.11957689121459956,0.10460808671925244
2.3419999999999637,0.31961073202766327,14.322242173869308,0.1022126174612548,0.6985763952327445,0.4573024539737049,22.99917437744965,0.11963517906907195,0.10452030912216297
2.3519999999999626,0.31917023681355244,14.371101976956478,0.10198538037278818,0.6940419618725544,0.4542672621400119,23.037970670686093,0.11969136649400679,0.10443574322613894
2.3619999999999615,0.31873561527539973,14.419882898248154,0.10175200202363072,0.6895845390278812,0.4510341730618974,23.07631669989124,0.11974546228548881,0.10435437040276467
2.3719999999999604,0.31830676607563274,14.468584212660177,0.10151264662845476,0.6852051686880547,0.4476125180211411,23.11421884220605,0.11979747634325268,0.10427617060381505
2.3819999999999593,0.31788358780113635,14.51720517898319,0.10126748273838125,0.6809047710142376,0.4440117855100657,23.15168356966384,0.11984741963032633,0.1042011224220843
2.391999999999958,0.317465979049421,14.565745042217179,0.10101668274051874,0.6766841475207883,0.4402415810501284,23.18871744008486,0.11989530413200411,0.10412920315259629
2.401999999999957,0.3170538385119481,14.614203035859273,0.10076042237106805,0.672543984436102,0.4363115883262822,23.225327088159947,0.11994114281429384,0.10406038885401242
2.411999999999956,0.3166470650545337,14.66257838413688,0.10049888024298421,0.6684848562212826,0.4322315318087941,23.261519216737067,0.11998494958196461,0.10399465441007849
2.421999999999955,0.3162455577947608,14.71087030418763,0.10023223738906725,0.6645072292253923,0.428011141017311,23.297300588323363,0.12002673923632762,0.10393197359094535
2.4319999999999538,0.3158492161763551,14.759078008180381,0.09996067682123223,0.6606114654565363,0.4236601165503452,23.332678016813144,0.12006652743286922,0.10387231911421806
2.4419999999999527,0.3154579400404739,14.80720070537514,0.0996843831065957,0.6567978264486433,0.4191880979862865,23.367658359452417,0.12010433063886178,0.10381566270557874
2.4519999999999516,0.3150716296938813,14.855237604119223,0.09940354196090105,0.6530664772044921,0.4146046337422666,23.402248509048214,0.12014016609105259,0.10376197515886672
2.4619999999999505,0.31469019505288104,14.903181620880762,0.09908531001272501,0.6494174710552316,0.40992414969110197,23.436454571637586,0.12017408006894323,0.10371118399618388
2.4719999999999493,0.3143136068614563,14.950999200678766,0.09871813378568767,0.6458504010114915,0.4052783569945635,23.470277255084845,0.1202066554841509,0.10366241371584024
2.4819999999999482,0.3139415509568686,14.998709931064123,0.09839770958016064,0.6423651810659088,0.4006801264787192,23.50374294844771,0.12023850355212885,0.10361474770824135
2.491999999999947,0.3135736189139698,15.04636694495629,0.09818376199912603,0.6389626145009881,0.39592485332546956,23.536886724243146,0.12026965079917239,0.10356814524352634
2.501999999999946,0.3132096124260901,15.093996912272175,0.09796159145527795,0.6356437432291134,0.3908252750292113,23.569724917009072,0.1202994905738073,0.10352351259268464
2.511999999999945,0.3128496808898269,15.141575805000409,0.09770117311966907,0.6324084993291276,0.3855195226351949,23.602242542679758,0.12032774489403077,0.10348126361236393
2.521999999999944,0.31249392939174325,15.189084089965762,0.09741603153442122,0.6292561371143448,0.38013911506857917,23.634428564277744,0.12035430185549169,0.1034415635564106
2.5319999999999427,0.3121423828806015,15.236509968353056,0.09711613337092226,0.626185707358225,0.3747413491596568,23.666279170542264,0.12037911014661692,0.10340448708119292
2.5419999999999416,0.3117950152601572,15.283845878789737,0.09680422961869235,0.6231962285243849,0.3693512199590555,23.697795186597983,0.12040215250961532,0.10337005802721438
2.5519999999999405,0.31145172752584405,15.331077280244704,0.09644527474515348,0.620286934309846,0.3640485350921253,23.728984093970052,0.12042356290951915,0.103338074473803
2.5619999999999394,0.3111122986584013,15.378193187703863,0.09604091612084918,0.6174567119973923,0.3590343667532956,23.759864545976587,0.12044352259791175,0.1033082641814778
2.5719999999999383,0.31077653716338455,15.42519083247463,0.09561523269773345,0.614703424634454,0.3543326410254411,23.790452626563436,0.12046207859679729,0.10328055564747785
2.5819999999999372,0.31044431079179396,15.472069624007386,0.09518184971752403,0.612024723240833,0.34987477803076683,23.820759116866096,0.12047924941518068,0.10325492007724187
2.591999999999936,0.3101155204718344,15.518830408114537,0.09475089347547638,0.6094184971682335,0.34558963057885184,23.85079184024173,0.12049504377649349,0.10323134338826169
2.601999999999935,0.3097901287877203,15.565483755290694,0.09435984408489376,0.6068827564401149,0.34134536907849133,23.88055303469157,0.12050933025657024,0.10321002074764324
2.611999999999934,0.3094681854050225,15.612035427323761,0.09400019837314948,0.6044162871627686,0.3369422467400902,23.910036985510644,0.12052199893774915,0.10319111521498853
2.621999999999933,0.3091496981622803,15.6584862760631,0.09365553254394472,0.602018955443624,0.3323512039629298,23.939241802326542,0.12053303838353088,0.10317464294062041
2.6319999999999317,0.30883463339235845,15.70483608010421,0.09331735606672012,0.5996909216342471,0.32760021018356333,23.968169414403256,0.12054245199816932,0.10316059804440637
2.6419999999999306,0.3085229349181082,15.751084231362203,0.09298156689309885,0.597432299099812,0.3227257449254746,23.996823847228466,0.12055025142789048,0.10314896247097353
2.6519999999999295,0.30821453444538116,15.797230039173792,0.09264626692201021,0.595243034840784,0.31776333432109893,24.025210277788695,0.12055645347981082,0.10313971058860817
2.6619999999999284,0.3079093573616392,15.843272848471015,0.09231064303992673,0.5931228834886457,0.31274415085115476,24.053334506136764,0.12056107816832505,0.10313281210221992
2.6719999999999273,0.307607326011528,15.889212075485592,0.09197440808479734,0.591071420179056,0.3076942233785647,24.081202655838716,0.12056414749242507,0.10312823387377021
2.681999999999926,0.3073083615574083,15.93504721091279,0.09163752421731516,0.5890880669378127,0.30263474033005355,24.108821002965215,0.12056568467258165,0.10312594105603141
2.691999999999925,0.30701238504113143,15.980777812377593,0.09130006734606068,0.587172121207149,0.29758273172679245,24.136195877750794,0.12056571367256798,0.10312589780074674
2.701999999999924,0.30671931799298824,16.02640349499504,0.0909621615826717,0.585322781883687,0.29255181156039756,24.16333360751637,0.12056425889695353,0.10312806770450976
2.711999999999923,0.30642908278272324,16.071923923101394,0.09062394821102478,0.5835391713912189,0.28755285210011056,24.190240483139792,0.12056134499670676,0.10313241409331943
2.721999999999922,0.3061416028227222,16.11733880387314,0.09028557148939022,0.5818203537003181,0.28259454995597477,24.216922739053352,0.12055699674142936,0.10313890020777397
2.7319999999999207,0.30585680268581883,16.162647882701854,0.08994717253585742,0.5801653487495695,0.2776838821842931,24.243386541078447,0.12055123893286762,0.10314748932677845
2.7419999999999196,0.30557460817326504,16.207850939946013,0.08960888700353974,0.578573143875071,0.2728264654960686,24.269637978854725,0.12054409634423156,0.10315814485286894
2.7519999999999185,0.3052949463531869,16.2529477886861,0.08927084446427475,0.5770427028382706,0.2680268355735727,24.29568306100778,0.12053559367587469,0.10317083037326302
2.7619999999999174,0.3050177455812509,16.297938273177444,0.08893316851009063,0.5755729729632604,0.26328866285673325,24.321527711983453,0.1205257555215574,0.10318550970526451
2.7719999999999163,0.3047429355103193,16.342822267774242,0.0885959771140678,0.5741628908015427,0.25861491886235033,24.347177769928187,0.12051460634173376,0.10320214693133954
2.781999999999915,0.30447044709309146,16.387599676165266,0.08825938304843609,0.5728113866553338,0.2540080044785208,24.372638985249115,0.12050217044166035,0.1032207064271512
2.791999999999914,0.30420021258009433,16.432270430815855,0.08792349427844173,0.571517388216637,0.2494698492448737,24.39791701963699,0.12048847195294052,0.1032411528846248
2.801999999999913,0.30393216551444774,16.476834492536113,0.08758841430546392,0.5702798235196167,0.24500198860400382,24.423017445420772,0.12047353481762159,0.10326345133136076
2.811999999999912,0.30366624072432,16.52129185013409,0.08725424245643922,0.5690976233570297,0.24060562444690384,24.447945745169417,0.12045738277428195,0.10328756714723623
2.821999999999911,0.3034023743136112,16.565642520114547,0.08692107412562446,0.5679697232752563,0.23628167301791533,24.47270731149105,0.12044003934571569,0.10331346607877998
2.8319999999999097,0.3031405036512645,16.60988654640714,0.08658900097719396,0.5668950652349792,0.23203080322780373,24.497307446992217,0.1204215278279699,0.10334111425168634
2.8419999999999086,0.3028805673594396,16.654024000105565,0.08625811111692971,0.5658725990036797,0.22785346768820108,24.521751364375135,0.12040187128053864,0.10337047818175817
2.8519999999999075,0.3026225053007742,16.698054979211882,0.08592848924007492,0.5649012833304005,0.22374992820002296,24.546044186651535,0.12038109251758985,0.10340152478446275
2.8619999999999064,0.3023662585648294,16.741979608376855,0.08560021676104795,0.5639800869414061,0.2197202769962155,24.57019094746374,0.12035921410012068,0.10343422138325413
2.8719999999999053,0.3021117694538752,16.785798038634987,0.08527337192945439,0.5631079893865264,0.2157644547200347,24.594196591497763,0.12033625832895924,0.10346853571678201
2.881999999999904,0.3018589814680791,16.82951044712926,0.08494802993577845,0.5622839817592952,0.21188226586778483,24.618065974982148,0.12031224723855484,0.10350443594507094
2.891999999999903,0.3016078392901861,16.87311703682764,0.0846242630092967,0.561507067309038,0.20807339225105995,24.64180386626362,0.12028720259149403,0.10354189065476055
2.901999999999902,0.30135828876977167,16.91661803622623,0.08430214051010242,0.5607762619592971,0.20433740488696575,24.66541494645124,0.12026114587370278,0.10358086886346278
2.911999999999901,0.30111027690710496,16.960013699043497,0.08398172901663416,0.5600905947441448,0.20067377462980435,24.688903810125105,0.12023409829028768,0.10362134002330294
2.9219999999999,0.3008637518366959,17.003304303902084,0.08366309240971753,0.5594491081718342,0.19708188177834352,24.712274966101837,0.12020608076198329,0.1036632740236905
2.9319999999998987,0.30061866281057215,17.046490154000328,0.08334629195385025,0.5588508585235876,0.19356102483241883,24.735532838252034,0.1201771139221672,0.10370664119337282
2.9419999999998976,0.30037496018132515,17.08957157677392,0.08303138637624666,0.5582949160940813,0.19011042853459872,24.758681766365246,0.12014721811441335,0.10375141230181262
2.9519999999998965,0.3001325953849799,17.132548923548004,0.08271843194400076,0.5577803653792673,0.18672925129809337,24.781726007056754,0.12011641339055255,0.10379755855993086
2.9619999999998954,0.29989152092371474,17.175422569179936,0.08240748253960904,0.5573063052163857,0.18341659209795977,24.80466973471286,0.12008471950921139,0.10384505162025506
2.9719999999998943,0.29965169034847877,17.218192911695322,0.08209858973499111,0.5568718488079692,0.18017155256404319,24.8275170424697,0.1200521559348046,0.10389386357650537
2.981999999999893,0.29941305824190223,17.26086037193922,0.08179180272646468,0.55647612097876,0.17699519910178213,24.850271943187103,0.12001874183681599,0.10394396696286207
2.991999999999892,0.2991755802018192,17.30342539313303,0.08148716828652619,0.5561182643856443,0.17388422444257,24.87293837038619,0.11998449608926258,0.10399533475306866
3.001999999999891,0.2989392128219628,17.34588844042691,0.08118473149072374,0.5557974380759693,0.1708364200482819,24.895520179478435,0.11994943727150965,0.10404794035761453
3.01199999999989,0.29870391367374916,17.388250000613898,0.08088453559601486,0.5555128146520972,0.16785107598645033,24.918021148912686,0.1199135836690062,0.10410175762113733
3.0219999999998888,0.2984696412892086,17.430510581776527,0.08058662191933091,0.5552635804256203,0.16492735566654743,24.94044498123328,0.11987695327410394,0.10415676081979702
3.0319999999998877,0.2982363551439587,17.472670712893965,0.08029102984598374,0.5550489355409061,0.16206432378538116,24.962795304153783,0.1198395637871974,0.10421292465826193
3.0419999999998866,0.2980040156401325,17.514730943433516,0.07999779687923067,0.5548680940180805,0.15926096866962747,24.985075671654222,0.11980143261816867,0.1042702242663269
3.0519999999998855,0.29777258408933016,17.556691842935717,0.0797069587042216,0.554720283730935,0.1565162199972349,25.007289565094666,0.11976257688811197,0.10432863519519703
3.0619999999998844,0.2975420226956364,17.598554000598796,0.07941854925630575,0.5546047463331497,0.15382896294124246,25.029440394340533,0.11972301343132069,0.10438813341345927
3.0719999999998833,0.29731229453874164,17.640318024860598,0.07913260078932949,0.5545207371433285,0.1511980495317827,25.05153149889554,0.11968275879752409,0.10444869530275691
3.081999999999882,0.29708336355720216,17.681984542983564,0.0788491439420493,0.5544675249970326,0.14862230784881209,25.073566149038225,0.11964182925435382,0.1045102976531928
3.091999999999881,0.2968551746459703,17.72355318096096,0.07856680826163819,0.5544444894059681,0.14612311495190808,25.095549463605295,0.11960024268778578,0.10457291480041464
3.10199999999988,0.2966275557503517,17.76502000101436,0.07828107227582733,0.5544516690417681,0.1439980751711564,25.117497863262987,0.11955803120534608,0.10463649963007794
3.111999999999879,0.29640038261465895,17.80638213874466,0.0779910239411782,0.5544885499520029,0.14252618899800226,25.13942321391426,0.11951522000487878,0.1047010153812404
3.1219999999998778,0.2961736027756195,17.847638872999358,0.07769977228171795,0.5545540268630141,0.14166148532269246,25.161330486711453,0.11947182336753415,0.10476644170844819
3.1319999999998767,0.29594732768752174,17.88879524407175,0.07741501253287576,0.554646197213192,0.14099677093957377,25.183208814996963,0.11942783422761787,0.10483279045107355
3.1419999999998756,0.29572163142182817,17.929855460815276,0.07713888361236282,0.5547638435942801,0.14003197270756224,25.205050912561322,0.11938325114971822,0.10490006498744411
3.1519999999998745,0.29549650162758984,17.970821929999595,0.0768691192855586,0.5549068821306431,0.13876174571180327,25.2268578423928,0.1193380896380265,0.10496824313925737
3.1619999999998734,0.2952719145930641,18.01169629361822,0.07660377526149367,0.5550752764113269,0.1372589118731107,25.24863177384864,0.11929236502898763,0.10503730295678113
3.1719999999998723,0.295047843945178,18.052479735209367,0.0763418236205393,0.5552688782991038,0.13558546845798872,25.270375143022367,0.11924609166179848,0.10510722397177992
3.181999999999871,0.29482426249855986,18.093173204401538,0.07608279062124959,0.5554874309625358,0.1337905000394749,25.292090474203093,0.11919928329025638,0.10517798657698778
3.19199999999987,0.29460114297158085,18.133777544905783,0.07582648492614452,0.5557305887854096,0.13191220782006557,25.313780310559196,0.11915195329409263,0.10524957170730066
3.201999999999869,0.2943784583325409,18.1742935606496,0.07557285090326656,0.5559979380566586,0.129980009151494,25.33544718045345,0.11910411478073168,0.10532196068598958
3.211999999999868,0.294156181975957,18.214722048503614,0.07532189437769414,0.556289015076202,0.1280163688844881,25.357093580133625,0.11905578063393583,0.10539513515096378
3.2219999999998667,0.2939342878125276,18.255063813743252,0.07507364608836878,0.5566033208961323,0.12603831586697734,25.3787219647525,0.11900696353559718,0.10546907702155414
3.2319999999998656,0.29371275031387467,18.295319676753447,0.07482814426735906,0.5569403328447813,0.1240586635360323,25.400334743757902,0.11895767597418905,0.10554376848546697
3.2419999999998645,0.2934915445331275,18.335490475395424,0.07458542677386513,0.5572995133046634,0.12208697517698824,25.42193427862258,0.11890793024699532,0.10561919199517925
3.2519999999998634,0.293270646112316,18.37557706529412,0.07434552792047935,0.5576803154090282,0.1201296704477883,25.44352288185595,0.11885773845986275,0.10569533026812379
3.2619999999998623,0.2930500312817455,18.415580319184432,0.07410847780828565,0.5580821866828573,0.1181902392468353,25.465102816799423,0.11880711252679098,0.10577216628716214
3.2719999999998612,0.2928296768555729,18.455501126048098,0.07387430218625492,0.5585045769143749,0.11627464170652844,25.486676297796578,0.11875606416941402,0.10584968330126374
3.28199999999986,0.29260956022626206,18.495340390046625,0.07364302249327394,0.5589469382934408,0.11438564226423503,25.508245490477933,0.1187046049163368,0.10592786482644609
3.291999999999859,0.2923896593565523,18.535099029430746,0.07341465655734905,0.5594087272436106,0.11252494315757833,25.52981251229477,0.11865274610377127,0.10600669464477973
3.301999999999858,0.2921699527702057,18.574777975576744,0.07318921920259842,0.5598894056650369,0.11069361943101254,25.551379433179022,0.11860049887690806,0.10608615680230751
3.311999999999857,0.2919504195422318,18.614378172129324,0.07296672274882858,0.5603884417600064,0.10889227259849242,25.572948276261215,0.1185478741918805,0.10616623560609109
3.3219999999998557,0.2917310392888286,18.653900574244766,0.07274717742079567,0.5609053105608205,0.10712114803868628,25.594521018623098,0.11849488281822476,0.10624691562052657
3.3319999999998546,0.2915117921571967,18.693346147913005,0.07253059167887022,0.5614394942406553,0.10538022468500245,25.616099592069517,0.11844153534174544,0.10632818166306349
3.3419999999998535,0.2912926588153161,18.732715869349423,0.07231697248365442,0.5619904822667818,0.10366928351855963,25.63768588391068,0.11838784216769808,0.1064100187994584
3.3519999999998524,0.29107362044176266,18.772010724442342,0.07210632550666694,0.5625577714399282,0.1019879598544553,25.659281737747108,0.11833381352421894,0.1064924123386662
3.3619999999998513,0.29085465871561983,18.811231708244716,0.0718986552977689,0.5631408658519349,0.10033578323694411,25.680888954251657,0.11827945946593955,0.10657534782746221
3.3719999999998502,0.29063575580652273,18.850379824503097,0.07169396541827175,0.5637392767853827,0.09871220786482197,25.70250929194469,0.11822478987774003,0.10665881104486229
3.381999999999849,0.29041689436485707,18.88945608521448,0.07149225854698787,0.5643525225724844,0.09711663577846946,25.72414446796012,0.11816981447859758,0.10674278799640612
3.391999999999848,0.2901980575121456,18.928461510207267,0.07129353656502017,0.564980128425946,0.0955484345123082,25.745796158798765,0.1181145428255015,0.10682726490834567
3.401999999999847,0.2899792288316216,18.967397126742416,0.07109780062385906,0.5656216262510447,0.09400695051659595,25.767466001068957,0.11805898431741065,0.10691222822177347
3.411999999999846,0.28976039235901485,19.00626396912774,0.07090505120036808,0.5662765544456894,0.092491519342883,25.789155592211582,0.1180031481992294,0.10699766458672685
3.4219999999998447,0.2895415325735379,19.045063078347415,0.07071528814144874,0.5669444576933751,0.09100147335257083,25.810866491210653,0.11794704356578978,0.10708356085628504
3.4319999999998436,0.28932263438909733,19.083795501700468,0.07052851070055435,0.5676248867525876,0.08953614753247559,25.83260021928664,0.11789067936582519,0.10716990408068099
3.4419999999998425,0.28910368314571305,19.122462292449754,0.07034471756773682,0.5683173982452402,0.08809488385700096,25.854358260574177,0.11783406440592623,0.10725668150144078
3.4519999999998414,0.28888466460115253,19.16106450947682,0.07016390689453977,0.5690215544459927,0.08667703454091227,25.876142062783085,0.11777720735446938,0.1073438805455649
3.4619999999998403,0.28866556492278933,19.199603216944784,0.06998607631474912,0.5697369230737734,0.08528196443935032,25.89795303784178,0.1177201167455147,0.10743148881975546
3.471999999999839,0.28844637067966156,19.23807948396626,0.0698112229617995,0.5704630770864466,0.0839090527955462,25.919792562525114,0.11766280098266406,0.10751949410470237
3.481999999999838,0.28822706883474813,19.276494384276603,0.0696393434834477,0.571199594479269,0.08255769448757636,25.941661979064826,0.11760526834287606,0.10760788434943337
3.491999999999837,0.28800764673745294,19.314848995911607,0.06947043405420109,0.5719460580876037,0.08122730089191771,25.96356259574331,0.11754752698023667,0.10769664766572933
3.501999999999836,0.2877880921162867,19.353144400888873,0.06930449038587795,0.5727020553941715,0.07991730045242008,25.98549568747158,0.11748958492968019,0.10778577232261184
3.511999999999835,0.28756839307175514,19.39138168489379,0.06914150773660285,0.5734671783410528,0.07862713902258456,26.00746249635045,0.117431450110659,0.10787524674090573
3.5219999999998337,0.2873485380694385,19.429561936967936,0.0689814809184698,0.5742410231465258,0.07735628003686701,26.029464232216128,0.11737313033075851,0.10796505948788117
3.5319999999998326,0.28712851593326666,19.46768624920165,0.06882440430406996,0.5750231901268225,0.07610420454823606,26.05150207316979,0.11731463328926127,0.10805519927196916
3.5419999999998315,0.2869083164173476,19.50575658814334,0.0686751017885075,0.5758132729631807,0.0748707526547091,26.073577108084862,0.11725596325211012,0.10814566007124546
3.5519999999998304,0.28668795560270643,19.543780874338523,0.068548355048865,0.5766106699036428,0.07366222604563255,26.095687786817678,0.11719707820755487,0.10823650726897481
3.5619999999998293,0.28646748430828933,19.581765192229714,0.0684367238211578,0.5774149153578767,0.07247698597043158,26.117829063497148,0.11713795066447573,0.10832778398616809
3.571999999999828,0.28624693356083397,19.61971247115469,0.06833343947431311,0.5782259508443489,0.07130541884409992,26.13999786464832,0.11707858354882265,0.10841948645281323
3.581999999999827,0.2860263148112694,19.657624453202082,0.06823521597913461,0.5790438417491918,0.07014498540612882,26.16219307613935,0.11701898477267544,0.10851160318338693
3.591999999999826,0.2858056302182672,19.695502438282425,0.0681407068736364,0.5798686302396143,0.06899670970660249,26.18441451590737,0.11695916326866602,0.10860412108786728
3.601999999999825,0.2855848780856815,19.733347589396317,0.06804942609007406,0.5807002917056939,0.06786253359368645,26.20666238984228,0.1168991283871758,0.10869702639962357
3.611999999999824,0.28536405526630865,19.771161047831097,0.06796122853323833,0.5815387313099628,0.06674430503518222,26.228937050924586,0.11683888972913058,0.10879030493200273
3.6219999999998227,0.2851431581844556,19.80894396988538,0.06787608987221473,0.5823837935709247,0.06564347034871824,26.251238896590078,0.11677845705095379,0.10888394222402889
3.6319999999998216,0.28492218326531793,19.84669753382751,0.06779401966482122,0.5832352745827691,0.0645610359339687,26.273568325516994,0.11671784019811997,0.10897792364229669
3.6419999999998205,0.28470112711259826,19.88442293692275,0.06771502967353107,0.5840929332411298,0.06349762111429262,26.295925719657525,0.11665704905890409,0.10907223445191433
3.6519999999998194,0.28447998545043696,19.922120202872833,0.06763250034438328,0.5849565155554979,0.062452926251686476,26.318311551316118,0.11659609806494613,0.10916685282716888
3.6619999999998183,0.2842587189328819,19.959782842822726,0.0675320246819899,0.58582596740861,0.061415556648900214,26.340729849199423,0.11653505084652682,0.10926168044166279
3.671999999999817,0.284037257067499,19.99740723505151,0.06742282973953748,0.5867010003312785,0.06038279455269744,26.36318781610757,0.11647394610762744,0.10935665747678316
3.681999999999816,0.2838155546218242,20.034992478322117,0.06731069221754224,0.5875809245778415,0.059362504075206296,26.38569011533817,0.11641279849776125,0.10945176138665476
3.691999999999815,0.28359358470670615,20.07253877993412,0.06719864147155485,0.5884649425334172,0.058357115687128085,26.40823956237495,0.11635161891374542,0.10954697541042259
3.701999999999814,0.283371330093748,20.11004689214923,0.06708817754186858,0.5893522695829098,0.05736678055187561,26.43083799990006,0.11629041627701504,0.10964228582187392
3.711999999999813,0.2831487788188196,20.14751781769183,0.06698000913956006,0.5902421772725981,0.056390875522883036,26.45348674109432,0.1162291982585188,0.10973768080909213
3.7219999999998117,0.2829259218832774,20.18495266361706,0.0668744491883096,0.5911340039791989,0.05542856970392883,26.476186801538866,0.11616797172318728,0.10983314978725456
3.7319999999998106,0.2827027520258838,20.222352571952833,0.0667716175608078,0.5920271516426571,0.054479046994832546,26.49893902314981,0.11610674300616776,0.10992868297138962
3.7419999999998095,0.2824792630595127,20.2597186884191,0.06667154307072767,0.5929210773159643,0.053541583554794304,26.521744141118926,0.11604551808608939,0.11002427110832168
3.7519999999998084,0.2822554495090903,20.297052149509604,0.06657421393792083,0.5938152835989943,0.05261556479751028,26.544602820433333,0.11598430269538978,0.1101199053059542
3.7619999999998073,0.28203130641121144,20.334354078118942,0.06647960218673327,0.5947093097059065,0.05170047910756279,26.56751567605638,0.11592310239185949,0.11021557692255052
3.771999999999806,0.28180682920111483,20.371625582924032,0.066387675007193,0.5956027237931826,0.050795904216904525,26.590483284274743,0.11586192260600413,0.11031127749343395
3.781999999999805,0.2815820136472874,20.408867759231786,0.0662983996997571,0.5964951166561338,0.04990149270510409,26.613506189226563,0.11580076867312115,0.11040699868134506
3.791999999999804,0.28135685581232545,20.446081690249763,0.06621174553991938,0.5973860966821399,0.04901695895961772,26.63658490677212,0.11573964585555425,0.11050273224200179
3.801999999999803,0.28113135202850675,20.483268448328324,0.06612768422448559,0.5982752858737407,0.048142068206306954,26.65971992687531,0.11567855935852182,0.11059846999960612
3.8119999999998018,0.2809054988817807,20.520429096012062,0.0660461897129796,0.5991623167459045,0.047276627552831074,26.682911715133066,0.11561751434167336,0.1106942038289626
3.8219999999998007,0.28067929320067675,20.55756468686046,0.0659672378515532,0.6000468299203656,0.04642047876958978,26.70616071380707,0.11555651592772902,0.11078992564211121
3.8319999999997996,0.28045273204820514,20.594676266050772,0.06589080595546444,0.600928472267487,0.045573492500253554,26.72946734255306,0.1154955692091098,0.11088562737806915
3.8419999999997985,0.28022581271561803,20.631764870796957,0.06581687242337596,0.6018068954740039,0.04473556362033859,26.752831998962183,0.11543467925313348,0.110981300994792
3.8519999999997974,0.2799985327173918,20.668831530616576,0.06574541640822404,0.602681754939958,0.04390660751184848,26.776255058979178,0.1153738511061856,0.11107693846271961
3.8619999999997963,0.27977088978702996,20.705877267478225,0.06567641754770236,0.6035527089290682,0.043086557067151206,26.799736877238058,0.11531308979712922,0.11117253175949965
3.871999999999795,0.27954288187344817,20.742903095855834,0.06560985574864975,0.6044194179137362,0.042275360273532334,26.823277787339222,0.11525240034014886,0.11126807286558622
3.881999999999794,0.2793145071377795,20.779910022708517,0.06554571101690708,0.6052815440692847,0.04147297826326771,26.846878102084467,0.11519178773715964,0.11136355376051045
3.891999999999793,0.27908576395049717,20.81689904740538,0.06548396332415767,0.6061387508825954,0.04067938373428524,26.87053811368024,0.11513125697988262,0.11145896641966782
3.901999999999792,0.2788566508887828,20.853871161605458,0.06542459250422071,0.6069907028484038,0.039894559672168324,26.894258093916353,0.11507081305165508,0.11155430281151506
3.9119999999997908,0.278627166734089,20.89082734910481,0.06536757817252807,0.607837065232843,0.03911849831219873,26.91803829432537,0.11501046092902789,0.11164955489509698
3.9219999999997897,0.27839731046985583,20.927768585655855,0.06531289966371669,0.6086775038886159,0.038351200297815524,26.941878946326664,0.11495020558319058,0.11174471461784038
3.9319999999997886,0.2781670812793566,20.964695838768094,0.06526053598332728,0.6095116851099005,0.037592673995801865,26.96578026135766,0.11489005198125156,0.11183977391357244
3.9419999999997875,0.2779364785436494,21.001610067490713,0.06521046577046682,0.6103392755178882,0.036842934941127295,26.989742430994564,0.11483000508739788,0.1119347247007267
3.9519999999997864,0.27770550183962706,21.03851222218556,0.06516266726899127,0.6111599419700673,0.03610200538494638,27.013765627063403,0.11477006986395197,0.11202955888070953
3.9619999999997852,0.2774741509381303,21.075403244286267,0.06511711830530988,0.6119733514879311,0.03536991392801445,27.03785000174481,0.11471025127233452,0.11212426833641342
3.971999999999784,0.277242425802146,21.112284066054347,0.06507379627134549,0.6127791711991425,0.03464669522351531,27.06199568767038,0.11465055427394873,0.11221884493085374
3.981999999999783,0.2770103265850508,21.149155610324478,0.06503267811151688,0.6135770682910655,0.03393238973647453,27.08620279801456,0.11459098383098976,0.11231328050592322
3.991999999999782,0.2767778536289239,21.18601879024838,0.0649937403128649,0.6143667099733571,0.03322704354936396,27.11047142657978,0.11453154490718963,0.11240756688124895
4.001999999999781,0.2765450074628993,21.222874509032206,0.06495695889764681,0.6151477634478618,0.03253070820659415,27.134801647877545,0.1144722424684977,0.11250169585315167
4.01199999999978,0.2763117888015593,21.25972365967255,0.06492230941787021,0.6159198958844512,0.03184344059014338,27.159193517205654,0.11441308148370215,0.1125956591936997
4.021999999999779,0.27607819854338167,21.296567124687524,0.06488976695136575,0.6166827744018275,0.03116530282199303,27.183647070719967,0.11435406692500187,0.1126894486498425
4.031999999999778,0.27584423776921563,21.333405775847602,0.06485930609907839,0.6174360660525074,0.030496362187837113,27.20816232550336,0.11429520376851612,0.11278305594264514
4.041999999999777,0.27560990774079647,21.370240473903127,0.06483090098333784,0.6181794378114386,0.029836691079751627,27.23273927963089,0.11423649699475152,0.11287647276659207
4.051999999999776,0.2753752098992943,21.407072068310825,0.06480452524691303,0.6189125565678115,0.02918636695421833,27.257377912231583,0.11417795158901581,0.11296969078897834
4.061999999999775,0.2751401531814249,21.443900411469208,0.06477855184539891,0.619635080835936,0.028545594084096827,27.282077414267388,0.11411957649343513,0.11306269535156385
4.071999999999774,0.2749047778056488,21.480723852318278,0.06475379979921965,0.6203465693024389,0.027915837311526207,27.30683368186048,0.11406138995341034,0.113155456925135
4.0819999999997725,0.27466911259930316,21.5175422324123,0.06473087421303199,0.6210465173541521,0.027298200210553097,27.331643795336042,0.11400339478017636,0.11324797053711376
4.091999999999771,0.2744331727179149,21.55435586635982,0.0647094819831259,0.6217344939958673,0.026692034593514224,27.35650626524238,0.11394559041982359,0.11334023657746584
4.10199999999977,0.27419696748026273,21.591165178027815,0.06468945475409447,0.6224101368053205,0.026096580523353254,27.381420212302842,0.11388797832213647,0.11343225223773303
4.111999999999769,0.27396050362174945,21.627970649193678,0.06467074174700674,0.623073117341017,0.02551141964426238,27.406385026660132,0.1138305617075369,0.11352401187380468
4.121999999999768,0.27372378678321013,21.664772803414042,0.06465333904312037,0.6237231191854866,0.0249363874049339,27.431400211745277,0.11377334486874144,0.11361550811439002
4.131999999999767,0.27348682220074444,21.701572192138126,0.06463725202423991,0.6243598275430606,0.02437146095931058,27.456465311811247,0.11371633269656214,0.11370673261486951
4.141999999999766,0.2732496150243688,21.738369382274254,0.06462248129762191,0.6249829251319899,0.023816692249465067,27.481579878371896,0.11365953040972142,0.11379767648721104
4.151999999999765,0.27301217046447684,21.77516494630738,0.06460901933565419,0.62559209100865,0.023272173596085532,27.506743454706736,0.11360294340712734,0.1138883305352374
4.161999999999764,0.2727744938587465,21.81195945505251,0.0645968510568868,0.6261870006199054,0.022738020701210684,27.53195556872024,0.11354657718728149,0.11397868538312242
4.171999999999763,0.2725365907024197,21.848753472578363,0.0645859554403506,0.6267673262962794,0.022214364247694914,27.557215729651322,0.11349043730377875,0.11406873154645766
4.1819999999997615,0.27229846666172663,21.88554755272647,0.06457630710510079,0.6273327378458461,0.02170134565344373,27.58252342655646,0.11343452934028736,0.11415845947231301
4.19199999999976,0.2720601275795588,21.922342236736267,0.06456787755556864,0.6278829031148833,0.021199114847662456,27.607878127609197,0.11337885889617334,0.11424785956235069
4.201999999999759,0.27182157947755026,21.959138051610353,0.06456063607721513,0.6284174884722623,0.020707829055830688,27.63327927977846,0.11332343157803315,0.11433692218653344
4.211999999999758,0.27158282855646815,21.99593550896134,0.06455455035083728,0.6289361592124005,0.02022765210967789,27.658726308685534,0.11326825299454675,0.11442563769154843
4.221999999999757,0.2713438811957951,22.032735104171064,0.06454958686319268,0.6294385798857008,0.019758754045293158,27.68421861854664,0.11321332875323292,0.11451399640620631
4.231999999999756,0.2711047439529007,22.06953731575054,0.06454571117794389,0.6299244145693239,0.019301310868157645,27.709755592159325,0.11315866445829406,0.11460198864511165
4.241999999999755,0.27086542356199167,22.106342604827052,0.0645428881136853,0.6303933270908655,0.018855504420373283,27.73533659091266,0.11310426570909743,0.11468960471132685
4.251999999999754,0.27062592693294385,22.143151414712978,0.06454108186121311,0.6308449812158897,0.018421522313835946,27.760960954810436,0.11305013809902413,0.11477683489845877
4.261999999999753,0.27038626115005304,22.179964170528823,0.06454025606140976,0.6312790408082971,0.01799955790476336,27.786628002503427,0.11299628721452779,0.11486366949242018
4.2719999999997516,0.27014643347074213,22.216781278858374,0.0645403738576578,0.6316951699707267,0.017589810296136064,27.812337031326873,0.11294271863430883,0.11495009877301647
4.2819999999997505,0.26990645132423946,22.253603127427013,0.06454139793173762,0.6320930331706364,0.017192484357631037,27.83808731734149,0.11288943792854753,0.11503611301544915
4.291999999999749,0.2696663171306405,22.290430904424248,0.06454552512602389,0.6324722994227895,0.0168076364508065,27.863878671953533,0.11283644800983615,0.11512170677080773
4.301999999999748,0.269425990261194,22.327268300198003,0.06455278232757082,0.6328327412651393,0.016433257925913027,27.88971553599884,0.1127837375446602,0.1152068976132293
4.311999999999747,0.2691854414133437,22.364116905748325,0.06456127258240267,0.6331742356544826,0.016068616992381837,27.915601147874774,0.11273131366287092,0.11529167329505698
4.321999999999746,0.26894466081142043,22.400977694992342,0.0645712086955989,0.6334965733544085,0.01571548222449671,27.941536653985544,0.11267918836036245,0.11537601366949037
4.331999999999745,0.2687036459800323,22.437851500616173,0.06458262900423786,0.6337994645434155,0.015375236091225118,27.967522417537754,0.11262737111386294,0.11545990262840869
4.341999999999744,0.2684623983675674,22.474739028279608,0.06459546303853553,0.6340825802547516,0.015048730282344696,27.993558379333894,0.11257586956951808,0.11554332699854766
4.351999999999743,0.2682209216172126,22.511640874547624,0.06460960901554058,0.6343455765023094,0.014736506566349799,28.019644242596566,0.11252469024785867,0.11562627540726257
4.361999999999742,0.26797922062845386,22.548557548287892,0.06462496524450576,0.6345881061908804,0.014438945348351261,28.04577957334877,0.11247383898338213,0.11570873757488394
4.3719999999997405,0.2677373010485484,22.58548948938522,0.06464144032792037,0.6348098245546068,0.014156347103573533,28.071963854816662,0.11242332119092467,0.11579070388577842
4.381999999999739,0.26749516899689774,22.62243708319619,0.0646589546755898,0.6350103913462123,0.013888975642641879,28.098196516904146,0.11237314202706977,0.11587216512840345
4.391999999999738,0.26725283091522806,22.659400671002054,0.06467743889243038,0.6351894714657271,0.013637080812945825,28.124476952189298,0.11232330648808435,0.1159531123376143
4.401999999999737,0.2670102934858092,22.696380557255516,0.06469683141173678,0.6353467348942982,0.01340091021789729,28.1508045246251,0.11227381946936993,0.11603353669900657
4.411999999999736,0.26676756358650955,22.733377014444816,0.06471707629015994,0.6354818563657119,0.013180715092726964,28.177178574286735,0.11222468580149307,0.11611342949103692
4.421999999999735,0.2665246482658836,22.770390286267236,0.06473812143956967,0.635594514983177,0.012976753087239773,28.20359841996699,0.11217591027192172,0.11619278205021649
4.431999999999734,0.2662815547291791,22.80742058963465,0.0647599173105295,0.6356843938738114,0.012789289425502432,28.230063360597782,0.11212749763800406,0.11627158575045216
4.441999999999733,0.266038290330335,22.844468115890326,0.06478241595332535,0.6357511799158596,0.012618597224013787,28.256572676027076,0.11207945263455987,0.11634983199110033
4.451999999999732,0.26579486256729856,22.881533031495174,0.06480557036609165,0.635794563546182,0.012464957384434436,28.283125627438533,0.11203177997814887,0.11642751219040147
4.461999999999731,0.2655512790791942,22.918615478365965,0.06482933405001119,0.6358142386435013,0.012328658277770195,28.309721457571552,0.11198448436926978,0.11650461778227114
4.4719999999997295,0.2653075476445473,22.955715573981085,0.0648536607090249,0.635809902478364,0.012209995331851275,28.33635939082767,0.11193757049326812,0.11658114021519116
4.481999999999728,0.26506367618012244,22.99283341133228,0.06487850404819377,0.6357812557199332,0.012109270577402713,28.363038633310676,0.11189104302042915,0.11665707095243034
4.491999999999727,0.26481967274014095,23.029969058778118,0.06490381763838507,0.6357280024904923,0.012026792177969627,28.38975837282578,0.11184490660554945,0.1167324014731204
4.501999999999726,0.26457554551573104,23.067122559826487,0.06492955482505003,0.6356498504598314,0.011962873952153195,28.416517778853674,0.11179916588717342,0.11680712327388594
4.511999999999725,0.2643313028345455,23.10429393287384,0.06495566866605135,0.6355465109731132,0.011917834889545098,28.443316002506464,0.11175382548660488,0.11688122787084955
4.521999999999724,0.2640869531605004,23.14148317091116,0.06498211188847602,0.6354176992071183,0.01189199865692463,28.4701521764705,0.11170889000676947,0.11695470680188978
4.531999999999723,0.263842505093612,23.178690241207303,0.06500883685773806,0.6352631343508739,0.011885693089294096,28.497025414938488,0.11166436403096999,0.11702755162908371
4.541999999999722,0.26359796736992125,23.21591508497555,0.06503579555452672,0.6350825398075918,0.011899249659142342,28.52393481353206,0.11162025212156404,0.11709975394128588
4.551999999999721,0.2633533488615,23.253157617026208,0.06506293955664834,0.6348756434155374,0.011933002918340976,28.55087944921536,0.11157655881858718,0.11717130535680634
4.56199999999972,0.26310865857653376,23.29041772540817,0.06509022002378688,0.634642177686065,0.011987289905313147,28.57785838020022,0.11153328863832646,0.1172421975261797
4.5719999999997185,0.262863905659491,23.32769527104018,0.06511758768384988,0.6343818800574598,0.012062449511440676,28.6048706458417,0.11149044607185965,0.11731242213499966
4.581999999999717,0.2626190993913645,23.36499008733267,0.06514499281998182,0.6340944931635749,0.012158821800881178,28.63191526652567,0.11144803558355919,0.11738197090682144
4.591999999999716,0.2623742491900102,23.402301979800605,0.06517238525759685,0.6337797651165008,0.012276747277000259,28.65899124354545,0.11140606160957296,0.11745083560611083
4.601999999999715,0.26212936461056924,23.439630725666728,0.0651997143509595,0.6334374498026901,0.01241656609084407,28.686097558969134,0.11136452855627836,0.11751900804124683
4.611999999999714,0.26188445534599114,23.476976073455234,0.06522692896894795,0.6330673071920967,0.012578617184384088,28.71323317549558,0.11132344079871534,0.11758648006756725
4.621999999999713,0.26163953122766037,23.514337742575496,0.06525397747971072,0.632669103659971,0.01276323736449018,28.740397036298642,0.11128280267900047,0.11765324359045425
4.631999999999712,0.2613946022261303,23.551715422895455,0.06528080773396511,0.6322426123210076,0.012970760301155577,28.76758806485926,0.11124261850472326,0.11771929056845731
4.641999999999711,0.26114967845198134,23.589108774302545,0.06530736704671296,0.6317876133756078,0.013201515444763449,28.794805164783448,0.11120289254732785,0.11778461301644877
4.65199999999971,0.2609047701568028,23.626517426253283,0.06533360217715804,0.6313038944679668,0.01345582685748153,28.82204721960612,0.11116362904047884,0.11784920300881223
4.661999999999709,0.2606598877343143,23.66394097730981,0.06535945930661426,0.6307912510557502,0.013734011952849212,28.849313092578992,0.11112483217841809,0.1179130526826541
4.6719999999997075,0.2604150417216356,23.701378994660825,0.06538488401419072,0.6302494867910634,0.014036380138567055,28.876601626441396,0.11108650611430836,0.11797615424104349
4.681999999999706,0.2601702428007189,23.738831013629,0.06540982125002766,0.6296784139123898,0.014363231357775003,28.903911643172435,0.11104865495857237,0.11803849995626606
4.691999999999705,0.25992550179994683,23.776296537160142,0.0654342153058484,0.6290778536471304,0.014714854522684742,28.931241943723958,0.11101128277722115,0.11810008217310233
4.701999999999704,0.2596808296959293,23.813775035294555,0.0654580097825761,0.6284476366243305,0.015091525836795057,28.958591307730593,0.11097439359018257,0.11816089331211088
4.711999999999703,0.25943623761548856,23.851265944619758,0.06548114755474405,0.6277876032970776,0.01549350699979643,28.985958493197856,0.11093799136962448,0.1182209258729264
4.721999999999702,0.25919173683787783,23.888768667700557,0.06550357073140882,0.627097604374029,0.015921043291263128,29.013342236163137,0.11090208003828181,0.1182801724375557
4.731999999999701,0.25894733879721926,23.926282572486816,0.06552522061324975,0.6263775012593971,0.016374361528026123,29.040741250331088,0.11086666346778042,0.11833862567368383
4.7419999999997,0.2587030550852097,23.963806991695748,0.06554603764551331,0.6256271665006632,0.016853667892336728,29.068154226677706,0.11083174547697276,0.11839627833796465
4.751999999999699,0.25845889745410333,24.001341222166936,0.06556596136643007,0.6248464842431717,0.017359145624736446,29.09557983302202,0.11079732983027787,0.11845312327930771
4.761999999999698,0.2582148778199798,24.038884524188653,0.0655849303507002,0.62403535069067,0.01789095258102971,29.123016713564166,0.1107634202360319,0.11850915344215049
4.7719999999996965,0.25797100826635866,24.076436120790014,0.06560288214760747,0.6231936745707146,0.018449218648306544,29.150463488382847,0.11073002034485567,0.11856436186970533
4.781999999999695,0.2577273010481408,24.113995197000623,0.06561975321328255,0.6223213776037821,0.019034043018961486,29.177918752894108,0.11069713374803515,0.11861874170718631
4.791999999999694,0.2574837685959494,24.151560899070027,0.06563547883659474,0.6214183949747639,0.019645491320352506,29.20538107726302,0.11066476397592637,0.11867228620499772
4.801999999999693,0.2572404235208748,24.189132333647873,0.065649993058103,0.6204846758054102,0.02028359260081495,29.232849005767534,0.11063291449638256,0.11872498872188567
4.811999999999692,0.2569972786196658,24.226708566917225,0.06566322858144953,0.6195201836261327,0.020948336170241433,29.26032105610938,0.11060158871321055,0.11877684272804213
4.821999999999691,0.256754346880407,24.264288623681075,0.06567511667651961,0.6185248968454442,0.02163966829908404,29.287795718667276,0.11057078996465891,0.11882784180815534
4.83199999999969,0.2565116414887237,24.301871486394703,0.06568558707363525,0.6174988092151441,0.022357488776464686,29.315271455687352,0.11054052152194373,0.11887797966439725
4.841999999999689,0.2562691758345541,24.339456094140775,0.06569456784798403,0.6164419302892108,0.023101647333922518,29.34274670040601,0.11051078658781614,0.11892725011933965
4.851999999999688,0.256026963519538,24.37704134154153,0.06570198529340969,0.6153542858741954,0.023871939939331736,29.370219856099162,0.11048158829517482,0.11897564711879362
4.861999999999687,0.2557850183650829,24.41462607760376,0.06570776378461965,0.61423591846874,0.02466810497058039,29.397689295050508,0.11045292970573328,0.11902316473455511
4.8719999999996855,0.2555433544211503,24.452209104489476,0.06571182562677744,0.6130868876896871,0.025489819279135326,29.425153357433643,0.11042481380874204,0.11906979716705575
4.881999999999684,0.2553019859758381,24.489789176205022,0.06571409089135537,0.6119072706820395,0.0263366941582751,29.452610350098674,0.11039724351977613,0.11911553874790085
4.891999999999683,0.2550609275658184,24.5273649972048,0.06571447723703,0.6106971625099079,0.02720827123180659,29.480058545256203,0.11037022167959284,0.11916038394228594
4.901999999999682,0.2548201939877046,24.56493522089848,0.06571289971428725,0.6094566765253379,0.02810401828567329,29.507496179049564,0.11034375105306404,0.11920432735128388
4.911999999999681,0.25457980031043304,24.602498448055346,0.06570927055230082,0.6081859447118165,0.029023325066158692,29.534921450005005,0.11031783432819577,0.11924736371398054
4.92199999999968,0.25433976188873963,24.640053225096256,0.06570349892650802,0.606885117999003,0.029965499077507483,29.562332517349866,0.11029247411523728,0.11928948790945484
4.931999999999679,0.2541000943778291,24.67759804226371,0.06569549070518788,0.6055543665451377,0.03092976141345652,29.589727499186903,0.11026767294589022,0.11933069495858505
4.941999999999678,0.2538608137493383,24.715131331658572,0.06568514817319011,0.6041938799833675,0.031915242668369787,29.617104470512295,0.1102434332726265,0.11937098002566576
4.951999999999677,0.25362193630870783,24.752651465133372,0.06567236973081421,0.6028038676281192,0.032920978978985334,29.64446146106334,0.1102197574681255,0.11941033841981749
4.961999999999676,0.2533834787140739,24.7901567520276,0.06565704956566969,0.601384558637501,0.03394590825890889,29.671796452982107,0.11019664782483432,0.11944876559618216
4.9719999999996745,0.2531454579968226,24.827645436733583,0.06563907729517307,0.5999362021276072,0.03498886669891336,29.699107378277628,0.11017410655466876,0.1194862571568741
4.981999999999673,0.2529078915839444,24.865115696076817,0.06561833757714518,0.5984590672345055,0.036048585620159626,29.726392116069665,0.1101521357888623,0.119522808851674
4.991999999999672,0.2526707973223382,24.90256563649439,0.0655947096857737,0.5969534431196233,0.03712368878119796,29.75364848959574,0.11013073757797444,0.11955841657844593
5.001999999999671,0.2524341935052393,24.939993290995872,0.06556806704999704,0.5954196389142515,0.038212690260586525,29.780874262959994,0.11010991389206934,0.11959307638325896
5.01199999999967,0.25219809890095046,24.97739661588547,0.0655382767511399,0.5938579835988518,0.039313993056998904,29.808067137601757,0.1100896666210818,0.11962678446018414
5.021999999999669,0.2519625327840698,25.01477348722813,0.06550519897640582,0.5922688258129919,0.04042588857333717,29.83522474846004,0.11006999757538027,0.11965953715075014
5.031999999999668,0.2517275066069433,25.052119789905326,0.06545757419614648,0.5906525681766599,0.04154902697570916,29.862345625251436,0.11005091249331216,0.11969132426885695
5.041999999999667,0.2514929350903118,25.089422811807818,0.06538339497913254,0.5890099634750063,0.042722075901743276,29.88943947090006,0.11003244406709002,0.11972209073163226
5.051999999999666,0.25125871246993536,25.12667225981472,0.06529503208007376,0.5873415657031184,0.043986551559735076,29.916518394768648,0.11001460581640042,0.11975181338039463
5.0619999999996645,0.25102479551352963,25.16386167782436,0.06519789333442011,0.5856475681009614,0.04534080302970324,29.943587312442492,0.10999739666056067,0.119780493394486
5.0719999999996634,0.2507911760006173,25.20098645760671,0.06509430837893088,0.583928120469976,0.046772089161890004,29.970647100942028,0.10998081441247096,0.11980813382057609
5.081999999999662,0.25055786156388005,25.238042792496426,0.06498520237004131,0.5821834509897302,0.04826642818961489,29.997696801991346,0.10996485726936746,0.11983473708865613
5.091999999999661,0.2503248671259195,25.27502716205987,0.06487086650256695,0.5804138932934507,0.04981090964369571,30.02473460762507,0.10994952370410734,0.1198603051925747
5.10199999999966,0.25009221133145976,25.311936095021824,0.06475131058218957,0.5786198806566513,0.051394121265746794,30.051758270854883,0.10993481228241046,0.11988483999431106
5.111999999999659,0.24985991650539516,25.3487666915427,0.06463165755651977,0.5768019250903502,0.05300565572760707,30.078765108546726,0.109920720805581,0.1199083446537725
5.121999999999658,0.24962808348333254,25.385524476071527,0.06453199417269823,0.5749603081045672,0.05460538288661966,30.10574328745076,0.10990722207648233,0.11993086406133674
5.131999999999657,0.2493968841901874,25.422215736018533,0.0644399914197826,0.5730953164548456,0.05611881434707658,30.13267264672723,0.10989429426150366,0.1199524342047887
5.141999999999656,0.24916643224253368,25.458842259015736,0.06434938159987487,0.5712077217448259,0.05752416205003461,30.159539752585683,0.10988193577954147,0.11997305731271374
5.151999999999655,0.2489368027236541,25.495403341371183,0.06425673860657638,0.5692984524687116,0.058822353597331414,30.18633562128318,0.10987014738190512,0.11999273174003484
5.1619999999996535,0.24870805148093886,25.5318967742781,0.06415998006967229,0.5673684385253809,0.06002125418629816,30.213053485082874,0.10985893015438201,0.12001145530055954
5.171999999999652,0.24848022479650203,25.568319421787916,0.06405777027039858,0.5654185577232944,0.06113091192513579,30.239687671667582,0.10984828526500755,0.12002922568784545
5.181999999999651,0.24825336451922997,25.604667543972063,0.06394918138937386,0.5634496219478554,0.062161425998444673,30.266233008621196,0.1098382139077107,0.1200460405693537
5.19199999999965,0.24802751089133515,25.640936952341054,0.06383332080783155,0.5611650580244926,0.06385302429991314,30.292684494749604,0.10982871729104053,0.12006189760539641
5.201999999999649,0.24780300059970845,25.67709844197069,0.06360182796413548,0.5524009650530104,0.4260184847005865,30.31900234679193,0.10981984799253262,0.12007670868696746
5.211999999999648,0.24758147724722218,25.7130328218812,0.06311623008254395,0.5383160729554801,1.2590522425386745,30.344993235034398,0.10981187422489841,0.12009002554582905
5.221999999999647,0.2473645482487321,25.748624084524906,0.06245095492747017,0.5219516023412765,1.866452877640309,30.37046740558134,0.10980505147842924,0.12010142104173636
5.231999999999646,0.2471530819263868,25.78380342708852,0.06168583245897204,0.504927725825719,2.188705570744596,30.39532137456557,0.10979951021648925,0.12011067681211791
5.241999999999645,0.24694745779593158,25.818536020960536,0.060871602533161415,0.48806300778174005,2.310092130131582,30.419508869855758,0.10979529966026719,0.12011771023846086
5.251999999999644,0.24674778872033884,25.852807341830722,0.06003810664394574,0.4717431099659704,2.311724798106062,30.44301492003061,0.1097924249461431,0.12012251242769284
5.2619999999996425,0.24655404820337337,25.88661445139956,0.05920244585873115,0.45612786778050973,2.247720727099171,30.465840983281332,0.10979086788681426,0.12012511354827202
5.271999999999641,0.2463661384231911,25.919960831511116,0.05837422457198328,0.4412633592279704,2.150107961978069,30.487996987706286,0.1097905978808653,0.12012556460698426
5.28199999999964,0.24618392574990494,25.9528533983716,0.05755870099543362,0.42714076170904036,2.036923960400517,30.509497169009464,0.10979157757921722,0.12012392797737541
5.291999999999639,0.24600725905634496,25.985300804154186,0.05675863597822421,0.41372642925910397,1.9181579538416107,30.530357920115055,0.10979376585910726,0.12012027242311649
5.301999999999638,0.24583597912325045,26.017312483841767,0.055975362513765205,0.4009768515579063,1.7993554005852568,30.550596683226647,0.10979711944441953,0.12011467038160922
5.311999999999637,0.2456699235230047,26.04889812705378,0.055209398458788965,0.3888458798752487,1.683632152404673,30.570231371684123,0.109801593853399,0.12010719637096923
5.321999999999636,0.24550892924332354,26.08006738937148,0.05446079584732671,0.3772880969964592,1.5727554086571118,30.589280056883286,0.1098071440098308,0.12009792595935186
5.331999999999635,0.24535283418873974,26.110829737487762,0.053729340218798945,0.3662603108117861,1.4677152358738044,30.60776078692632,0.10981372467840361,0.12008693502835845
5.341999999999634,0.2452014781178177,26.141194368794086,0.053014665241821864,0.35572215513182454,1.3690294203608677,30.62569147158062,0.10982129079898793,0.12007429920582348
5.351999999999633,0.24505470328296364,26.171170172358806,0.05231631962683412,0.3456362733174928,1.276911972166019,30.643089802247808,0.10982979775413361,0.12006009341076725
5.3619999999996315,0.24491235489824387,26.200765713029057,0.05163380704712347,0.3359683088530847,1.191372259958924,30.659973192244067,0.1098392015860731,0.12004439148336307
5.37199999999963,0.2447742814942756,26.229989228554576,0.050966610595548203,0.3266868062937636,1.112278138963023,30.676358730482686,0.10984945917197263,0.12002726588534136
5.381999999999629,0.24464033518934,26.258848634126032,0.0503142081868888,0.3177630699020004,1.039399366154588,30.692263145160943,0.10986052836324543,0.12000878746112252
5.391999999999628,0.24451037189288855,26.287351531168543,0.049676082495219105,0.3091710020022669,0.9724392477590289,30.70770277557356,0.10987236809362787,0.1199890252518114
5.401999999999627,0.24438425145220416,26.31550521857969,0.049051727467909825,0.3008869319838624,0.9110585064370731,30.722693550805083,0.10988493846027504,0.11996804635491651
5.411999999999626,0.2442618377505742,26.343316705335543,0.04844065260668755,0.2928894420485565,0.8548935208228898,30.737250974330298,0.1098982007817939,0.11994591582321235
5.421999999999625,0.24414299876417822,26.370792723811757,0.04784238573354032,0.2851591936134506,0.8035702418132918,30.751390113681996,0.10991211763681519,0.11992269659668829
5.431999999999624,0.24402760658414083,26.397939743395934,0.047256474692168864,0.27767875716195334,0.7567146831536654,30.76512559442972,0.10992665288634433,0.11989844946212687
5.441999999999623,0.24391553740946537,26.424763984116083,0.04668248828084025,0.27043244763747926,0.7139606684048313,30.778471597795306,0.1099417716827503,0.11987323303548979
5.451999999999622,0.2438066715159793,26.45127147459255,0.046120466385634905,0.263406166947707,0.6749553830116769,30.79144186129757,0.10995744046786607,0.11984710376293532
5.4619999999996205,0.24370091179607126,26.477470366057755,0.04557748525678533,0.25658727400251924,0.6393574941301586,30.804047465627573,0.10997362167294637,0.11982012475508963
5.471999999999619,0.2435982039474292,26.503370230791095,0.04505077124763894,0.24996448597090273,0.6068543921342622,30.81629441955598,0.10999027636028684,0.11979236137437269
5.481999999999618,0.24349847464289406,26.528978418258287,0.044536732753877414,0.24352769227776752,0.5771752256610836,30.8281910255038,0.1100073757574469,0.1197638620072804
5.491999999999617,0.2434016323961128,26.554300851234956,0.04403351181900065,0.23726782126578072,0.5500471977645088,30.839747779868727,0.11002489358075206,0.11973467086822824
5.501999999999616,0.24330757963423097,26.579342670335485,0.043540096640452795,0.23117672092478186,0.5252115527556483,30.850975934584433,0.11004280435764403,0.11970483079615071
5.511999999999615,0.2432162184549301,26.60410857909705,0.043055897625801996,0.22524705016740343,0.5024316938341911,30.86188680958248,0.11006108339714575,0.1196743833031082
5.521999999999614,0.2431274530001895,26.62860301384507,0.0425805312546694,0.2194721858010496,0.4814931015485533,30.87249150798108,0.11007970688721101,0.11964336841175205
5.531999999999613,0.2430411903635818,26.652830225633732,0.042113715847434785,0.21384614157176432,0.4622017715161771,30.882800806011332,0.11009865194557887,0.11961182457059308
5.541999999999612,0.24295734088565635,26.676794321030354,0.04165522244279084,0.2083634959866916,0.44438260529227686,30.89282511596981,0.1101178966303507,0.11957978863660634
5.551999999999611,0.24287581819796908,26.700499283970448,0.04120485152145153,0.20301932712574744,0.42787792290174836,30.902574479256096,0.11013741992810333,0.11954729589541836
5.5619999999996095,0.24279653916601623,26.723948988819267,0.04076242169772071,0.19780915356351983,0.41254607186249415,30.912058571586385,0.1101572017306945,0.11951438010044586
5.571999999999608,0.24271937312592562,26.74715020002831,0.04033732680270113,0.19272889608133176,0.398259236930413,30.921292777090926,0.11017721639355992,0.1194810841886242
5.581999999999607,0.24264402600587134,26.770113818278528,0.03992780931819587,0.18777490899031965,0.38489534828039446,30.930312069134235,0.11019742413453874,0.11944747457309698
5.591999999999606,0.24257031683806335,26.792847518477217,0.03953017079376387,0.1829438613185053,0.37234397622538545,30.939137923742496,0.11021780826065809,0.11941357922079972
5.601999999999605,0.24249814191318655,26.81535777972013,0.039143186679229815,0.17823263109522275,0.360517006796007,30.947782591661056,0.11023836007484625,0.11937941278393047
5.611999999999604,0.24242742322405622,26.837650185039088,0.03876548553333211,0.17363827344445357,0.3493416677851489,30.95625526166576,0.1102590701363293,0.119344991138897
5.621999999999603,0.24235809357658467,26.85972950729861,0.03839582469279846,0.1691580072516049,0.338753204406049,30.96456384014158,0.11027992739964192,0.1193103328151718
5.631999999999602,0.24229009142193741,26.8815998554846,0.03803306158942227,0.1647892017653331,0.32869277938082075,30.97271556837827,0.11030091972759123,0.11927545813984854
5.641999999999601,0.24222342834450358,26.903261161797232,0.03766634663373207,0.1605293389544416,0.31910846366623447,30.98070892789014,0.11032204285195461,0.11924037435400313
5.6519999999996,0.24215824862567192,26.92471053304301,0.03729941394747613,0.15637593232051006,0.3099602402498226,30.988526483651206,0.11034330165109206,0.11920507350652619
5.6619999999995985,0.24209457415608468,26.945947719592304,0.036934000580102606,0.15232660353615207,0.30121077852724276,30.99616547049698,0.11036467991607099,0.11916958265842986
5.671999999999597,0.24203237776230171,26.966973053433247,0.03657083563959345,0.14837910559350287,0.29281980632668403,31.003629012147567,0.11038615825700951,0.11913393412491813
5.681999999999596,0.2419716188291822,26.98778743463934,0.036210856768337706,0.1445312987834794,0.2847493855053924,31.010921852276006,0.11040771943346298,0.11909815662487593
5.691999999999595,0.24191225251362922,27.008392298137224,0.03585487385853384,0.14078112513368995,0.2769669481054363,31.01804924992406,0.11042934853063693,0.11906227499255251
5.701999999999594,0.24185423309576093,27.028789488030792,0.035503473384851936,0.1371265902353116,0.26944505896339876,31.025016577345443,0.11045103248317749,0.11902631097170699
5.711999999999593,0.24179751536313296,27.048981130157767,0.035157040551771636,0.13356575111481214,0.2621605144408488,31.03182915355351,0.11047275963630902,0.11899028394676771
5.721999999999592,0.24174205519765501,27.068969531198647,0.03481580747846108,0.13009670757300681,0.25509357952648715,31.0384921734484,0.11049451942210513,0.1189542114821528
5.731999999999591,0.24168780981716234,27.088757105951387,0.034479897751749165,0.12671759551297176,0.24822741373713023,31.045010678369884,0.11051630213236062,0.1189181097007672
5.74199999999959,0.24163473786252174,27.10834632725809,0.03414936076063342,0.12342658158810094,0.24154762701929738,31.051389545199388,0.1105380987608716,0.11888199354698893
5.7519999999995886,0.2415827994138264,27.127739692441246,0.033824196265565334,0.12022185887103247,0.23504192100213428,31.057633483994383,0.11055990089335764,0.11884587697038458
5.7619999999995875,0.24153195597325328,27.14693970122223,0.03350437132793237,0.11710164338384184,0.22869978981755323,31.06374703964897,0.11058170062952305,0.11880977305595401
5.771999999999586,0.2414821704319899,27.16594884141847,0.033189831724689506,0.11406417137709991,0.2225122655900583,31.069734595491695,0.11060349052664369,0.11877369411856409
5.781999999999585,0.24143340702964927,27.184769579829442,0.03288050954177784,0.11110769726121719,0.21647169934319338,31.075600377809526,0.11062526355755752,0.11873765177341537
5.791999999999584,0.24138563131032933,27.203404356541803,0.03257632818137534,0.10823049210088531,0.21057157106445268,31.081348460797752,0.1106470130783124,0.11870165699043551
5.801999999999583,0.24133881007755928,27.22185558147423,0.032277205644258455,0.10543084258982753,0.20480632437272617,31.086982771665323,0.11066873280233655,0.11866572013780992
5.811999999999582,0.24129291134929767,27.240125632374223,0.03198305667288687,0.10270705043006198,0.19917122229377127,31.0925070957545,0.11069041677906183,0.1186298510180903
5.821999999999581,0.24124790125585935,27.258216418179796,0.03169198113666407,0.10005743145514424,0.19366219438878626,31.097925449725793,0.1107120601040423,0.11859405769466654
5.83199999999958,0.24120372664968623,27.276128565037048,0.031402337757538736,0.09748030125746551,0.18827392699862466,31.103244175630675,0.11073366072144857,0.11855834351401233
5.841999999999579,0.24116033788518967,27.293863188297312,0.031115359804400253,0.09497395977395147,0.18300067206994314,31.10846919932068,0.11075521394002631,0.11852271617533505
5.8519999999995775,0.24111769671771424,27.311421891324894,0.03083183569681414,0.09253671213484647,0.17784026662476035,31.113605078418217,0.11077671437514612,0.11848718451638135
5.861999999999576,0.24107577127052982,27.328806551881993,0.030552200225075436,0.09016688704438763,0.17279129852844347,31.11865560733474,0.11079815690298597,0.11845175693581045
5.871999999999575,0.24103453345895595,27.34601919448193,0.03027666289413859,0.08786284265191348,0.16785251515742897,31.123624126884398,0.1108195367131342,0.1184164413068847
5.881999999999574,0.24099395765776743,27.363061914807826,0.030005303027029393,0.08562296669549459,0.16302283880367271,31.12851368440369,0.11084084928891448,0.11838124501063028
5.891999999999573,0.2409540199743459,27.379936836305,0.02973812672798927,0.08344567490853767,0.15830131879691628,31.133327121034426,0.11086209038512489,0.1183461749732188
5.901999999999572,0.24091469783969358,27.39664608545558,0.02947509938629737,0.08132940924065557,0.15368707324432293,31.138067120784775,0.11088325600913584,0.11831123769775083
5.911999999999571,0.24087596977098286,27.413191777731647,0.02921616404208556,0.07927263642977862,0.14917924271804187,31.142736238964343,0.11090434240516933,0.11827643929074398
5.92199999999957,0.24083781522775397,27.429576009657044,0.028961251752478188,0.07727384704878093,0.14477695771312135,31.147336919360598,0.11092534604102426,0.11824178548454574
5.931999999999569,0.24080021451967742,27.445800854370674,0.02871028744457472,0.07533155498713351,0.14047931718587198,31.151871505218487,0.11094626359657704,0.118207281656785
5.941999999999568,0.24076314874306126,27.461868359210293,0.02846319321972457,0.0734442972758874,0.1362853750965366,31.156342246768403,0.11096709195355801,0.11817293284769013
5.9519999999995665,0.2407265997336521,27.47778054446221,0.028219890216415976,0.07161063415938139,0.13219413244671638,31.160751306800194,0.1109878281862429,0.1181387437758716
5.961999999999565,0.24069055002891707,27.493539402787153,0.027980299657307164,0.06982914932991255,0.1282045330050644,31.165100765102817,0.11100846955282748,0.11810471885295365
5.971999999999564,0.2406549828360517,27.50914689903791,0.027744343434541758,0.06809845025905134,0.12431546149388162,31.169392622221064,0.11102901348732029,0.11807086219732933
5.981999999999563,0.24061988200361556,27.524604970302946,0.02751194443417704,0.06641716857584343,0.12052574343311726,31.17362880278156,0.11104945759185701,0.11803717764719858
5.991999999999562,0.24058523199561782,27.539915526080833,0.027283026713684624,0.06478396045595933,0.11683414612742433,31.177811158529536,0.11106979962937143,0.11800366877299816
6.001999999999561,0.24055101786737507,27.55508044852815,0.027057515597141472,0.06319750699667251,0.11323938046532223,31.181941471157437,0.11109003751657927,0.1179703388892957
6.01199999999956,0.24051722524274155,27.570101592749683,0.026835337724651118,0.061656514560708295,0.10974010331567792,31.18602145497333,0.11111016931725262,0.11793719106618653
6.021999999999559,0.2404838402924591,27.584980787111306,0.026616421076550763,0.060159715078010816,0.10633492037450527,31.190052759439137,0.11113019323576123,0.11790422814023202
6.031999999999558,0.2404508497134879,27.599719833564414,0.02640069498386116,0.05870586629881556,0.10302238935876987,31.194036971595104,0.11115010761087239,0.11787145272495474
6.041999999999557,0.24041824070919748,27.614320507976593,0.026188090131281313,0.05729375199451807,0.09980102346543772,31.197975618384824,0.11116991090979608,0.11783886722091258
6.0519999999995555,0.24038600097035115,27.62878456046369,0.025978538556119177,0.05592218210502368,0.09666929503185792,31.20187016888851,0.11118960172246473,0.11780647382537052
6.061999999999554,0.24035411865682904,27.643113715723356,0.025771973644928104,0.05458999283278509,0.09362563934045007,31.205722036470902,0.11120917875604124,0.1177742745415809
6.071999999999553,0.24032258238004836,27.657309673366942,0.0255683301287248,0.05329604668478301,0.09066845851929871,31.209532580848624,0.1112286408296493,0.11774227118768299
6.081999999999552,0.24029138118603258,27.671374108249996,0.025367544077189053,0.052039232464425364,0.08779612549367492,31.213303110082485,0.11124798686931088,0.11771046540524714
6.091999999999551,0.2402605045391171,27.685308670802623,0.025169552891998563,0.05081846521579054,0.08500698794946399,31.217034882496097,0.11126721590309198,0.11767885866746286
6.10199999999955,0.24022994230624578,27.699114987356605,0.02497429529933616,0.04963268612294381,0.08229937227280679,31.22072910852613,0.11128632705644341,0.11764745228699265
6.111999999999549,0.2401996847418474,27.712794660472117,0.024781711341555487,0.04848086236720811,0.079671587434745,31.22438695250523,0.11130531954773062,0.11761624742350256
6.121999999999548,0.24016972247325816,27.726349269261878,0.024591742367980528,0.047361986945364885,0.0771219287929103,31.2280095343817,0.11132419268394479,0.11758524509088272
6.131999999999547,0.2401400464866757,27.73978036971402,0.024404331024817323,0.04627507845176096,0.07464868178703929,31.23159793137736,0.11134294585658958,0.11755444616416745
6.141999999999546,0.2401106481136262,27.753089495013654,0.02421942124416697,0.045219180827274434,0.07225012550837144,31.235153179585765,0.1113615785377375,0.11752385138616571
6.1519999999995445,0.24008151901792016,27.766278155861258,0.02403695823214213,0.04419336307802929,0.06992453612560914,31.238676275513594,0.1113800902762448,0.11749346137382077
6.161999999999543,0.24005265118307995,27.779347840791054,0.023856888456101625,0.043196718966663404,0.06767019015492792,31.242168177567052,0.11139848069412327,0.11746327662430193
6.171999999999542,0.2400240369002266,27.79230001648594,0.023679159631030008,0.04222836667885648,0.065485367562974,31.24562980748471,0.11141674948306018,0.11743329752084317
6.181999999999541,0.23999566875640752,27.805136128091423,0.0235037207050943,0.04128744846770907,0.06336835469605401,31.249062051718937,0.11143489640108248,0.11740352433833645
6.19199999999954,0.23996753962334577,27.817857599526995,0.023330521844420794,0.040373130278451096,0.06131744702912351,31.25246576276801,0.11145292126935714,0.11737395724869218
6.201999999999539,0.2399396426465994,27.830465833795472,0.023159514417136904,0.03948460135583249,0.059330951732945544,31.25584176046038,0.11147082396912282,0.11734459632597626
6.211999999999538,0.23991197123512265,27.84296221329033,0.02299065097672868,0.03862107383642594,0.05740719005751329,31.259190833191823,0.11148860443875078,0.11731544155132706
6.221999999999537,0.239884519051198,27.855348100100677,0.022823885244765554,0.037781782327943304,0.055544499532931065,31.262513739119186,0.11150626267092385,0.11728649281767109
6.231999999999536,0.23985728000074635,27.867624836313396,0.022659172093046635,0.03696598347754815,0.0537412359897119,31.265811207309863,0.11152379870993474,0.11725774993423614
6.241999999999535,0.23983024822398777,27.879793744313442,0.022496467525221917,0.03617295553101818,0.05199577540182204,31.269083938850063,0.1115412126490961,0.1172292126308739
6.2519999999995335,0.23980341808644592,27.891856127080803,0.022335728657942224,0.03540199788449166,0.050306515557633144,31.2723326079128,0.111558504628256,0.11720088056220371
6.261999999999532,0.2397767841702842,27.90381326848573,0.022176913701592856,0.0346524306304198,0.04867187756305581,31.275557862786886,0.11157567483142007,0.11717275331157517
6.271999999999531,0.2397503412659627,27.915666433580732,0.022019981940661976,0.03392359409922315,0.04709030718392738,31.278760326868184,0.11159272348447018,0.1171448303948667
6.28199999999953,0.2397240843642022,27.927416868889416,0.02186489371379588,0.033214848398048814,0.04556027603347559,31.281940599614806,0.111609650852979,0.11711711126412147
6.291999999999529,0.23969800864824503,27.939065802692827,0.021711610393590108,0.032525572947909843,0.044080282612649235,31.285099257467305,0.11162645724011686,0.11708959531102703
6.301999999999528,0.23967210948640455,27.950614445312716,0.02156009436616494,0.03185516602039609,0.04264885320955555,31.288236854734873,0.1116431429846451,0.11706228187024817
6.311999999999527,0.2396463824248942,27.962063989392288,0.021410309010571112,0.031203044275038273,0.04126454266662165,31.291353924448618,0.11165970845899506,0.11703517022261488
6.321999999999526,0.23962082318091635,27.9734156101727,0.021262218678070138,0.030568642298320802,0.03992593502206479,31.294450979184173,0.11167615406742536,0.11700825959817765
6.331999999999525,0.23959542763601982,27.984670465767376,0.021115788671330165,0.02995141214524667,0.0386316440339666,31.297528511852594,0.11169248024426172,0.11698154917912351
6.341999999999524,0.2395701918296964,27.995829697432864,0.02097098522357901,0.029350822884276394,0.037380313593973355,31.30058699646306,0.11170868745220508,0.11695503810257621
6.3519999999995225,0.23954511195322273,28.006894429836212,0.020827775477750696,0.028766360146380083,0.03617061803839813,31.303626888856567,0.1117247761807159,0.11692872546326803
6.361999999999521,0.23952018434373404,28.01786577131925,0.020686127465660925,0.02819752567887066,0.03500126236368039,31.306648627412205,0.11174074694446649,0.11690261031609671
6.37199999999952,0.2394954054785164,28.028744814159353,0.0205460100872463,0.027643836904615412,0.0338709823533794,31.309652633727634,0.11175660028185609,0.11687669167857631
6.381999999999519,0.23947077196952088,28.039532634827186,0.020407393089897547,0.02710482648715231,0.03277854462377045,31.312639313273227,0.11177233675359421,0.11685096853317338
6.391999999999518,0.23944628055808007,28.05023029424071,0.02027024704791503,0.02658004190218157,0.031722746594261414,31.31560905602235,0.11178795694134061,0.11682543982954745
6.401999999999517,0.23942192810982618,28.060838838015844,0.020134543342115795,0.026069045015844103,0.030702416388967087,31.318562237057677,0.11180346144640539,0.11680010448669026
6.411999999999516,0.23939771160980242,28.071359296713617,0.020000254139615477,0.025571411670139835,0.029716412675952066,31.321499217154674,0.11181885088850417,0.11677496139497258
6.421999999999515,0.23937362815776214,28.081792686084057,0.019867352373808142,0.02508673127579555,0.028763624449212596,31.324420343342762,0.11183412590457004,0.11675000941809563
6.431999999999514,0.23934967496364043,28.092140007306575,0.01973581172456664,0.02461460641284173,0.02784297075936258,31.327325949446085,0.11184928714761062,0.11672524739496613
6.441999999999513,0.2393258493432089,28.10240224722678,0.019605606598681137,0.02415465243911292,0.026953400398045013,31.33021635660248,0.11186433528562255,0.11670067414147581
6.4519999999995115,0.23930214871388494,28.112580378589335,0.01947671211055438,0.02370649710685384,0.02609389154069251,31.333091873764197,0.11187927100054541,0.11667628845221407
6.46199999999951,0.2392785705907126,28.122675360268644,0.019349104063168903,0.023269780187566712,0.025263451352737012,31.33595279817812,0.11189409498727013,0.11665208910208977
6.471999999999509,0.23925511258248938,28.132688137494483,0.019222758929341388,0.022844153105213472,0.024461115562755403,31.33879941584879,0.11190880795268235,0.11662807484789414
6.481999999999508,0.23923177238804488,28.142619642075772,0.019097653833274983,0.022429278577841785,0.02368594800765318,31.341632001983264,0.11192341061475301,0.11660424442978488
6.491999999999507,0.2392085477926634,28.152470792618875,0.018973766532423,0.02202483026769159,0.022937040152424017,31.34445082141896,0.11193790370166783,0.11658059657270513
6.501999999999506,0.23918543666464423,28.16224249474493,0.01885107539967191,0.021630492439797908,0.022213510588935993,31.347256129035035,0.1119522879509957,0.11655712998773733
6.511999999999505,0.23916243695199232,28.17193564130143,0.01872955940585266,0.021245959629094296,0.02151450451645494,31.350048170148316,0.11196656410889373,0.11653384337339605
6.521999999999504,0.2391395466792423,28.18155111257194,0.018609198102587907,0.020870936315993554,0.020839193207028924,31.352827180893367,0.11198073292934858,0.11651073541686012
6.531999999999503,0.23911676394439713,28.191089776481792,0.01848997160548092,0.020505136610405005,0.020186773458554384,31.355593388588858,0.11199479517345001,0.1164878047951511
6.5419999999995015,0.23909408691599565,28.200552488800582,0.01837186057765002,0.020148283944130634,0.019556467037947202,31.358347012088633,0.11200875160870036,0.11646505017625187
6.5519999999995004,0.2390715138302841,28.209940093341128,0.018254846213613854,0.019800110771567507,0.01894752011690335,31.361088262120376,0.11202260300835212,0.1164424702201785
6.561999999999499,0.23904904298850738,28.219253422155326,0.01813891022352935,0.019460358278629818,0.018359202702216918,31.363817341609995,0.11203635015077909,0.11642006357999625
6.571999999999498,0.23902667275429668,28.228493295727187,0.0180240348177845,0.019128776099791456,0.017790808062716625,31.366534445994553,0.11204999381887264,0.11639782890279371
6.581999999999497,0.23900440155116462,28.23766052316124,0.017910202691947274,0.018805122043139024,0.017241652154684036,31.369239763522373,0.11206353479946884,0.1163757648306059
6.591999999999496,0.23898222786009876,28.246755902369298,0.017797397012070275,0.018489161823316662,0.01671107304715288,31.371933475541365,0.11207697388280136,0.1163538700012945
6.601999999999495,0.2389601502172432,28.255780220253346,0.017685601400351508,0.018180668802236597,0.016198430348667844,31.37461575677694,0.11209031186197813,0.11633214304938855
6.611999999999494,0.2389381672116795,28.264734252884935,0.017574799921149804,0.01787942373741989,0.015703104636940586,31.377286775597973,0.11210354953248554,0.11631058260687979
6.621999999999493,0.23891627748328853,28.273618765682173,0.017464977067352134,0.017585214537826254,0.015224496892418938,31.379946694273155,0.11211668769171412,0.11628918730398231
6.631999999999492,0.23889447972069675,28.282434513583503,0.017356117747092493,0.01729783602703213,0.0147620279367809,31.382595669217302,0.1121297271385065,0.11626795576985532
6.6419999999994905,0.23887277265930615,28.2911822412176,0.01724820727081762,0.017017089713601656,0.014315137877627416,31.385233851227593,0.11214266867272883,0.1162468866332872
6.651999999999489,0.23885115507940072,28.299862683071822,0.01714123133869735,0.016742783568502822,0.013883285559754953,31.387861385710725,0.11215551309486094,0.11622597852334865
6.661999999999488,0.23882962580432585,28.308476563656505,0.017035176028375648,0.01647473180941129,0.01346594802414517,31.390478412901345,0.1121682612056085,0.11620523007000953
6.671999999999487,0.23880818369874085,28.317024597666446,0.01693002778305716,0.01621275469174323,0.01306261997513428,31.393085068071727,0.11218091380553143,0.11618463990472884
6.681999999999486,0.2387868276669403,28.32550749014058,0.016825773399926684,0.015956678306262823,0.012672813256162168,31.39568148173326,0.11219347169469357,0.11616420666100982
6.691999999999485,0.23876555665124383,28.333925936617007,0.016722400018894964,0.015706334383099905,0.012296056335036465,31.398267779829684,0.11220593567232832,0.11614392897492877
6.701999999999484,0.23874436963044537,28.342280623287454,0.016619895111667077,0.015461560102021484,0.011931893798654286,31.40084408392331,0.11221830653652025,0.11612380548563747
6.711999999999483,0.23872326561832685,28.35057222714687,0.016518246471127145,0.015222197908796857,0.011579885857673609,31.403410511373462,0.11223058508390567,0.11610383483583468
6.721999999999482,0.2387022436622333,28.358801416141976,0.016417442201034103,0.014988095337495596,0.011239607861668303,31.40596717550757,0.11224277210938534,0.11608401567221752
6.731999999999481,0.23868130284169586,28.36696884931609,0.016317470706023483,0.014759104838562586,0.01091064982458077,31.408514185786615,0.1122548684058546,0.11606434664590455
6.7419999999994795,0.2386604422671237,28.375075176952354,0.01621832068190811,0.01453508361251203,0.010592615960882925,31.411051647962182,0.11226687476394738,0.11604482641283582
6.751999999999478,0.2386396610785308,28.38312104071294,0.016119981106272913,0.014315893449084408,0.010285124232634543,31.413579664229516,0.11227879197179062,0.11602545363415626
6.761999999999477,0.2386189584443306,28.391107073777267,0.016022441229357094,0.014101400571714856,0.009987805907271122,31.416098333372275,0.11229062081477749,0.116006226976568
6.771999999999476,0.23859833356016488,28.399033900976864,0.01592569056521771,0.013891475487159105,0.009700305126465235,31.418607750903337,0.11230236207534786,0.11598714511267094
6.781999999999475,0.23857778564778892,28.406902138927933,0.01582971888316803,0.013685992840128506,0.009422278485891698,31.42110800919876,0.11231401653278368,0.11596820672127928
6.791999999999474,0.23855731395399524,28.41471239616173,0.015734516199484974,0.013484831272787627,0.009153394625875243,31.42359919762718,0.11232558496301452,0.11594941048772114
6.801999999999473,0.23853691774958585,28.42246527325238,0.01564007276937941,0.013287873288969812,0.008893333832956785,31.426081402673343,0.112337068138436,0.11593075510411747
6.811999999999472,0.2385165963283803,28.430161362942798,0.01554637907922176,0.013095005122966413,0.008641787652411193,31.428554708057415,0.11234846682773622,0.11591223926964761
6.821999999999471,0.23849634900626718,28.437801250267416,0.015453425839018074,0.012906116612754983,0.008398458511199483,31.43101919484903,0.1123597817957345,0.11589386169079542
6.83199999999947,0.23847617512029287,28.445385512673475,0.015361203975129554,0.01272110107752658,0.008163059351818153,31.433474941576875,0.11237101380322766,0.11587562108158256
6.8419999999994685,0.238456074027786,28.452914720140146,0.015269704623229421,0.012539855199379227,0.007935313276559042,31.435922024334058,0.11238216360684833,0.11585751616378276
6.851999999999467,0.23843604510551905,28.46038943529536,0.0151789191214905,0.012362278909048632,0.00771495320204739,31.4383605168789,0.1123932319589299,0.11583954566712502
6.861999999999466,0.23841608774890266,28.46781021352994,0.015088839003997946,0.012188275275546936,0.007501721524050329,31.440790490731935,0.11240421960738052,0.1158217083294825
6.871999999999465,0.2383962013712119,28.475177603110566,0.0149994559943808,0.012017750399586734,0.007295369792272909,31.44321201526898,0.1124151272955664,0.11580400289704591
6.881999999999464,0.23837638540284545,28.48249214529042,0.014910761999655886,0.011850613310666483,0.0070956583950583735,31.445625157810298,0.1124259557622011,0.11578642812448785
6.891999999999463,0.23835663929061193,28.489754374417625,0.014822749104278754,0.011686775867702023,0.0069023562536605345,31.448029983706515,0.11243670574124352,0.1157689827751126
6.901999999999462,0.23833696249705372,28.496964818041384,0.014735409564395027,0.011526152663086018,0.006715240526083428,31.450426556419988,0.11244737796180385,0.11575166562099354
6.911999999999461,0.23831735449977995,28.504123997017384,0.01464873580228695,0.011368660930064958,0.00653409632016541,31.45281493760512,0.11245797314805366,0.11573447544310338
6.92199999999946,0.23829781479084997,28.51123242561037,0.014562720401009456,0.01121422045332344,0.0063587164156742575,31.455195187182593,0.11246849201914548,0.1157174110314298
6.931999999999459,0.23827834287616306,28.518290611594875,0.014477356099209616,0.01106275348267027,0.006188900995346754,31.457567363412853,0.11247893528913548,0.11570047118508577
6.9419999999994575,0.23825893827488534,28.52529905635456,0.014392635786124035,0.01091418464972119,0.006024457384608733,31.459931522965118,0.11248930366691783,0.11568365471240093
6.951999999999456,0.23823960051889026,28.532258254979606,0.014308552496749253,0.010768440887480722,0.005865199799619907,31.46228772098478,0.1124995978561564,0.11566696043101793
6.961999999999455,0.23822032915223,28.539168696362225,0.014225099407179665,0.010625451352723438,0.005710949103667578,31.464636011157065,0.11250981855523028,0.11565038716796595
6.971999999999454,0.23820112373062452,28.546030863290866,0.014142269830106946,0.010485147351080115,0.005561532571585745,31.466976445768584,0.11251996645717884,0.11563393375973538
6.981999999999453,0.23818198382097164,28.552845232541856,0.014060057210477515,0.010347462264738526,0.005416783661886857,31.46930907576638,0.11253004224965461,0.11561759905234009
6.991999999999452,0.2381629090008781,28.559612274970913,0.01397845512130142,0.010212331482668,0.005276541796623081,31.471633950814372,0.1125400466148798,0.1156013819013737
7.001999999999451,0.2381438988582114,28.56633245560136,0.01389745725960894,0.010079692333282621,0.005140652148556983,31.473951119347436,0.11254998022960837,0.11558528117205707
7.01199999999945,0.23812495299066444,28.573006233712075,0.013817057442549453,0.00994948401945847,0.005008965435565403,31.476260628623805,0.11255984376509089,0.11556929573928156
7.021999999999449,0.2381060710053465,28.579634062923,0.013737249603628245,0.009821647555823952,0.004881337722054179,31.47856252477439,0.11256963788704587,0.11555342448764182
7.031999999999448,0.23808725251838597,28.58621639127965,0.01365802778907651,0.009696125708245441,0.004757630227059211,31.480856852850664,0.11257936325563404,0.11553766631146409
7.0419999999994465,0.23806849715454648,28.592753661336246,0.013579386154350578,0.00957286293543138,0.004637709139009006,31.483143656870933,0.1125890205254325,0.11552202011483481
7.051999999999445,0.238049804546866,28.59924631023669,0.013501318960756077,0.009451805332581546,0.004521445436872777,31.485422979863834,0.1125986103454214,0.11550648481160902
7.061999999999444,0.23803117433630988,28.605694769794965,0.013423820572191766,0.009332900577008824,0.0044087147175143546,31.487694863910168,0.11260813335896704,0.11549105932542499
7.071999999999443,0.2380126061714302,28.612099466573607,0.013346885452010324,0.009216097875667599,0.0042993970289448005,31.489959350183977,0.11261759020380786,0.11547574258971384
7.081999999999442,0.23799409970804974,28.618460821960486,0.013270508159991841,0.009101347914518845,0.004193376709540152,31.49221647899063,0.11262698151204885,0.11546053354769653
7.091999999999441,0.23797565460895378,28.624779252245673,0.013194683349424998,0.00898860280966851,0.004090542232831116,31.494466289804016,0.11263630791015496,0.11544543115238161
7.10199999999944,0.23795727054359392,28.631055168694868,0.013119405764294595,0.008877816060218506,0.003990786057695393,31.496708821302242,0.11264557001894764,0.11543043436655896
7.111999999999439,0.23793894718780856,28.637288977623786,0.013044670236568827,0.008768942502766408,0.0038940044839659463,31.498944111401332,0.11265476845360582,0.11541554216278606
7.121999999999438,0.23792068422355,28.64348108046895,0.012970471683585153,0.008661938267499152,0.003800097513019931,31.50117219728817,0.1126639038236684,0.11540075352337203
7.131999999999437,0.23790248133862874,28.649631873859743,0.012896805105530498,0.008556760735822518,0.0037089687133971356,31.503393115451306,0.11267297673303918,0.11538606744035805
7.1419999999994355,0.23788433822646232,28.65574174968683,0.012823665583012038,0.008453368499471613,0.003620525091210908,31.50560690171128,0.11268198777999454,0.11537148291549333
7.151999999999434,0.2378662545858406,28.66181109517144,0.012751048274715975,0.008351721321051627,0.0035346769650958457,31.50781359124891,0.11269093755719235,0.11535699896020944
7.161999999999433,0.23784823012069592,28.667840292931448,0.012678948415151306,0.008251780095956689,0.003451337845741384,31.510013218633038,0.11269982665168485,0.1153426145955882
7.171999999999432,0.23783026453988676,28.673829721048644,0.012607361312474606,0.008153506815617289,0.0033704243197060337,31.5122058178466,0.11270865564493156,0.1153283288523298
7.181999999999431,0.23781235755698926,28.67977975313303,0.012536282346394114,0.008056864532030507,0.003291855937395821,31.514391422311814,0.11271742511281496,0.11531414077071675
7.19199999999943,0.23779450889009748,28.685690758386237,0.012465706966149362,0.007961817323526693,0.0032155551050793035,31.516570064914227,0.1127261356256596,0.11530004940057206
7.201999999999429,0.23777671826163166,28.691563101665036,0.012395630688564087,0.007868330261727754,0.0031414469808446074,31.5187417780259,0.11273478774824879,0.11528605380122199
7.211999999999428,0.23775898539815657,28.697397143542403,0.012326049096169736,0.007776369379655779,0.0030694593742700673,31.520906593527272,0.11274338203984795,0.1152721530414477
7.221999999999427,0.23774131003020557,28.7031932403687,0.012256957835396747,0.007685901640949602,0.0029995226497776,31.523064542828422,0.11275191905422476,0.11525834619944285
7.2319999999994256,0.2377236918921127,28.708951744330683,0.012188352614831262,0.007596894910150761,0.0029315696334644777,31.525215656889312,0.11276039933967445,0.11524463236276232
7.2419999999994245,0.2377061307218545,28.71467300351039,0.012120229203534953,0.007509317924020001,0.002865535523340663,31.52735996623887,0.11276882343904554,0.11523101062827104
7.251999999999423,0.23768862626089485,28.720357361943012,0.012052583429425986,0.007423140263847802,0.002801357802817606,31.529497500993703,0.11277719188976403,0.11521748010209511
7.261999999999422,0.2376711782540391,28.726005159673175,0.01198541117771748,0.007338332328722428,0.002738976157406681,31.531628290875712,0.11278550522386384,0.11520403989956299
7.271999999999421,0.23765378644929336,28.731616732810853,0.011918708389413401,0.007254865309722985,0.0026783323943655596,31.53375236522905,0.11279376396801348,0.11519068914515321
7.28199999999942,0.23763645059773114,28.737192413586147,0.01185247105985787,0.007172711165001902,0.0026193703654066847,31.535869753036206,0.1128019686435481,0.1151774269724332
7.291999999999419,0.23761917045336356,28.742732530403174,0.011786695237337106,0.007091842595727877,0.0025620358920893454,31.537980482933687,0.11281011976649695,0.11516425252400599
7.301999999999418,0.23760194577301896,28.748237407893168,0.011721377021731481,0.007012233022855293,0.002506276694121925,31.54008458322652,0.11281821784761999,0.11515116495144204
7.311999999999417,0.2375847763162254,28.75370736696658,0.011656512563216126,0.006933856564693241,0.002452042320118706,31.54218208190241,0.11282626339243736,0.11513816341522291
7.321999999999416,0.23756766184509573,28.75914272486402,0.011592098061007677,0.006856688015243554,0.0023992840810399224,31.54427300664565,0.11283425690126403,0.11512524708467675
7.3319999999994145,0.23755060212422643,28.764543795207533,0.0115281297621563,0.006780702823281613,0.0023479549859832883,31.54635738484926,0.11284219886924488,0.11511241513791313
7.341999999999413,0.2375335969205879,28.76991088804918,0.011464603960380779,0.006705877072152166,0.0022980096804085916,31.54843524362826,0.11285008978638793,0.11509966676176095
7.351999999999412,0.2375166460034342,28.775244309920865,0.011401516994944499,0.006632187460255519,0.0022494043865843453,31.55050660983054,0.11285793013760258,0.11508700115169869
7.361999999999411,0.2374997491442046,28.780544363881642,0.011338865249572151,0.006559611282198658,0.002202096846264229,31.552571510048725,0.11286572040273457,0.11507441751178976
7.37199999999941,0.23748290611643724,28.78581134956515,0.011276645151404335,0.006488126410588197,0.002156046265438085,31.554629970630597,0.11287346105660319,0.11506191505461469
7.381999999999409,0.2374661166956823,28.791045563226415,0.011214853169989207,0.006417711278441269,0.002111213261178578,31.55668201768954,0.11288115256903833,0.11504949300120335
7.391999999999408,0.23744938065942306,28.796247297787197,0.011153485816309823,0.006348344862193021,0.0020675598103929394,31.558727677114078,0.11288879540492051,0.11503715058096285
7.401999999999407,0.23743269778699694,28.801416842881306,0.011092539641845261,0.0062800066652790535,0.0020250492004965062,31.56076697457737,0.1128963900242169,0.11502488703161189
7.411999999999406,0.23741606785952127,28.806554484898534,0.01103201123766511,0.006212676702272262,0.001983645981905441,31.56279993554616,0.11290393688202192,0.11501270159910784
7.421999999999405,0.2373994906598261,28.81166050702869,0.010971897233554894,0.006146335483554116,0.0019433159222808985,31.56482658528887,0.11291143642859634,0.11500059353757631
7.4319999999994035,0.2373829659723826,28.81673518930417,0.010912194297172637,0.006080964000501959,0.0019040259624561926,31.566846948884237,0.11291888910940578,0.11498856210924212
7.441999999999402,0.23736649358324072,28.82177880864224,0.010852899133234234,0.006016543711173116,0.0018657441740042209,31.56886105122879,0.11292629536516158,0.11497660658435618
7.451999999999401,0.23735007327996982,28.826791638886743,0.010794008482726896,0.005953056526468277,0.0018284397183851095,31.57086891704403,0.11293365563186078,0.11496472624112425
7.4619999999994,0.23733370485159885,28.831773950848774,0.01073551912214963,0.005890484796757343,0.0017920828075784034,31.572870570883598,0.11294097034082727,0.11495292036563373
7.471999999999399,0.23731738808856134,28.836726012347263,0.010677427862779665,0.005828811298951374,0.0017566446661779443,31.574866037139913,0.11294823991875096,0.11494118825178393
7.481999999999398,0.23730112278264248,28.8416480882479,0.01061973154996417,0.00576801922400439,0.0017220974949025418,31.576855340050543,0.1129554647877294,0.11492952920121231
7.491999999999397,0.23728490872692795,28.846540440503198,0.010562427062435528,0.005708092164829758,0.0016884144354453394,31.578838503704336,0.11296264536530835,0.11491794252322284
7.501999999999396,0.23726874571575962,28.851403328189868,0.010505511311649871,0.005649014104616796,0.0016555695366268202,31.580815552046754,0.11296978206452431,0.11490642753471095
7.511999999999395,0.23725263354468681,28.85623700754713,0.010448981241147974,0.0055907694055332665,0.0016235377217897714,31.582786508885743,0.11297687529394455,0.11489498356009299
7.521999999999394,0.23723657201042261,28.86104173201404,0.010392833825936962,0.005533342797799708,0.0015922947574211093,31.58475139789696,0.11298392545770738,0.11488360993123511
7.5319999999993925,0.2372205609108058,28.86581775226581,0.010337066071893098,0.005476719369123259,0.0015618172228983492,31.586710242628357,0.11299093295556535,0.11487230598737776
7.541999999999391,0.23720460004475855,28.870565316249976,0.010281675015183902,0.005420884554477216,0.0015320824814045511,31.588663066505248,0.11299789818292526,0.11486107107506523
7.55199999999939,0.23718868921225175,28.875284669222083,0.010226657721709245,0.005365824126214959,0.0015030686518741653,31.590609892834475,0.11300482153089055,0.11484990454807174
7.561999999999389,0.2371728282142694,28.87997605378038,0.010172011286560772,0.0053115241845065496,0.001474754581973745,31.592550744808676,0.11301170338630272,0.11483880576732895
7.571999999999388,0.23715701685277243,28.884639709900625,0.010117732833498629,0.0052579711480857235,0.0014471198221206,31.594485645510623,0.11301854413178077,0.11482777410085684
7.581999999999387,0.23714125493067054,28.889275874969524,0.010063819514445387,0.005205151745296963,0.0014201446004362102,31.596414617916583,0.11302534414576455,0.11481680892368855
7.591999999999386,0.23712554225178947,28.89388478381852,0.010010268508995362,0.0051530530054323094,0.001393809798615251,31.59833768490023,0.11303210380255524,0.11480590961779964
7.601999999999385,0.2371098786208453,28.898466668756836,0.00995707702394038,0.005101662250347352,0.0013680969286937225,31.600254869235744,0.1130388234723567,0.11479507557203636
7.611999999999384,0.23709426384341298,28.90302175960303,0.009904242292809774,0.005050967086346878,0.001342988110678044,31.602166193601555,0.113045503521316,0.11478430618204512
7.621999999999383,0.23707869772590587,28.907550283717953,0.00985176157542504,0.005000955396330458,0.0013184660509926883,31.604071680582773,0.11305214431156481,0.11477360085020086
7.6319999999993815,0.23706318007554597,28.912052466035654,0.009799632157468223,0.00495161533218926,0.0012945140217265228,31.60597135267477,0.1130587462012596,0.1147629589855372
7.64199999999938,0.23704771070034578,28.916528529094062,0.009747851350063674,0.004902935307445183,0.0012711158406272195,31.60786523228532,0.11306530954462335,0.11475238000367453
7.651999999999379,0.23703228940908455,28.92097869306616,0.00969641648937219,0.004854903990123257,0.0012482558518787572,31.60975334173742,0.1130718346919858,0.1147418633267503
7.661999999999378,0.2370169160112869,28.925403175789473,0.009645324936197788,0.004807510295850974,0.0012259189074940696,31.61163570327185,0.11307832198982246,0.11473140838335151
7.671999999999377,0.2370015903172048,28.929802192795798,0.00959457407560613,0.004760743381174208,0.0012040903495118022,31.613512339049322,0.11308477178079708,0.11472101460844171
7.681999999999376,0.2369863121377988,28.934175957340646,0.009544161316554159,0.004714592637084454,0.0011827559927334286,31.615383271152666,0.1130911844037996,0.11471068144329546
7.691999999999375,0.23697108128472075,28.938524680431602,0.00949408409153073,0.004669047682748597,0.0011619021081765298,31.617248521588927,0.11309756019398685,0.11470040833542819
7.701999999999374,0.23695589757029756,28.94284857085662,0.00944433985620742,0.004624098359434831,0.001141515407093476,31.619108112291247,0.11310389948282289,0.11469019473852705
7.711999999999373,0.2369407608075161,28.94714783521203,0.009394926089100012,0.004579734724628512,0.0011215830255615978,31.62096206512067,0.11311020259811691,0.11468004011238543
7.721999999999372,0.23692567081000826,28.951422677930108,0.00934584029123909,0.0045359470463297675,0.001102092509708799,31.622810401867902,0.11311646986406339,0.1146699439228343
7.7319999999993705,0.23691062739203841,28.955673301306167,0.009297079985849856,0.004492725797528496,0.0010830318013853063,31.62465314425478,0.11312270160128111,0.11465990564167515
7.741999999999369,0.2368956303684901,28.9598999055247,0.009248642718041603,0.004450061650849571,0.0010643892244326296,31.62649031393584,0.11312889812685116,0.11464992474661487
7.751999999999368,0.23688067955485245,28.964102688686367,0.009200526054504887,0.004407945473362661,0.0010461534714145896,31.6283219324999,0.11313505975435606,0.1146400007211986
7.761999999999367,0.23686577476721268,28.968281846833545,0.00915272758321747,0.004366368321551237,0.001028313590850802,31.630148021470962,0.11314118679391787,0.11463013305474481
7.771999999999366,0.23685091582224296,28.97243757397562,0.0091052449131584,0.004325321436435288,0.0010108589748984121,31.631968602309712,0.11314727955223601,0.11462032124228029
7.781999999999365,0.23683610253719084,28.97657006211455,0.009058075674028984,0.00428479623884189,0.0009937793475222965,31.633783696414646,0.11315333833262532,0.1146105647844753
7.791999999999364,0.23682133483845674,28.98067950297364,0.009011214177786721,0.004244784309601734,0.0009770654431545214,31.635593311816685,0.11315936345439025,0.11460086315644476
7.801999999999363,0.23680661767825573,28.984766130817988,0.008964701930148637,0.004205276034101405,0.0009607822810383188,31.637396840640303,0.11316535614237751,0.11459121437553854
7.811999999999362,0.23679195724881932,28.988830188309418,0.008918563146160996,0.004166260085960001,0.000945069989611019,31.639193522898047,0.11317131783250044,0.11458161611986864
7.821999999999361,0.23677735497314292,28.99287185356275,0.008872754036513934,0.00412772705606115,0.0009298702663142421,31.64098318296505,0.11317724902951667,0.11457206756719965
7.8319999999993595,0.23676281092261336,28.996891279735852,0.008827248904211967,0.0040896691810037725,0.0009150910815324543,31.642765810848562,0.1131831499798246,0.11456256831144372
7.841999999999358,0.23674832480695243,29.000888618354583,0.00878203757278097,0.004052079444670944,0.0009006727453359426,31.64454144089086,0.11318902088423112,0.11455311802004896
7.851999999999357,0.23673389622981308,29.004864024632486,0.008737117072238716,0.004014951137166754,0.0008865783073800508,31.646310120449744,0.11319486194434869,0.11454371635929776
7.861999999999356,0.23671952476590094,29.008817657262636,0.00869248713439672,0.003978277684031955,0.0008727831271473214,31.64807190044772,0.1132006733693356,0.11453436298345801
7.871999999999355,0.23670520998641637,29.01274967712961,0.008648148160637656,0.00394205259097085,0.0008592692180008404,31.649826832253694,0.11320645537426138,0.11452505753741642
7.881999999999354,0.23669095146754043,29.016660246116327,0.008604100403663217,0.003906269431456948,0.0008460224945149292,31.65157496664256,0.11321220817752646,0.1145157996608327
7.891999999999353,0.2366767487928832,29.02054952621655,0.00856034370111664,0.0038709218481359766,0.0008330314016801392,31.65331635349473,0.11321793199883469,0.11450658899140238
7.901999999999352,0.236662601553754,29.02441767892873,0.008516877443499132,0.0038360035575453052,0.000820286165713577,31.655051041762587,0.11322362705782692,0.11449742516705526
7.911999999999351,0.2366485093487009,29.028264864859363,0.008473700629771689,0.0038015083547990078,0.000807778333635594,31.65677907952663,0.11322929357321636,0.11448830782734502
7.92199999999935,0.23663447178288313,29.032091243475186,0.008430811945950134,0.0037674301173849607,0.0007955004611604438,31.65850051407204,0.1132349317622613,0.11447923661429622
7.9319999999993485,0.23662048846749026,29.035896972953157,0.00838820984041129,0.003733762808000537,0.0007834458877385867,31.66021539195959,0.1132405418404601,0.11447021117289297
7.941999999999347,0.23660655901926364,29.03968221009764,0.008345892587074846,0.003700500476551397,0.0007716085692252262,31.66192375908405,0.11324612402138434,0.1144612311513454
7.951999999999346,0.23659268306012046,29.043447110298192,0.008303858335106015,0.003667637261459771,0.0007599829516499991,31.663625660719976,0.1132516785165962,0.11445229620122066
7.961999999999345,0.2365788602168735,29.047191827514244,0.008262105146635813,0.0036351673904091307,0.0007485638753880567,31.665321141555843,0.11325720553562059,0.11444340597748559
7.971999999999344,0.23656509012100932,29.05091651427586,0.008220631024785216,0.0036030851806293303,0.0007373465021390778,31.667010245720967,0.11326270528594394,0.1144345601385067
7.981999999999343,0.2365513724085214,29.0546213216938,0.008179433934222524,0.0035713850388073864,0.0007263262591162388,31.668693016805747,0.1132681779730325,0.11442575834601874
7.991999999999342,0.2365377067197767,29.058306399474812,0.008138511816131658,0.003540061460694937,0.0007154987962068725,31.670369497877765,0.11327362380035925,0.11441700026507948
8.001999999999342,0.23652409269940053,29.061971895939106,0.008097862599068752,0.0035091090304716892,0.0007048599529492841,31.672039731495698,0.11327904296943146,0.11440828556402338
8.011999999999345,0.236510529996185,29.06561795803931,0.008057484206824164,0.0034785224199145913,0.000694405732927138,31.673703759720304,0.11328443567982392,0.11439961391440628
8.021999999999348,0.2364970182629993,29.069244731379094,0.00801737456411577,0.0034482963874155823,0.0006841322837487114,31.675361624125213,0.11328980212920785,0.11439098499095723
8.031999999999352,0.23648355715671265,29.072852360231554,0.007977531600714915,0.0034184257768816615,0.000674035881312764,31.677013365806168,0.11329514251337937,0.11438239847153059
8.041999999999355,0.2364701463381184,29.07644098755698,0.007937953254439639,0.0033889055165466056,0.0006641129173190358,31.67865902539011,0.11330045702628729,0.11437385403705978
8.051999999999358,0.23645678547186583,29.08001075501925,0.0078986374733286,0.00335973061771852,0.000654359889213407,31.68029864304333,0.11330574586005815,0.11436535137151521
8.061999999999362,0.23644347422638345,29.083561803002357,0.007859582217219623,0.0033308961734807405,0.0006447733921173691,31.681932258480696,0.1133110092050207,0.1143568901618632
8.071999999999365,0.23643021227381894,29.087094270625556,0.007820785458894846,0.0033023973573638498,0.0006353501121072185,31.683559910972814,0.1133162472497262,0.1143484700980316
8.081999999999368,0.2364169992899667,29.09060829575802,0.007782245184908441,0.003274229421998756,0.0006260868207415753,31.68518163935471,0.11332146018097064,0.11434009087287254
8.091999999999372,0.23640383495420675,29.09410401503322,0.007743959396180547,0.0032463876977621257,0.0006169803703927961,31.686797482033146,0.1133266481838148,0.11433175218212831
8.101999999999375,0.23639071894943822,29.097581563862096,0.007705926108419212,0.003218867591421911,0.0006080276902724615,31.688407476994602,0.11333181144160288,0.11432345372440007
8.111999999999378,0.23637765096201624,29.101041076446645,0.007668143352413398,0.003191664584787825,0.0005992257830401667,31.690011661812814,0.11333695013598051,0.11431519520111717
8.121999999999382,0.23636463068169108,29.104482685792718,0.007630609174230516,0.0031647742333729104,0.0005905717217752414,31.691610073656065,0.11334206444691161,0.1143069763165085
8.131999999999385,0.2363516578015467,29.107906523722168,0.007593321635341628,0.0031381921650686095,0.0005820626473401008,31.693202749294585,0.11334715455269714,0.1142987967775709
8.141999999999388,0.2363387320179423,29.111312720885337,0.00755627881269248,0.0031119140788366164,0.0005736957659845564,31.694789725107498,0.11335222062999045,0.11429065629404289
8.151999999999392,0.23632585303045192,29.114701406772877,0.00751947879873323,0.003085935743419483,0.0005654683471717706,31.696371037090103,0.1133572628538129,0.11428255457837813
8.161999999999395,0.23631302054180886,29.118072709727368,0.007482919701416518,0.0030602529960710614,0.0005573777216002605,31.697946720860507,0.11336228139757108,0.11427449134571625
8.171999999999398,0.2363002342578491,29.12142675695506,0.007446599644171694,0.0030348617413082737,0.0005494212793490345,31.699516811666438,0.11336727643307191,0.11426646631385727
8.181999999999402,0.2362874938874567,29.12476367453698,0.007410516765860288,0.0030097579496846786,0.0005415964681587137,31.70108134439175,0.11337224813053771,0.11425847920323576
8.191999999999405,0.23627479914250965,29.12808358744042,0.007374669220717441,0.00298493765658632,0.0005339007918055617,31.70264035356292,0.11337719665862181,0.11425052973689466
8.201999999999408,0.23626214973782808,29.13138661952924,0.007339055178281997,0.0029603969610497985,0.0005263318085806325,31.704193873355294,0.11338212218442338,0.11424261764045968
8.211999999999412,0.2362495453911226,29.134672893575743,0.007303672823318107,0.0029361320246030858,0.0005188871298198157,31.70574193759921,0.11338702487350223,0.1142347426421146
8.221999999999415,0.2362369858229445,29.137942531270593,0.007268520355729915,0.002912139070128522,0.000511564418524987,31.707284579786023,0.11339190488989391,0.1142269044725754
8.231999999999418,0.23622447075663658,29.141195653233698,0.007233595990471398,0.0028884143807482916,0.0005043613880184742,31.708821833073962,0.11339676239612449,0.11421910286506529
8.241999999999422,0.23621199991828493,29.144432379025066,0.007198897957451479,0.0028649542987316087,0.0004972758006748708,31.71035373029393,0.1134015975532238,0.11421133755529217
8.251999999999425,0.23619957303667224,29.147652827154403,0.0071644245014366725,0.0028417552244241213,0.0004903054666690103,31.711880303955077,0.11340641052074109,0.11420360828142222
8.261999999999428,0.23618718984323325,29.150857115092002,0.007130173881950258,0.002818813615197954,0.0004834482428125921,31.71340158625015,0.1134112014567594,0.11419591478405548
8.271999999999432,0.2361748500720088,29.154045359278793,0.007096144373170507,0.0027961259844236338,0.000476702031370745,31.714917609060983,0.11341597051790882,0.11418825680620347
8.281999999999435,0.2361625534596026,29.157217675136184,0.007062334263826406,0.0027736889004618803,0.0004700647789760724,31.716428403963704,0.11342071785938115,0.11418063409326427
8.291999999999438,0.2361502997451372,29.16037417707619,0.007028741857092752,0.00275149898567624,0.0004635344755303937,31.71793400223398,0.11342544363494314,0.11417304639300027
8.301999999999442,0.23613808867021646,29.163514978511007,0.006995365470484016,0.0027295529154649375,0.0004571091531773071,31.71943443485152,0.11343014799695171,0.11416549345551233
8.311999999999445,0.23612591997887894,29.166640191863113,0.0069622034357477445,0.0027078474173130723,0.00045078688525760025,31.720929732505663,0.11343483109636622,0.11415797503321906
8.321999999999449,0.2361137934175644,29.16974992857477,0.006929254098757301,0.0026863792698628816,0.0004445657853550451,31.72241992559937,0.11343949308276363,0.11415049088083129
8.331999999999452,0.23610170873506905,29.172844299117255,0.006896515819404008,0.00266514530200323,0.0004384440063176811,31.723905044254614,0.11344413410435042,0.11414304075533195
8.341999999999455,0.23608966568251166,29.175923413000785,0.006863986971489441,0.0026441423919773568,0.00043241973932591643,31.72538511831641,0.11344875430797711,0.1141356244159513
8.351999999999459,0.2360776640132949,29.178987378783503,0.006831665942617107,0.0026233674665078594,0.00042649121300920563,31.72686017735746,0.11345335383915153,0.11412824162414505
8.361999999999462,0.23606570348306918,29.18203630408101,0.006799551134084569,0.00260281749994006,0.0004206566925310951,31.728330250682465,0.11345793284205202,0.11412089214357159
8.371999999999465,0.23605378384969777,29.185070295575322,0.0067676409607750915,0.002582489513401605,0.00041491447876321365,31.729795367332308,0.11346249145954039,0.11411357574007051
8.381999999999469,0.23604190487322027,29.188089459023814,0.006735933851049648,0.0025623805739793232,0.00040926290742857155,31.73125555608844,0.11346702983317444,0.1141062921816413
8.391999999999472,0.23603006631582196,29.191093899268534,0.006704428246638939,0.0025424877939119244,0.0004037003483132353,31.732710845476507,0.11347154810322253,0.1140990412384189
8.401999999999475,0.23601826794179775,29.194083720245,0.006673122602535526,0.002522808329799213,0.0003982252044512754,31.734161263770726,0.11347604640867505,0.11409182268265444
8.411999999999479,0.23600650951752145,29.197059024990644,0.006642015386886254,0.0025033393818263755,0.0003928359113773957,31.735606838997498,0.11348052488725728,0.11408463628869345
8.421999999999482,0.2359947908114134,29.20001991565396,0.0066111050808848725,0.002484078193003953,0.0003875309363651847,31.737047598939313,0.11348498367544294,0.1140774818329533
8.431999999999485,0.23598311159390983,29.20296649350293,0.006580390178665087,0.00246502204842254,0.00038230877770251256,31.73848357113842,0.11348942290846532,0.11407035909390416
8.441999999999489,0.23597147163743143,29.205898858933548,0.006549869187193698,0.002446168274522192,0.0003771679639789003,31.739914782900563,0.11349384272033007,0.11406326785204775
8.451999999999492,0.23595987071635788,29.208817111478137,0.006519540626164307,0.0024275142383760506,0.00037210705339643234,31.741341261298054,0.11349824324382955,0.11405620788989329
8.461999999999495,0.23594830860699292,29.21172134981416,0.006489403027891024,0.002409057346987745,0.00036712463310437424,31.74276303317392,0.11350262461055204,0.11404917899194182
8.471999999999499,0.2359367850875409,29.21461167177172,0.006459454937203197,0.0023907950466031764,0.00036221931851365864,31.744180125144727,0.11350698695089596,0.1140421809446624
8.481999999999502,0.23592529993807507,29.217488174342773,0.006429694911339955,0.002372724822034678,0.000357389752695007,31.745592563604376,0.11351133039407976,0.11403521353647547
8.491999999999505,0.23591385294051573,29.220350953688175,0.006400121519845432,0.0023548441959990738,0.0003526346057271513,31.747000374726696,0.11351565506815701,0.11402827655772772
8.501999999999509,0.2359024438785994,29.22320010514643,0.006370733344464472,0.0023371507284679575,0.0003479525741067597,31.74840358446913,0.1135199611000258,0.11402136980067616
8.511999999999512,0.2358910725378545,29.226035723241434,0.006341528979038777,0.002319642016030937,0.00034334238014277404,31.749802218575667,0.11352424861544073,0.11401449305946797
8.521999999999515,0.23587973870557583,29.228857901690127,0.006312507029403583,0.0023023156912709308,0.00033880277138732384,31.751196302579846,0.1135285177390253,0.11400764613011989
8.531999999999519,0.23586844217079925,29.23166673341056,0.00628366611328481,0.0022851694221513465,0.00033433252007198787,31.75258586180783,0.11353276859428203,0.11400082881050108
8.541999999999522,0.23585718272427875,29.234462310529683,0.006255004860196767,0.0022682009114152004,0.00032993042255631826,31.753970921381118,0.11353700130360571,0.11399404090031115
8.551999999999525,0.23584596015846201,29.23724472439024,0.006226521911340283,0.0022514078959954714,0.0003255952987997338,31.75535150621946,0.1135412159882929,0.11398728220106395
8.561999999999529,0.2358347742674666,29.240014065559315,0.006198215919501618,0.0022347881464369534,0.0003213259918305672,31.756727641043717,0.11354541276855461,0.11398055251606677
8.571999999999532,0.23582362484705807,29.242770423835303,0.006170085548951754,0.002218339466328945,0.00031712136724256846,31.75809935037846,0.11354959176352614,0.11397385165040334
8.581999999999535,0.2358125116946281,29.245513888255196,0.006142129475346247,0.002202059691748474,0.00031298031270726614,31.75946665855459,0.11355375309127884,0.11396717941091458
8.591999999999539,0.2358014346091697,29.248244547101997,0.0061143463856259276,0.0021859466907147842,0.00030890173746624317,31.7608295897123,0.11355789686883051,0.11396053560618107
8.601999999999542,0.23579039339126212,29.25096248791217,0.006086734977917904,0.0021699983626530662,0.00030488457189127723,31.76218816780287,0.11356202321215654,0.11395392004650429
8.611999999999545,0.23577938784304328,29.253667797482635,0.006059293961437182,0.0021542126378692157,0.00030092776699742937,31.763542416591942,0.11356613223619992,0.11394733254389004
8.621999999999549,0.23576841776819255,29.256360561877766,0.0060320220563893755,0.0021385874770340125,0.0002970302940077331,31.764892359661612,0.11357022405488326,0.1139407729120284
8.631999999999552,0.23575748297191015,29.25904086643656,0.006004917993873294,0.002123120870677085,0.00029319114390916106,31.76623802041286,0.11357429878111756,0.11393424096627891
8.641999999999555,0.23574658326089792,29.2617087957797,0.00597798051578469,0.002107810838690035,0.00028940932703801485,31.76757942206785,0.1135783565268126,0.11392773652365316
8.651999999999559,0.23573571844334126,29.26436443381611,0.005951208374720602,0.002092655429839465,0.000285683872640672,31.768916587672084,0.11358239740288952,0.11392125940279417
8.661999999999562,0.2357248883288868,29.267007863750074,0.005924600333884314,0.0020776527212885347,0.00028201382848476545,31.770249540097073,0.11358642151928752,0.1139148094239647
8.671999999999565,0.2357140927286274,29.269639168087814,0.0058981551669905945,0.002062800818127551,0.00027839826045912824,31.771578302042094,0.11359042898497665,0.11390838640902624
8.681999999999569,0.23570333145508254,29.272258428644406,0.005871871658172343,0.002048097852913386,0.000274836252178738,31.772902896036587,0.11359441990796669,0.11390199018142408
8.691999999999572,0.2356926043221815,29.274865726549837,0.005845748601887152,0.002033541985217229,0.0002713269046158327,31.774223344442103,0.11359839439531715,0.11389562056617067
8.701999999999575,0.23568191114524456,29.277461142256197,0.00581978480282507,0.002019131401180805,0.00026786933572443713,31.77553966945457,0.11360235255314637,0.1138892773898303
8.711999999999579,0.23567125174096729,29.280044755543646,0.005793979075816712,0.0020048643130807756,0.0002644626800816681,31.77685189310617,0.11360629448664247,0.11388296048050102
8.721999999999582,0.2356606259274039,29.28261664552712,0.005768330245742254,0.00199073895890106,0.00026110608853677144,31.778160037267302,0.11361022030007216,0.11387666966779991
8.731999999999585,0.23565003352395045,29.285176890662733,0.00574283714744104,0.00197675360191313,0.00025779872786555277,31.7794641236486,0.11361413009679029,0.11387040478284705
8.741999999999589,0.23563947435132865,29.287725568753494,0.005717498625621727,0.0019629065302636793,0.00025453978044175384,31.78076417380287,0.11361802397924893,0.1138641656582505
8.751999999999592,0.2356289482315703,29.290262756956395,0.005692313534773518,0.0019491960565703836,0.00025132844389483727,31.782060209126914,0.1136219020490067,0.11385795212809069
8.761999999999595,0.2356184549880026,29.292788531787743,0.005667280739077549,0.0019356205175242982,0.0002481639308125437,31.7833522508633,0.1136257644067387,0.11385176402790395
8.771999999999599,0.23560799444523287,29.29530296912967,0.0056423991123194395,0.0019221782735002063,0.0002450454684037048,31.78464032010218,0.11362961115224487,0.11384560119466848
8.781999999999602,0.2355975664291317,29.29780614423608,0.005617667537802283,0.0019088677081734735,0.0002419722982143252,31.785924437783304,0.11363344238445888,0.11383946346678966
8.791999999999605,0.23558717076682348,29.300298131738668,0.005593084908260259,0.001895687228144141,0.0002389436758166029,31.787204624697107,0.113637258201458,0.11383335068408361
8.801999999999609,0.2355768072866661,29.30277900565274,0.005568650125773349,0.0018826352625678096,0.00023595887052179325,31.788480901487176,0.11364105870047085,0.11382726268776416
8.811999999999612,0.23556647581824006,29.30524883938295,0.005544362101682197,0.0018697102627929945,0.00023301716509887104,31.789753288651532,0.11364484397788581,0.11382119932042896
8.821999999999615,0.23555617619233657,29.30770770572927,0.0055202197565040615,0.0018569107020051628,0.0002301178554929964,31.791021806544006,0.11364861412926162,0.11381516042604191
8.831999999999619,0.2355459082409395,29.31015567689256,0.005496222019849312,0.001844235074877003,0.00022726025055992276,31.792286475376446,0.11365236924933336,0.113809145849923
8.841999999999622,0.2355356717972168,29.312592824480564,0.00547236783033859,0.001831681897225262,0.000224443671791519,31.7935473152197,0.11365610943202328,0.11380315543873061
8.851999999999626,0.23552546669550362,29.315019219512802,0.0054486561355208876,0.0018192497056734073,0.0002216674530642334,31.794804346005623,0.11365983477044693,0.11379718904045094
8.861999999999629,0.23551529277129327,29.31743493242715,0.005425085891792045,0.0018069370573204865,0.00021893094038387097,31.796057587528175,0.11366354535692307,0.11379124650438188
8.871999999999632,0.23550514986122187,29.319840033084148,0.005401656064313963,0.0017947425294156923,0.00021623349164306564,31.79730705944522,0.11366724128298131,0.1137853276811201
8.881999999999636,0.23549503780305775,29.32223459077345,0.005378365626934772,0.0017826647190390392,0.00021357447636814495,31.79855278127981,0.11367092263937002,0.11377943242254791
8.891999999999639,0.23548495643568934,29.324618674218744,0.005355213562109357,0.0017707022427873324,0.00021095327549697606,31.799794772421592,0.11367458951606516,0.11377356058181887
8.901999999999642,0.23547490559911086,29.326992351582863,0.0053321988608207955,0.0017588537364659634,0.00020836928113789692,31.801033052128552,0.11367824200227572,0.11376771201334818
8.911999999999646,0.23546488513441582,29.329355690473665,0.005309320522502398,0.001747117854786104,0.00020582189634776011,31.802267639527745,0.11368188018645597,0.11376188657279306
8.921999999999649,0.23545489488378024,29.33170875794876,0.005286577554960437,0.0017354932710670586,0.00020331053491288574,31.803498553617313,0.11368550415630828,0.11375608411704742
8.931999999999652,0.23544493469045374,29.33405162052047,0.005263968974297529,0.0017239786769439863,0.00020083462113559478,31.804725813267545,0.11368911399879426,0.11375030450422369
8.941999999999656,0.2354350043987521,29.336384344161974,0.0052414938048367474,0.0017125727820809327,0.00019839358961242314,31.805949437221727,0.11369270980014165,0.11374454759364144
8.951999999999659,0.23542510385403767,29.33870699431102,0.0052191510790465835,0.001701274313888631,0.0001959868850393219,31.80716944409853,0.11369629164584986,0.11373881324581792
8.961999999999662,0.2354152329027186,29.34101963587587,0.005196939837465945,0.001690082017247135,0.00019361396201289144,31.80838585239203,0.11369985962070066,0.1137331013224506
8.971999999999666,0.23540539139223274,29.34332233324001,0.005174859128630865,0.0016789946542337575,0.00019127428481805256,31.809598680473666,0.11370341380876271,0.11372741168640937
8.981999999999669,0.23539557917103585,29.345615150266905,0.005152908009000629,0.0016680110038553774,0.0001889673272492185,31.810807946593645,0.11370695429340037,0.11372174420172226
8.991999999999672,0.23538579608859803,29.34789815030502,0.005131085542885774,0.0016571298617853785,0.00018669257241946393,31.812013668881324,0.1137104811572802,0.11371609873356434
9.001999999999676,0.2353760419953879,29.35017139619246,0.005109390802375875,0.0016463500401053936,0.00018444951257270785,31.813215865347118,0.1137139944823785,0.11371047514824545
9.011999999999679,0.2353663167428652,29.352434950261923,0.005087822867268373,0.0016356703670513482,0.00018223764890568534,31.814414553883367,0.11371749434998753,0.11370487331319963
9.021999999999682,0.2353566201834715,29.35468887434536,0.005066380824998131,0.001625089686764008,0.00018005649139150856,31.81560975226546,0.11372098084072414,0.11369929309697113
9.031999999999686,0.23534695217061966,29.35693322977833,0.005045063770567383,0.0016146068590436925,0.0001779055586084524,31.816801478153042,0.11372445403453409,0.11369373436920698
9.041999999999689,0.2353373125586863,29.359168077405233,0.005023870806476347,0.0016042207591092695,0.0001757843775723714,31.81798974909094,0.11372791401070247,0.11368819700063994
9.051999999999692,0.23532770120300034,29.36139347758316,0.00500280104265481,0.0015939302773614035,0.00017369248356641123,31.819174582510527,0.11373136084785616,0.11368268086308418
9.061999999999696,0.2353181179598351,29.363609490187045,0.004981853596393993,0.0015837343191497308,0.00017162941998598297,31.82035599573063,0.11373479462397348,0.11367718582941946
9.071999999999699,0.23530856268640063,29.365816174613617,0.0049610275922791405,0.0015736318045440094,0.00016959473817966116,31.82153400595845,0.11373821541639038,0.11367171177358089
9.081999999999702,0.2352990352408343,29.368013589786358,0.004940322162122887,0.0015636216681093405,0.000167587997290685,31.822708630290702,0.11374162330180614,0.11366625857054942
9.091999999999706,0.2352895354821911,29.370201794159218,0.004919736444899071,0.0015537028586849948,0.00016560876411324715,31.823879885714717,0.11374501835629061,0.11366082609633982
9.101999999999709,0.2352800632704359,29.37238084572156,0.0048992695866772375,0.001543874339167164,0.00016365661293829702,31.82504778910941,0.1137484006552888,0.11365541422799309
9.111999999999712,0.2352706184664361,29.37455080200209,0.004878920740557777,0.0015341350862954498,0.0001617311254111007,31.826212357246114,0.11375177027362988,0.11365002284356168
9.121999999999716,0.23526120093195196,29.376711720073537,0.0048586890666077924,0.001524484090442852,0.00015983189039009147,31.827373606789752,0.11375512728553137,0.11364465182210241
9.131999999999719,0.23525181052963098,29.37886365655609,0.004838573731797255,0.0015149203554092575,0.00015795850381054125,31.82853155429947,0.11375847176460639,0.1136393010436645
9.141999999999722,0.2352424471229959,29.38100666762228,0.004818573909936049,0.0015054428982186536,0.00015611056854396497,31.829686216230094,0.11376180378386866,0.11363397038928132
9.151999999999726,0.23523311057644247,29.383140809000924,0.00479868878161151,0.001496050748919493,0.00015428769427236575,31.83083760893237,0.11376512341574052,0.11362865974095718
9.161999999999729,0.23522380075522578,29.385266135981034,0.004778917534126594,0.0014867429503886687,0.00015248949735068547,31.831985748654585,0.11376843073205627,0.11362336898166168
9.171999999999732,0.23521451752545836,29.387382703415863,0.004759259361438601,0.0014775185581385724,0.0001507156006866346,31.83313065154281,0.11377172580407034,0.11361809799531622
9.181999999999736,0.2352052607540973,29.389490565727048,0.004739713464098546,0.0014683766401275967,0.00014896563360951358,31.834272333642406,0.11377500870246073,0.1136128466667884
9.191999999999739,0.23519603030894196,29.391589776908738,0.004720279049190944,0.0014593162765734885,0.00014723923175991526,31.835410810898303,0.11377827949733803,0.11360761488187698
9.201999999999742,0.23518682605862348,29.39368039053081,0.004700955330274512,0.0014503365597703275,0.0001455360369531418,31.836546099156237,0.11378153825824805,0.11360240252730763
9.211999999999746,0.2351776478725979,29.395762459743594,0.004681741527323004,0.001441436593907938,0.00014385569708237235,31.837678214163574,0.11378478505417894,0.1135972094907211
9.221999999999749,0.23516849562114212,29.397836037281213,0.0046626368666670215,0.001432615494894941,0.00014219786598532896,31.838807171569762,0.11378801995356733,0.1135920356606631
9.231999999999752,0.2351593691753419,29.399901175465477,0.004643640580936066,0.001423872390184176,0.00014056220335012512,31.839932986927806,0.1137912430243016,0.1135868809265788
9.241999999999756,0.23515026840709,29.401957926209626,0.0046247519090014105,0.0014152064186014669,0.00013894837459061516,31.841055675694413,0.11379445433373019,0.11358174517879933
9.251999999999759,0.23514119318907672,29.404006341022434,0.004605970095919273,0.0014066167301769554,0.00013735605074952914,31.842175253231176,0.11379765394866437,0.11357662830853683
9.261999999999762,0.23513214339478322,29.406046471010956,0.004587294392874801,0.0013981024859792538,0.00013578490839086428,31.843291734805334,0.11380084193538562,0.11357153020787265
9.271999999999766,0.23512311889847662,29.408078366885174,0.004568724057126435,0.0013896628579525918,0.00013423462949035335,31.844405135590353,0.11380401835964961,0.11356645076975047
9.281999999999769,0.23511411957520234,29.410102078961287,0.004550258351950765,0.0013812970287561785,0.00013270490134821133,31.845515470666836,0.11380718328669241,0.11356138988796623
9.291999999999772,0.23510514530077725,29.41211765716492,0.0045318965465881164,0.0013730041916067118,0.0001311954164754125,31.84662275502333,0.11381033678123448,0.11355634745716145
9.301999999999776,0.23509619595178438,29.4141251510352,0.004513637916188503,0.0013647835501230591,0.00012970587251005713,31.84772700355697,0.11381347890748647,0.1135513233728136
9.31199999999978,0.23508727140556743,29.416124609727746,0.004495481741758144,0.0013566343181737755,0.00012823597211388647,31.848828231074087,0.11381660972915474,0.11354631753122715
9.321999999999782,0.23507837154022276,29.418116082018663,0.004477427310106586,0.0013485557197269395,0.00012678542288423983,31.849926452291204,0.11381972930944505,0.11354132982952726
9.331999999999786,0.23506949623459458,29.420099616307525,0.004459473913794238,0.001340546988702525,0.00012535393726111117,31.85102168183557,0.11382283771106856,0.11353636016565011
9.34199999999979,0.2350606453682689,29.422075260621,0.004441620851080305,0.0013326073688270984,0.00012394123244147595,31.852113934245878,0.1138259349962467,0.11353140843833467
9.351999999999792,0.23505181882156656,29.42404306261641,0.0044238674258717465,0.001324736113491149,0.00012254703028343218,31.853203223973125,0.11382902122671508,0.11352647454711626
9.361999999999796,0.23504301647553935,29.426003069584382,0.004406212947671888,0.0013169324856081817,0.00012117105723711612,31.85428956538102,0.11383209646372913,0.11352155839231738
9.3719999999998,0.23503423821196312,29.42795532845302,0.004388656731530373,0.0013091957574767569,0.00011981304424124073,31.855372972746824,0.11383516076806849,0.11351665987504032
9.381999999999802,0.23502548391333167,29.429899885790455,0.004371198097993177,0.0013015252106442956,0.00011847272665692898,31.85645346026209,0.11383821420004207,0.11351177889715887
9.391999999999806,0.23501675346285206,29.431836787808365,0.004353836373052952,0.0012939201357732746,0.00011714984417967942,31.857531042033173,0.11384125681949156,0.11350691536131252
9.40199999999981,0.2350080467444398,29.43376608036543,0.004336570888100457,0.001286379832509556,0.0001158441407623047,31.858605732081834,0.1138442886857976,0.1135020691708963
9.411999999999813,0.2349993636427109,29.435687808969963,0.004319400979875777,0.0012789036093528224,0.00011455536453889681,31.859677544346173,0.11384730985788279,0.11349724023005577
9.421999999999816,0.23499070404297845,29.437602018783444,0.004302325990420443,0.0012714907835290605,0.00011328326774877838,31.86074649268102,0.11385032039421675,0.11349242844367863
9.43199999999982,0.2349820678312476,29.439508754623436,0.004285345267029959,0.0012641406808651875,0.00011202760666069616,31.86181259085855,0.11385332035282084,0.11348763371738711
9.441999999999823,0.23497345489420912,29.44140806096687,0.00426845816220659,0.001256852635665591,0.00011078814150429523,31.862875852569008,0.11385630979127248,0.11348285595753067
9.451999999999826,0.23496486511923387,29.443299981952734,0.00425166403361301,0.0012496259905907705,0.00010956463639256982,31.863936291421414,0.11385928876670852,0.11347809507118052
9.46199999999983,0.23495629839437018,29.44518456138534,0.004234962244025953,0.0012424600965377207,0.00010835685925947,31.86499392094383,0.1138622573358312,0.11347335096611974
9.471999999999833,0.23494775460833522,29.447061842737448,0.0042183521612905416,0.0012353543125224122,0.0001071645817872937,31.866048754584394,0.11386521555491033,0.11346862355083981
9.481999999999836,0.23493923365051306,29.44893186915284,0.004201833158275296,0.0012283080055640618,0.00010598757933865818,31.86710080571156,0.11386816347978919,0.11346391273453063
9.49199999999984,0.23493073541094775,29.450794683449452,0.004185404612826921,0.0012213205505711476,0.00010482563089738597,31.86815008761489,0.11387110116588733,0.11345921842707621
9.501999999999843,0.23492225978034095,29.452650328122218,0.00416906590772619,0.0012143913302293473,0.00010367851899780088,31.869196613505355,0.11387402866820628,0.11345454053904505
9.511999999999846,0.23491380665004286,29.454498845345977,0.0041528164306441386,0.0012075197348914402,0.00010254602965897317,31.870240396516408,0.11387694604133207,0.11344987898168613
9.52199999999985,0.23490537591205068,29.45634027697843,0.0041366555740983925,0.0012007051624685064,0.0001014279523328151,31.871281449704156,0.11387985333943906,0.11344523366692232
9.531999999999853,0.23489696745900493,29.458174664562723,0.004120582735410124,0.001193947018323205,0.00010032407983525059,31.87231978604779,0.11388275061629613,0.11344060450734061
9.541999999999856,0.23488858118418054,29.460002049330207,0.004104597316661498,0.0011872447151645468,9.923420829097128e-05,31.87335541845066,0.1138856379252676,0.11343599141619021
9.55199999999986,0.23488021698148584,29.461822472203377,0.00408869872465324,0.00118059767294439,9.815813707405963e-05,31.87438835974037,0.11388851531931905,0.11343139430737309
9.561999999999863,0.2348718747454553,29.463635973798564,0.00407288637086311,0.0011740053187556465,9.70956687470633e-05,31.87541862266965,0.11389138285101975,0.11342681309544009
9.571999999999866,0.23486355437125045,29.465442594428676,0.004057159671404233,0.0011674670867318426,9.604660901364653e-05,31.87644621991623,0.11389424057254967,0.11342224769557928
9.58199999999987,0.23485525575464605,29.46724237410556,0.004041518046984308,0.0011609824179485782,9.501076665324893e-05,31.87747116408451,0.11389708853569773,0.11341769802361867
9.591999999999873,0.2348469787920348,29.469035352542967,0.004025960922864921,0.0011545507603262428,9.398795347488094e-05,31.878493467704974,0.11389992679187039,0.11341316399601246
9.601999999999876,0.23483872338041795,29.470821569159153,0.004010487728821288,0.001148171568534387,9.297798426171816e-05,31.879513143235304,0.1139027553920934,0.11340864552983777
9.61199999999988,0.23483048941740298,29.47260106307939,0.003995097899102466,0.0011418443038975464,9.198067671921156e-05,31.880530203060644,0.11390557438701507,0.11340414254278942
9.621999999999883,0.23482227680119808,29.474373873138358,0.003979790872392014,0.0011355684343025954,9.09958514224983e-05,31.88154465949428,0.11390838382691046,0.11339965495317313
9.631999999999886,0.2348140854306074,29.476140037883226,0.003964566091768919,0.0011293434341074133,9.002333177078888e-05,31.882556524778195,0.11391118376168428,0.11339518267990045
9.64199999999989,0.23480591520502833,29.477899595575295,0.003949423004668873,0.0011231687840511265,8.906294393337944e-05,31.88356581108336,0.11391397424087511,0.11339072564248218
9.651999999999893,0.2347977660244493,29.479652584193573,0.003934361062846054,0.0011170439711655775,8.811451680641146e-05,31.88457253051002,0.11391675531365925,0.11338628376102176
9.661999999999896,0.2347896377894394,29.481399041436397,0.00391937972233526,0.0011109684886882335,8.717788196342529e-05,31.88557669508894,0.11391952702885207,0.11338185695621317
9.6719999999999,0.23478153040114966,29.483139004723988,0.003904478443414303,0.0011049418359765813,8.625287360638714e-05,31.8865783167812,0.11392228943491345,0.11337744514933185
9.681999999999903,0.2347734437613091,29.4848725112015,0.003889656690566839,0.0010989635184235243,8.53393285276815e-05,31.88757740747871,0.11392504257995043,0.11337304826223053
9.691999999999906,0.23476537777221657,29.486599597740533,0.0038749139324456136,0.0010930330473743791,8.443708605860302e-05,31.888573979005145,0.11392778651172084,0.11336866621733314
9.70199999999991,0.2347573323367416,29.488320300942096,0.003860249641835954,0.0010871499400449554,8.354598803027034e-05,31.889568043115865,0.11393052127763546,0.11336429893763121
9.711999999999913,0.2347493073583144,29.490034657138967,0.0038456632956196516,0.0010813137194410642,8.266587872683614e-05,31.890559611499093,0.11393324692476209,0.1133599463466773
9.721999999999916,0.23474130274093163,29.49174270239746,0.003831154374739308,0.0010755239142790044,8.179660484942319e-05,31.89154869577521,0.11393596349982982,0.11335560836857789
9.73199999999992,0.23473331838913977,29.493444472520526,0.0038167223641629305,0.0010697800589077131,8.093801546487437e-05,31.89253530749877,0.11393867104922877,0.11335128492799375
9.741999999999923,0.2347253542080457,29.49514000304929,0.003802366752848701,0.00106408169323136,8.00899619816086e-05,31.89351945815717,0.11394136961901787,0.1133469759501273
9.751999999999926,0.23471741010329902,29.496829329266035,0.003788087033710491,0.0010584283626340388,7.925229809090784e-05,31.894501159172837,0.1139440592549246,0.11334268136072295
9.76199999999993,0.23470948598109836,29.498512486195548,0.0037738827035832946,0.0010528196179048078,7.842487974291657e-05,31.895480421902402,0.1139467400023485,0.11333840108606126
9.771999999999933,0.23470158174818287,29.500189508608294,0.0037597532631892137,0.0010472550151643324,7.760756510146252e-05,31.896457257637756,0.11394941190636561,0.11333413505295178
9.781999999999936,0.23469369731183043,29.501860431021804,0.0037456982171038293,0.0010417341157925438,7.680021450628682e-05,31.897431677606235,0.11395207501172948,0.11332988318873123
9.79199999999994,0.23468583257985312,29.50352528770352,0.0037317170737227,0.001036256486357243,7.600269044114121e-05,31.89840369297116,0.1139547293628768,0.11332564542125442
9.801999999999943,0.23467798746059332,29.50518411267233,0.003717809345228501,0.0010308216985440764,7.521485748978323e-05,31.899373314832317,0.11395737500392694,0.11332142167889483
9.811999999999946,0.2346701618629206,29.506836939701152,0.0037039745475578654,0.0010254293290871623,7.443658231156877e-05,31.900340554226293,0.1139600119786876,0.11331721189053542
9.82199999999995,0.23466235569623028,29.50848380231901,0.0036902122003694003,0.0010200789597011517,7.366773359539591e-05,31.90130542212667,0.11396264033065676,0.11331301598556545
9.831999999999953,0.23465456887043507,29.51012473381264,0.003676521827011142,0.0010147701770140858,7.290818203376263e-05,31.902267929445014,0.1139652601030252,0.11330883389387618
9.841999999999956,0.23464680129596657,29.511759767229186,0.0036629029544890702,0.0010095025725013523,7.215780028379131e-05,31.903228087030676,0.11396787133867946,0.11330466554585622
9.85199999999996,0.23463905288376824,29.513388935377854,0.0036493551134354385,0.0010042757424206707,7.14164629367969e-05,31.904185905671657,0.11397047408020475,0.11330051087238661
9.861999999999963,0.2346313235452946,29.51501227083233,0.0036358778380775293,0.0009990892877477966,7.068404648947124e-05,31.905141396094667,0.1139730683698879,0.11329636980483596
9.871999999999966,0.23462361319250669,29.516629805932048,0.0036224706662069694,0.0009939428141136802,6.996042930164836e-05,31.906094568965685,0.11397565424971991,0.11329224227505635
9.88199999999997,0.23461592173786766,29.518241572785175,0.0036091331391487585,0.0009888359317419136,6.924549158105381e-05,31.907045434890485,0.113978231761398,0.11328812821537987
9.891999999999973,0.2346082490943418,29.519847603269632,0.0035958648017311483,0.0009837682553876942,6.853911533770743e-05,31.907994004414718,0.11398080094632934,0.11328402755861254
9.901999999999976,0.23460059517538892,29.521447929035897,0.003582665202255668,0.0009787394042774353,6.784118436112733e-05,31.908940288024624,0.11398336184563258,0.11327994023803183
9.91199999999998,0.2345929598949621,29.523042581508083,0.0035695338924672353,0.0009737490020492631,6.715158419096468e-05,31.909884296147265,0.11398591450014131,0.11327586618738082
9.921999999999983,0.2345853431675064,29.524631591886727,0.003556470427524835,0.0009687966766944205,6.647020208689438e-05,31.910826039150678,0.11398845895040689,0.11327180534086377
9.931999999999986,0.2345777449079513,29.52621499114976,0.0035434743659721983,0.0009638820604995543,6.579692700069191e-05,31.911765527344787,0.11399099523669952,0.11326775763314417
9.94199999999999,0.23457016503171166,29.527792810055452,0.0035305452697090094,0.0009590047899899491,6.513164954612778e-05,31.912702770981277,0.1139935233990122,0.11326372299933841
9.951999999999993,0.23456260345468133,29.529365079143272,0.0035176827039622043,0.0009541645058733697,6.447426197667964e-05,31.91363778025437,0.11399604347706205,0.11325970137501339
9.961999999999996,0.23455506009323313,29.530931828736243,0.0035048862372576463,0.0009493608529850077,6.382465815203055e-05,31.91457056530079,0.11399855551029449,0.11325569269617988
9.972,0.234547534864213,29.53249308894285,0.0034921554413920143,0.0009445934802329703,6.318273351851488e-05,31.915501136200486,0.11400105953788324,0.1132516968992923
9.982000000000003,0.23454002768493934,29.534048889658443,0.0034794898914049703,0.0009398620405447672,6.254838507867079e-05,31.91642950297671,0.11400355559873536,0.11324771392124076
9.992000000000006,0.23453253847319638,29.53559926056731,0.0034668891655517506,0.0009351661908146028,6.192151136421287e-05,31.91735567559678,0.11400604373149079,0.1132437436993514
10.00200000000001,0.23452506714723573,29.537144231144712,0.003454352845275619,0.0009305055918512135,6.130201241818637e-05,31.918279663971926,0.11400852397452792,0.11323978617137759
10.012000000000013,0.23451761362577128,29.538683830657856,0.003441880515181016,0.0009258799083266282,6.068978976484918e-05,31.919201477957856,0.11401099636596349,0.11323584127549992
10.022000000000016,0.2345101778279745,29.540218088168377,0.003429471763006705,0.0009212888087258135,6.008474638393332e-05,31.92012112735535,0.11401346094365539,0.11323190895032162
10.03200000000002,0.23450275967347267,29.541747032533703,0.003417126179599264,0.0009167319652967394,5.9486786693232645e-05,31.921038621910473,0.11401591774520539,0.11322798913486416
10.042000000000023,0.23449535908234861,29.54327069240901,0.0034048433588867444,0.0009122090540013788,5.889581652096673e-05,31.921953971314547,0.11401836680796147,0.11322408176856331
10.052000000000026,0.23448797597513335,29.544789096248643,0.003392622897852711,0.000907719754467414,5.831174308343407e-05,31.922867185205096,0.11402080816901926,0.11322018679126687
10.06200000000003,0.2344806102728074,29.546302272307745,0.003380464396510486,0.0009032637499406074,5.7734474962693395e-05,31.923778273165638,0.11402324186522582,0.11321630414322843
10.072000000000033,0.23447326189679382,29.547810248644275,0.0033683674578774644,0.0008988407272378626,5.716392208538095e-05,31.92468724472655,0.11402566793317984,0.11321243376510697
10.082000000000036,0.23446593076895725,29.54931305312038,0.0033563316879499125,0.0008944503767009474,5.659999570048517e-05,31.925594109365154,0.11402808640923438,0.11320857559796248
10.09200000000004,0.2344586168116044,29.55081071340411,0.003344356695677881,0.0008900923921509015,5.604260835851785e-05,31.92649887650565,0.11403049732950112,0.11320472958324895
10.102000000000043,0.23445131994747476,29.552303256970895,0.003332442092940318,0.0008857664708431637,5.549167388950132e-05,31.92740155552027,0.114032900729849,0.11320089566281659
10.112000000000046,0.2344440400997418,29.55379071110544,0.00332058749452055,0.0008814723134232359,5.4947107383575645e-05,31.928302155729074,0.11403529664590838,0.11319707377890488
10.12200000000005,0.23443677719201092,29.555273102903048,0.0033087925180818947,0.0008772096238831109,5.440882516943859e-05,31.92920068640022,0.11403768511307374,0.11319326387413842
10.132000000000053,0.23442953114831477,29.556750459271107,0.003297056784143428,0.0008729781095181558,5.3876744797914346e-05,31.930097156750527,0.11404006616650424,0.11318946589152573
10.142000000000056,0.2344223018931097,29.55822280693102,0.0032853799160561174,0.000868777480884822,5.335078501727621e-05,31.930991575945892,0.11404243984112561,0.11318567977445636
10.15200000000006,0.23441508935127708,29.559690172419327,0.0032737615399791244,0.0008646074517587857,5.283086575879173e-05,31.931883953101103,0.11404480617163375,0.11318190546669481
10.162000000000063,0.2344078934481155,29.561152582089573,0.0032622012848564424,0.0008604677390938537,5.2316908113967615e-05,31.932774297280837,0.11404716519249516,0.11317814291237986
10.172000000000066,0.23440071410934296,29.562610062113556,0.0032506987823934276,0.0008563580629812484,5.1808834320813726e-05,31.933662617499294,0.11404951693795073,0.11317439205601855
10.18200000000007,0.2343935512610903,29.56406263848294,0.003239253667033865,0.0008522781466097023,5.130656773997693e-05,31.934548922721085,0.11405186144201516,0.11317065284248685
10.192000000000073,0.23438640482990064,29.56551033701073,0.003227865575937142,0.0008482277162258931,5.081003284320473e-05,31.93543322186123,0.11405419873848066,0.1131669252170238
10.202000000000076,0.23437927474272638,29.566953183332675,0.0032165341489556317,0.0008442065010956781,5.0319155189690834e-05,31.93631552378553,0.11405652886091855,0.11316320912522872
10.21200000000008,0.23437216092692673,29.56839120290898,0.003205259028612233,0.0008402142334656686,4.983386141344026e-05,31.93719583731087,0.11405885184268122,0.11315950451305808
10.222000000000083,0.23436506331026516,29.569824421025192,0.0031940398600782726,0.0008362506485255043,4.9354079203346236e-05,31.938074171205518,0.11406116771690328,0.11315581132682367
10.232000000000086,0.23435798182090634,29.571252862794278,0.003182876291151303,0.0008323154843705403,4.887973728936993e-05,31.938950534189473,0.11406347651650432,0.11315212951318798
10.24200000000009,0.23435091638741531,29.57267655315762,0.0031717679722336684,0.0008284084819652215,4.841076542210636e-05,31.93982493493458,0.11406577827419091,0.11314845901916101
10.252000000000093,0.2343438669387509,29.57409551688642,0.0031607145563105205,0.0008245293851067866,4.794709436152249e-05,31.940697382065323,0.11406807302245625,0.11314479979210064
10.262000000000096,0.23433683340426917,29.575509778583342,0.0031497156989285725,0.0008206779403895707,4.748865585876257e-05,31.94156788415838,0.11407036079358505,0.11314115177970491
10.2720000000001,0.23432981571371517,29.57691936268367,0.0031387710581750245,0.0008168538971699375,4.703538263777862e-05,31.94243644974364,0.11407264161965286,0.11313751493001292
10.282000000000103,0.23432281379722456,29.578324293456802,0.0031278802946563917,0.0008130570075313794,4.658720838813484e-05,31.943303087303978,0.11407491553252928,0.11313388919139966
10.292000000000106,0.2343158275853202,29.579724595007356,0.003117043071477837,0.0008092870262505643,4.614406773846855e-05,31.94416780527568,0.1140771825638795,0.11313027451257342
10.30200000000011,0.23430885700890833,29.581120291276875,0.0031062590542224066,0.0008055437107633768,4.57058962536301e-05,31.9450306120489,0.11407944274516507,0.1131266708425746
10.312000000000113,0.23430190199927692,29.582511406044958,0.0030955279109306853,0.000801826821131801,4.5272630411927294e-05,31.94589151596784,0.11408169610764633,0.11312307813077167
10.322000000000116,0.23429496248809467,29.583897962930283,0.0030848493120805057,0.0007981361200110887,4.484420759419234e-05,31.946750525330874,0.11408394268238461,0.11311949632685758
10.33200000000012,0.2342880384074069,29.585279985392493,0.0030742229305669327,0.0007944713726174239,4.442056606954706e-05,31.947607648391045,0.11408618250024273,0.11311592538084894
10.342000000000123,0.2342811296896334,29.586657496733043,0.0030636484416823235,0.0007908323466960868,4.4001644980223575e-05,31.94846289335631,0.11408841559188704,0.11311236524308263
10.352000000000126,0.23427423626756594,29.58803052009667,0.003053125523096725,0.0007872188124899758,4.3587384330276495e-05,31.949316268389857,0.11409064198778943,0.11310881586421268
10.36200000000013,0.23426735807436774,29.589399078472383,0.003042653854838312,0.0007836305427086504,4.3177724970098775e-05,31.950167781610137,0.11409286171822876,0.11310527719520758
10.372000000000133,0.23426049504357016,29.590763194695427,0.0030322331192739822,0.0007800673124976869,4.277260858583861e-05,31.951017441091263,0.11409507481329288,0.11310174918734743
10.382000000000136,0.23425364710906824,29.59212289144737,0.0030218630010902855,0.0007765288994086469,4.2371977683088335e-05,31.951865254863574,0.11409728130287873,0.1130982317922234
10.39200000000014,0.23424681420512278,29.59347819125853,0.003011543187274446,0.0007730150833692984,4.197577557691771e-05,31.952711230913344,0.11409948121669605,0.11309472496173179
10.402000000000143,0.23423999626635433,29.594829116508286,0.003001273367095393,0.0007695256466542963,4.158394637930648e-05,31.953555377183527,0.11410167458426727,0.11309122864807421
10.412000000000146,0.23423319322774178,29.59617568942688,0.0029910532320853275,0.0007660603738563265,4.119643498466496e-05,31.954397701573914,0.11410386143492927,0.11308774280375472
10.42200000000015,0.23422640502462183,29.597517932096128,0.0029808824760210956,0.0007626190518575166,4.08131870615181e-05,31.95523821194119,0.11410604179783561,0.1130842673815761
10.432000000000153,0.23421963159268683,29.598855866451217,0.0029707607949058935,0.0007592014698014097,4.0434149036834915e-05,31.95607691609919,0.11410821570195874,0.11308080233463635
10.442000000000156,0.23421287286797668,29.600189514281144,0.002960687886951116,0.0007558074190651972,4.005926808669518e-05,31.956913821819896,0.11411038317608754,0.11307734761633252
10.45200000000016,0.2342061287868867,29.60151889723056,0.0029506634525584014,0.0007524366932323182,3.968849212530667e-05,31.957748936832452,0.11411254424883426,0.11307390318034953
10.462000000000163,0.23419939928615735,29.602844036800235,0.002940687194301844,0.0007490890880656155,3.9321769790711465e-05,31.958582268824415,0.1141146989486323,0.11307046898066377
10.472000000000167,0.23419268430287601,29.604164954348956,0.002930758816910294,0.0007457644014806129,3.895905043776534e-05,31.959413825441537,0.11411684730373928,0.11306704497153802
10.48200000000017,0.2341859837744722,29.605481671094072,0.0029208780272498764,0.0007424624335194291,3.860028412221826e-05,31.96024361428835,0.11411898934223692,0.11306363110752163
10.492000000000173,0.23417929763871959,29.606794208112877,0.002911044534306595,0.0007391829863247306,3.824542159689026e-05,31.96107164292788,0.11412112509203509,0.11306022734344401
10.502000000000177,0.23417262583372853,29.6081025863436,0.0029012580491691573,0.0007359258641142806,3.789441429535169e-05,31.961897918882595,0.11412325458086961,0.11305683363441806
10.51200000000018,0.23416596829794795,29.60940682658663,0.002891518285011998,0.0007326908731558176,3.7547214322622575e-05,31.962722449634153,0.11412537783630682,0.11305344993583277
10.522000000000183,0.23415932497016237,29.610706949505534,0.002881824957078206,0.0007294778217421075,3.7203774448517044e-05,31.963545242623738,0.1141274948857435,0.11305007620335344
10.532000000000187,0.23415269578948905,29.61200297562817,0.002872177782663162,0.0007262865201665827,3.6864048091576e-05,31.964366305252433,0.11412960575640844,0.11304671239291891
10.54200000000019,0.2341460806953769,29.61329492534762,0.0028625764810975363,0.0007231167806990681,3.652798931573232e-05,31.965185644881334,0.11413171047536379,0.11304335846073962
10.552000000000193,0.23413947962760348,29.61458281892354,0.0028530207737311173,0.0007199684175620094,3.619555281572786e-05,31.9660032688319,0.11413380906950622,0.11304001436329535
10.562000000000197,0.23413289252627403,29.615866676482906,0.002843510383916468,0.0007168412469069261,3.586669391027756e-05,31.966819184386093,0.11413590156556898,0.11303668005733217
10.5720000000002,0.2341263193318189,29.617146518021325,0.0028340450369927503,0.0007137350867912507,3.554136853111841e-05,31.967633398786646,0.11413798799012236,0.11303335549986161
10.582000000000203,0.23411975998499063,29.618422363403603,0.0028246244602696817,0.0007106497571554174,3.521953321517595e-05,31.96844591923746,0.11414006836957466,0.11303004064815884
10.592000000000207,0.23411321442686361,29.619694232365532,0.0028152483830118074,0.0007075850798003373,3.490114509399634e-05,31.969256752903604,0.11414214273017488,0.11302673545975862
10.60200000000021,0.23410668259883236,29.620962144514262,0.002805916536422661,0.0007045408783650254,3.45861618872581e-05,31.970065906911532,0.11414421109801327,0.11302343989245422
10.612000000000213,0.23410016444260714,29.622226119329426,0.0027966286536292295,0.0007015169783047536,3.4274541890421164e-05,31.97087338834961,0.114146273499022,0.11302015390429625
10.622000000000217,0.2340936599002143,29.623486176164416,0.002787384469666517,0.0006985132068693056,3.396624396955729e-05,31.97167920426808,0.11414832995897706,0.11301687745358968
10.63200000000022,0.23408716891399323,29.624742334246992,0.002778183721462288,0.0006955293930816796,3.3661227549129226e-05,31.972483361679423,0.11415038050349964,0.11301361049889155
10.642000000000223,0.2340806914265957,29.625994612680554,0.002769026147821807,0.000692565367716835,3.3359452609377715e-05,31.9732858675584,0.11415242515805665,0.11301035299901006
10.652000000000227,0.23407422738098146,29.627243030444927,0.0027599114894127563,0.0006896209632810208,3.306087967195776e-05,31.974086728842646,0.11415446394796265,0.11300710491300149
10.66200000000023,0.23406777672041928,29.628487606397506,0.0027508394887505376,0.0006866960139911913,3.276546979482804e-05,31.974885952432487,0.11415649689838044,0.11300386620016917
10.672000000000233,0.234061339388484,29.62972835927405,0.002741809890183358,0.0006837903557547223,3.2473184564785126e-05,31.975683545191316,0.1141585240343232,0.11300063682006002
10.682000000000237,0.2340549153290537,29.63096530768962,0.0027328224398775035,0.0006809038261493904,3.2183986089370084e-05,31.97647951394593,0.11416054538065451,0.11299741673246454
10.69200000000024,0.23404850448630773,29.632198470139528,0.0027238768858031006,0.0006780362644038157,3.189783698504195e-05,31.97727386548676,0.11416256096208952,0.11299420589741478
10.702000000000243,0.2340421068047272,29.633427865000556,0.0027149729777194956,0.0006751875113778001,3.1614700377195576e-05,31.978066606567825,0.1141645708031975,0.11299100427518029
10.712000000000247,0.23403572222909166,29.634653510531447,0.0027061104671610475,0.0006723574095431926,3.1334539887105517e-05,31.978857743907103,0.11416657492840185,0.11298781182626809
10.72200000000025,0.2340293507044767,29.63587542487396,0.0026972891074230486,0.000669545802964955,3.1057319626058264e-05,31.979647284186846,0.11416857336198141,0.1129846285114204
10.732000000000253,0.2340229921762515,29.63709362605372,0.0026885086535476045,0.0006667525372824473,3.078300418806235e-05,31.98043523405386,0.11417056612807076,0.11298145429161432
10.742000000000257,0.23401664659008098,29.63830813198145,0.00267976886230996,0.0006639774596910055,3.051155864271468e-05,31.981221600119238,0.11417255325066343,0.1129782891280565
10.75200000000026,0.23401031389191937,29.6395189604535,0.0026710694922044208,0.0006612204189236402,3.024294852986744e-05,31.982006388959142,0.11417453475361132,0.11297513298218408
10.762000000000263,0.23400399402801142,29.640726129152693,0.0026624103034309874,0.000658481265233181,2.997713984906122e-05,31.98278960711466,0.11417651066062601,0.11297198581566252
10.772000000000267,0.2339976869448884,29.641929655649612,0.002653791057881705,0.0006557598503744619,2.9714099056656968e-05,31.98357126109227,0.11417848099527998,0.11296884759038366
10.78200000000027,0.23399139258936963,29.6431295574029,0.0026452115191272544,0.0006530560275868308,2.9453793056941817e-05,31.984351357363668,0.11418044578100832,0.11296571826846295
10.792000000000273,0.2339851109085556,29.644325851760627,0.002636671452403707,0.0006503696515769404,2.9196189195394895e-05,31.985129902366598,0.11418240504110827,0.11296259781224009
10.802000000000277,0.23397884184983284,29.64551855596071,0.0026281706245992673,0.0006477005785015963,2.894125525454603e-05,31.98590690250424,0.11418435879874211,0.11295948618427436
10.81200000000028,0.23397258536086551,29.646707687132068,0.0026197088042413004,0.0006450486659510672,2.868895944373485e-05,31.986682364146244,0.1141863070769365,0.1129563833473458
10.822000000000283,0.23396634138960024,29.647893262295415,0.002611285761483329,0.0006424137729323839,2.8439270396801947e-05,31.987456293628142,0.11418824989858536,0.11295328926445035
10.832000000000287,0.2339601098842574,29.649075298363897,0.0026029012680921877,0.0006397957598529622,2.81921571642745e-05,31.988228697252396,0.1141901872864484,0.11295020389880225
10.84200000000029,0.2339538907933359,29.650253812143987,0.002594555097435378,0.0006371944885044704,2.794758920655559e-05,31.98899958128781,0.11419211926315467,0.1129471272138284
10.852000000000293,0.233947684065607,29.651428820336594,0.0025862470244683803,0.0006346098220468785,2.770553638839387e-05,31.989768951970287,0.1141940458512013,0.11294405917317021
10.862000000000297,0.2339414896501169,29.65260033953719,0.002577976825722111,0.0006320416249926063,2.7465968975258062e-05,31.9905368155025,0.11419596707295733,0.11294099974067758
10.8720000000003,0.23393530749617952,29.653768386237505,0.0025697442792906094,0.0006294897631910865,2.722885762362519e-05,31.99130317805479,0.11419788295066124,0.11293794888041264
10.882000000000303,0.23392913755337905,29.65493297682544,0.0025615491648187704,0.0006269541038134116,2.6994173377051535e-05,31.992068045764814,0.11419979350642447,0.11293490655664432
10.892000000000307,0.23392297977156878,29.65609412758643,0.002553391263490003,0.0006244345153370725,2.6761887663347178e-05,31.992831424737712,0.11420169876223168,0.11293187273384755
10.90200000000031,0.23391683410086583,29.65725185470406,0.0025452703580143878,0.0006219308675311813,2.653197228303891e-05,31.993593321046756,0.11420359873994117,0.11292884737670306
10.912000000000313,0.23391070049165238,29.658406174260804,0.002537186232616455,0.000619443031441488,2.630439941145387e-05,31.994353740733164,0.11420549346128629,0.11292583045009447
10.922000000000317,0.2339045788945732,29.65955710223875,0.0025291386730234176,0.0006169708793760342,2.6079141585720096e-05,31.995112689806405,0.11420738294787645,0.11292282191910727
10.93200000000032,0.2338984692605349,29.660704654520533,0.002521127466453514,0.0006145142848906124,2.5856171705540663e-05,31.995870174244317,0.11420926722119791,0.11291982174902702
10.942000000000323,0.23389237154070278,29.661848846889697,0.002513152401604201,0.0006120731227747118,2.5635463023456176e-05,31.996626199993447,0.11421114630261432,0.11291682990533876
10.952000000000327,0.23388628568650074,29.662989695032028,0.0025052132686405305,0.000609647269037319,2.5416989145101607e-05,31.997380772969084,0.11421302021336897,0.1129138463537232
10.96200000000033,0.23388021164960826,29.664127214535732,0.002497309859183884,0.0006072366008932761,2.5200724017545298e-05,31.99813389905562,0.11421488897458347,0.11291087106005902
10.972000000000333,0.23387414938196077,29.66526142089252,0.0024894419663004015,0.0006048409967494791,2.4986641930451707e-05,31.99888558410649,0.11421675260726065,0.11290790399041788
10.982000000000337,0.23386809883574738,29.6663923294981,0.00248160938448981,0.0006024603361914569,2.4774717507616517e-05,31.999635833944456,0.11421861113228485,0.11290494511106415
10.99200000000034,0.2338620599634073,29.667519955653088,0.0024738119096742875,0.0006000944999700805,2.456492570257278e-05,32.000384654362044,0.11422046457042172,0.11290199438845522
11.002000000000344,0.23385603271763106,29.66864431456364,0.0024660493391872188,0.0005977433699883737,2.435724179583499e-05,32.001132051121374,0.11422231294232092,0.11289905178923705
11.012000000000347,0.2338500170513577,29.66976542134211,0.002458321471762416,0.0005954068292885768,2.4151641387413595e-05,32.001878029954526,0.11422415626851506,0.11289611728024584
11.02200000000035,0.23384401291777507,29.670883291007872,0.002450628107523046,0.0005930847620393219,2.3948100394919058e-05,32.002622596563455,0.11422599456942319,0.11289319082850251
11.032000000000354,0.23383802027031442,29.67199793848788,0.002442969047970936,0.0005907770535229888,2.3746595047313102e-05,32.003365756620724,0.11422782786534799,0.11289027240121698
11.042000000000357,0.2338320390626538,29.673109378617514,0.0024353440959757654,0.0005884835901231843,2.354710188182899e-05,32.00410751576899,0.11422965617647987,0.11288736196578178
11.05200000000036,0.23382606924871185,29.674217626140827,0.002427753055764639,0.000586204259312525,2.3349597737158906e-05,32.00484787962185,0.1142314795228961,0.11288445948977335
11.062000000000364,0.23382011078265094,29.675322695712005,0.002420195732911345,0.000583938949640329,2.3154059752578447e-05,32.005586853763376,0.11423329792456256,0.1128815649409492
11.072000000000367,0.23381416361887083,29.676424601895373,0.0024126719343260474,0.000581687550720729,2.2960465360594806e-05,32.00632444374895,0.11423511140133283,0.11287867828724929
11.08200000000037,0.23380822771201304,29.67752335916615,0.0024051814682448255,0.0005794499532206406,2.276879228635043e-05,32.00706065510468,0.11423691997295185,0.11287579949679023
11.092000000000374,0.23380230301695326,29.67861898191143,0.002397724144219616,0.000577226048848277,2.2579018537793315e-05,32.00779549332836,0.11423872365905391,0.11287292853786839
11.102000000000377,0.23379638948880427,29.679711484430616,0.0023902997731077903,0.0005750157303413605,2.2391122408681156e-05,32.00852896388907,0.11424052247916476,0.11287006537895655
11.11200000000038,0.23379048708291342,29.68080088093604,0.002382908167062293,0.0005728188914558578,2.2205082468573242e-05,32.00926107222753,0.1142423164527031,0.1128672099887016
11.122000000000384,0.23378459575486005,29.68188718555364,0.0023755491395213617,0.000570635426954549,2.202087756416256e-05,32.009991823756366,0.11424410559897925,0.11286436233592628
11.132000000000387,0.2337787154604558,29.68297041232359,0.002368222505198904,0.000568465232596035,2.1838486810040145e-05,32.010721223860095,0.11424588993719816,0.11286152238962482
11.14200000000039,0.23377284615574184,29.68405057520102,0.0023609280800745325,0.0005663082051237135,2.1657889587976822e-05,32.01144927789545,0.1142476694864585,0.11285869011896395
11.152000000000394,0.23376698779698812,29.685127688056536,0.0023536656813838213,0.0005641642422548079,2.1479065544933453e-05,32.012175991191484,0.1142494442657546,0.11285586549328001
11.162000000000397,0.23376114034069279,29.686201764676923,0.0023464351276085626,0.0005620332426697709,2.13019945847402e-05,32.012901369049615,0.11425121429397656,0.1128530484820788
11.1720000000004,0.23375530374357875,29.68727281876564,0.0023392362384672873,0.0005599151060016166,2.1126656868456882e-05,32.01362541674404,0.11425297958991075,0.11285023905503443
11.182000000000404,0.23374947796259524,29.688340863943488,0.002332068834905749,0.0005578097328255031,2.0953032808537114e-05,32.01434813952159,0.11425474017224195,0.11284743718198625
11.192000000000407,0.23374366295491233,29.68940591374948,0.0023249327390874874,0.0005557170246483898,2.0781103066232645e-05,32.01506954260233,0.11425649605955182,0.11284464283294104
11.20200000000041,0.2337378586779237,29.690467981640804,0.002317827774384421,0.0005536368838988204,2.0610848548305122e-05,32.015789631179274,0.11425824727032076,0.11284185597807009
11.212000000000414,0.23373206508924504,29.691527080994053,0.0023107537653675766,0.0005515692139168425,2.0442250403517564e-05,32.01650841041853,0.11425999382293077,0.11283907658770458
11.222000000000417,0.2337262821467078,29.69258322510561,0.0023037105377979933,0.0005495139189441259,2.0275290017578534e-05,32.01722588546011,0.11426173573566151,0.11283630463234187
11.23200000000042,0.2337205098083649,29.693636427192033,0.0022966979186175964,0.0005474709041140446,2.010994901315641e-05,32.01794206141717,0.11426347302669548,0.11283354008263718
11.242000000000424,0.2337147480324837,29.694686700390942,0.002289715735940043,0.0005454400754420299,1.9946209243543714e-05,32.01865694337693,0.1142652057141158,0.11283078290940719
11.252000000000427,0.2337089967775484,29.695734057761207,0.002282763819041901,0.0005434213398159554,1.978405279116848e-05,32.019370536400345,0.11426693381590829,0.11282803308362656
11.26200000000043,0.23370325600225716,29.696778512284112,0.0022758419983536973,0.000541414604986728,1.9623461963219053e-05,32.020082845522424,0.11426865734996193,0.1128252905764272
11.272000000000434,0.2336975256655197,29.697820076863284,0.0022689501054510867,0.000539419779558854,1.946441929016745e-05,32.02079387575259,0.11427037633406904,0.11282255535909808
11.282000000000437,0.23369180572645978,29.69885876432562,0.0022620879730460746,0.0005374367729812055,1.9306907522292877e-05,32.02150363207433,0.11427209078592705,0.11281982740308227
11.29200000000044,0.23368609614440874,29.699894587421745,0.002255255434978527,0.0005354654955380362,1.915090962311546e-05,32.02221211944596,0.11427380072313757,0.1128171066799784
11.302000000000444,0.23368039687890965,29.700927558826574,0.0022484523262074458,0.0005335058583397889,1.8996408772976733e-05,32.02291934280019,0.11427550616320885,0.11281439316153674
11.312000000000447,0.2336747078897111,29.701957691140034,0.00224167848280236,0.0005315577733142964,1.8843388360892736e-05,32.0236253070448,0.11427720712355419,0.11281168681966174
11.32200000000045,0.23366902913677007,29.702984996887256,0.00223493374193508,0.0005296211531979666,1.869183198328169e-05,32.02433001706234,0.11427890362149533,0.11280898762640648
11.332000000000454,0.23366336058024748,29.704009488519073,0.0022282179418712136,0.0005276959115271028,1.8541723441531586e-05,32.02503347771062,0.11428059567426072,0.11280629555397563
11.342000000000457,0.23365770218051055,29.70503117841324,0.0022215309219618088,0.0005257819626293357,1.839304673838727e-05,32.02573569382251,0.11428228329898776,0.11280361057472156
11.35200000000046,0.23365205389812704,29.706050078874323,0.002214872522635201,0.0005238792216151325,1.824578607611239e-05,32.02643667020652,0.1142839665127229,0.11280093266114447
11.362000000000464,0.2336464156938678,29.70706620213421,0.002208242585388835,0.0005219876043694292,1.8099925852790065e-05,32.027136411646595,0.11428564533242043,0.11279826178589397
11.372000000000467,0.2336407875287042,29.7080795603529,0.002201640952781047,0.0005201070275433446,1.7955450661038635e-05,32.02783492290236,0.11428731977494726,0.11279559792176172
11.38200000000047,0.23363516936380585,29.70909016561899,0.002195067468423168,0.000518237408546062,1.7812345283141717e-05,32.0285322087094,0.11428898985707898,0.1127929410416875
11.392000000000474,0.2336295611605426,29.71009802995028,0.002188521976971469,0.0005163786655367083,1.7670594690796673e-05,32.02922827377907,0.11429065559550465,0.1127902911187517
11.402000000000477,0.23362396288047949,29.71110316529391,0.0021820043241192874,0.0005145307174164054,1.7530184041085197e-05,32.02992312279903,0.11429231700682363,0.11278764812618015
11.41200000000048,0.2336183744853793,29.712105583527023,0.0021755143565892346,0.0005126934838203743,1.7391098674605596e-05,32.030616760433,0.11429397410754903,0.11278501203733883
11.422000000000484,0.2336127959371969,29.713105296457456,0.0021690519221252997,0.0005108668851102112,1.7253324112045056e-05,32.031309191321405,0.11429562691410634,0.11278238282573586
11.432000000000487,0.2336072271980824,29.714102315824203,0.002162616869485224,0.0005090508423661206,1.7116846053431703e-05,32.03200042008099,0.1142972754428353,0.11277976046501856
11.44200000000049,0.2336016682303784,29.71509665329761,0.0021562090484328863,0.0005072452773793886,1.6981650373897823e-05,32.032690451305186,0.1142989197099899,0.11277714492897346
11.452000000000494,0.2335961189966172,29.71608832048023,0.002149828309730653,0.0005054501126448546,1.684772312223675e-05,32.03337928956442,0.11430055973173918,0.1127745361915249
11.462000000000497,0.23359057945952438,29.717077328906875,0.0021434745051317912,0.0005036652713534489,1.671505051948849e-05,32.034066939405676,0.1143021955241683,0.11277193422673344
11.4720000000005,0.233585049582011,29.718063690045597,0.0021371474873732184,0.0005018906773849419,1.6583618954167596e-05,32.034753405353456,0.11430382710327734,0.11276933900879765
11.482000000000504,0.23357952932717768,29.71904741529783,0.002130847110167925,0.000500126255300673,1.645341498204286e-05,32.03543869190929,0.11430545448498385,0.11276675051205001
11.492000000000507,0.23357401865831234,29.720028515999108,0.002124573228197742,0.0004983719303364296,1.6324425322754516e-05,32.036122803551976,0.11430707768512259,0.11276416871095743
11.50200000000051,0.23356851753888697,29.721007003419004,0.002118325697105983,0.000496627628395323,1.619663685907986e-05,32.036805744738004,0.11430869671944599,0.11276159358012032
11.512000000000514,0.2335630259325595,29.72198288876218,0.002112104373490321,0.0004948932760408765,1.6070036632349576e-05,32.037487519901305,0.11431031160362506,0.1127590250942713
11.522000000000517,0.23355754380317093,29.722956183168787,0.0021059091148954716,0.0004931688004900303,1.594461184375882e-05,32.038168133453624,0.11431192235324918,0.1127564632282754
11.53200000000052,0.23355207111474427,29.72392689771454,0.002099739779806332,0.0004914541296064808,1.5820349847271284e-05,32.038847589784616,0.11431352898382754,0.11275390795712771
11.542000000000524,0.23354660783148462,29.72489504341146,0.0020935962276407414,0.0004897491918937906,1.569723815322231e-05,32.03952589326186,0.11431513151079017,0.11275135925595187
11.552000000000527,0.23354115391777605,29.72586063120823,0.002087478318742646,0.0004880539164888389,1.5575264421513527e-05,32.040203048231234,0.1143167299494856,0.11274881710000365
11.56200000000053,0.23353570933818257,29.726823671990726,0.0020813859143749636,0.00048636823315515235,1.5454416463419606e-05,32.04087905901677,0.11431832431518461,0.11274628146466491
11.572000000000534,0.23353027405744745,29.727784176582258,0.0020753188767129458,0.0004846920722764912,1.5334682236070063e-05,32.04155392992077,0.11431991462308004,0.11274375232544412
11.582000000000537,0.23352484804048868,29.728742155744303,0.0020692770688373005,0.0004830253648504174,1.5216049842522558e-05,32.042227665224345,0.11432150088828583,0.11274122965797759
11.59200000000054,0.23351943125240282,29.72969762017671,0.002063260354727339,0.0004813680424818664,1.5098507530584125e-05,32.04290026918693,0.11432308312583929,0.11273871343802602
11.602000000000544,0.2335140236584592,29.730650580518244,0.0020572685992544353,0.0004797200373769935,1.4982043688009034e-05,32.04357174604701,0.11432466135070037,0.11273620364147562
11.612000000000547,0.23350862522410268,29.73160104734684,0.002051301668175243,0.00047808128233691686,1.4866646843305923e-05,32.04424210002175,0.11432623557775307,0.11273370024433564
11.62200000000055,0.23350323591495023,29.732549031180444,0.002045359428125143,0.0004764517107515564,1.4752305663368965e-05,32.044911335307475,0.11432780582180492,0.11273120322273955
11.632000000000554,0.2334978556967915,29.733494542476812,0.002039441746611717,0.0004748312565936506,1.4639008950353394e-05,32.04557945607954,0.11432937209758857,0.11272871255294213
11.642000000000557,0.23349248453558621,29.734437591634467,0.0020335484920082476,0.00047321985441272995,1.4526745641373198e-05,32.04624646649263,0.11433093441976194,0.1127262282113195
11.65200000000056,0.23348712239746486,29.73537818899274,0.0020276795335473817,0.00047161743932924054,1.4415504805297034e-05,32.04691237068076,0.11433249280290826,0.11272375017436878
11.662000000000564,0.233481769248726,29.736316344832503,0.002021834741314614,0.0004700239470286582,1.4305275642732722e-05,32.047577172757514,0.11433404726153654,0.11272127841870754
11.672000000000567,0.23347642505583682,29.73725206937641,0.0020160139862420087,0.00046843931375573696,1.419604748293656e-05,32.048240876816024,0.11433559781008282,0.11271881292107161
11.68200000000057,0.23347108978543057,29.738185372789278,0.002010217140102044,0.00046686347630883995,1.4087809781715137e-05,32.04890348692926,0.11433714446291027,0.11271635365831506
11.692000000000574,0.23346576340430747,29.739116265178552,0.002004444075501192,0.00046529637203422425,1.3980552122102605e-05,32.049565007149965,0.11433868723430916,0.11271390060741016
11.702000000000577,0.23346044587943343,29.740044756594365,0.0019986946658737967,0.00046373793882048406,1.3874264210417255e-05,32.050225441510705,0.11434022613849869,0.11271145374544445
11.71200000000058,0.23345513717793578,29.740970857030778,0.0019929687854760114,0.000462188115093105,1.3768935874817695e-05,32.05088479402451,0.11434176118962532,0.11270901304962327
11.722000000000584,0.2334498372671071,29.741894576425146,0.0019872663093797823,0.0004606468398089472,1.3664557064860081e-05,32.05154306868432,0.11434329240176526,0.11270657849726608
11.732000000000587,0.23344454611440094,29.74281592465932,0.0019815871134666705,0.0004591140524509071,1.3561117849026723e-05,32.05220026946355,0.11434481978892341,0.11270415006580772
11.74200000000059,0.23343926368743317,29.743734911559407,0.00197593107442195,0.0004575896930225347,1.345860841413606e-05,32.05285640031589,0.11434634336503585,0.11270172773279487
11.752000000000594,0.2334339899539793,29.74465154689671,0.0019702980697286895,0.0004560737020428353,1.3357019062120859e-05,32.05351146517569,0.1143478631439677,0.11269931147588905
11.762000000000597,0.23342872488197383,29.745565840387705,0.0019646879776619437,0.000454566020541077,1.3256340209572795e-05,32.05416546795796,0.11434937913951539,0.11269690127286323
11.7720000000006,0.23342346843950965,29.746477801694578,0.0019591006772827287,0.00045306659005160004,1.315656238689691e-05,32.05481841255849,0.11435089136540659,0.11269449710160183
11.782000000000604,0.23341822059483797,29.74738744042542,0.001953536048432382,0.00045157535260873216,1.305767623600536e-05,32.05547030285385,0.1143523998353004,0.11269209894010038
11.792000000000607,0.23341298131636504,29.748294766135018,0.0019479939717268345,0.0004500922507418711,1.295967250753031e-05,32.056121142701784,0.11435390456278807,0.11268970676646448
11.80200000000061,0.23340775057265448,29.749199788324816,0.0019424743285507695,0.00044861722747032405,1.2862542063798927e-05,32.05677093594093,0.11435540556139376,0.11268732055890843
11.812000000000614,0.2334025283324232,29.750102516443448,0.0019369770010522244,0.00044715022629864996,1.2766275870466786e-05,32.057419686391306,0.11435690284457369,0.11268494029575662
11.822000000000617,0.23339731456454232,29.751002959886822,0.0019315018721367445,0.0004456911912115845,1.2670865002821045e-05,32.05806739785422,0.11435839642571814,0.1126825659554404
11.83200000000062,0.23339210923803574,29.751901127999105,0.0019260488254620178,0.00044424006666938625,1.2576300638220108e-05,32.05871407411239,0.11435988631815128,0.11268019751649823
11.842000000000624,0.23338691232207978,29.752797030072372,0.001920617745432236,0.0004427967976030214,1.2482574058369047e-05,32.05935971893007,0.11436137253513115,0.11267783495757573
11.852000000000627,0.23338172378600136,29.753690675347613,0.001915208517192746,0.0004413613294095576,1.238967664578874e-05,32.060004336053176,0.11436285508985022,0.11267547825742477
11.86200000000063,0.23337654359927848,29.754582073014273,0.0019098210266244918,0.00043993360794742004,1.2297599884866983e-05,32.06064792920932,0.11436433399543709,0.11267312739490082
11.872000000000634,0.233371371731538,29.755471232211566,0.0019044551603386868,0.00043851357953186344,1.2206335358748556e-05,32.061290502107994,0.11436580926495458,0.11267078234896587
11.882000000000637,0.23336620815255385,29.75635816202803,0.0018991108056715333,0.0004371011909304885,1.2115874747666422e-05,32.061932058440846,0.11436728091140166,0.11266844309868539
11.89200000000064,0.2333610528322516,29.757242871502214,0.0018937878506789074,0.000435696389358707,1.2026209829277412e-05,32.062572601881115,0.1143687489477148,0.11266610962322617
11.902000000000644,0.2333559057406984,29.758125369622853,0.0018884861841311162,0.00043429912247535,1.193733247640582e-05,32.063212136084815,0.11437021338676531,0.11266378190186047
11.912000000000647,0.23335076684811049,29.759005665329607,0.0018832056955075645,0.0004329093383781996,1.1849234657226838e-05,32.063850664689866,0.11437167424136244,0.11266145991396127
11.92200000000065,0.23334563612484926,29.75988376751296,0.0018779462749917903,0.0004315269855998287,1.1761908430562575e-05,32.06448819131654,0.11437313152425335,0.11265914363900201
11.932000000000654,0.2333405135414201,29.760759685014673,0.0018727078134661932,0.00043015201310311283,1.1675345949960103e-05,32.065124719567635,0.11437458524812273,0.11265683305655746
11.942000000000657,0.23333539906847064,29.761633426628016,0.001867490202507046,0.0004287843702772288,1.1589539456520074e-05,32.06576025302864,0.11437603542559313,0.112654528146303
11.95200000000066,0.23333029267679234,29.762505001098354,0.001862293334379384,0.0004274240069332852,1.1504481283191564e-05,32.06639479526761,0.11437748206922611,0.11265222888801281
11.962000000000664,0.23332519433731738,29.763374417123476,0.0018571171020320654,0.0004260708733002984,1.1420163849891827e-05,32.06702834983546,0.11437892519152242,0.11264993526155964
11.972000000000667,0.23332010402111947,29.764241683353287,0.0018519613990927088,0.0004247249200210112,1.1336579664768877e-05,32.06766092026592,0.11438036480492132,0.11264764724691576
11.98200000000067,0.23331502169941293,29.765106808391245,0.0018468261198629058,0.0004233860981479536,1.1253721320930927e-05,32.06829251007565,0.11438180092180357,0.11264536482414834
11.992000000000674,0.2333099473435497,29.7659698007934,0.0018417111593132353,0.00042205435913937557,1.1171581497108647e-05,32.06892312276457,0.11438323355448832,0.11264308797342423
