t,error,base_angle_deg,base_omega,effort,smoothness,mu,lambda,manipulability
0.002,0.6084514857315472,0.001028656591741276,0.008864617695750905,0.23083515756361922,2308.3515756361926,nan,nan,0.14248908107260377
0.012,0.6077844757919274,0.02300580726996688,0.057033853434606485,0.22964202203396072,0.06867128085846486,nan,nan,0.14245081758143405
0.022000000000000006,0.6065302240785216,0.06735713279265913,0.0888027234766969,0.2274477592049436,0.2282825769546492,nan,nan,0.14241665116710736
0.032000000000000015,0.6050001751418488,0.12462944020872753,0.1061494898790881,0.22483562837517443,0.3310060031664006,nan,nan,0.14239326325050677
0.04200000000000002,0.6033330640753262,0.18887880625236395,0.1155072755388895,0.2220613713751648,0.3893119863443665,nan,nan,0.1423748495102939
0.05200000000000003,0.6015986004022262,0.25694628498609917,0.12070353300161941,0.21925124410854027,0.4203154814577112,nan,nan,0.14235782100852587
0.06200000000000004,0.5998324949587214,0.32719635807981906,0.12375342728368689,0.21646841156287883,0.4359639218824201,nan,nan,0.14234039175606908
0.07200000000000005,0.5980530988983109,0.39878566795137804,0.12569754896558807,0.2137442977941429,0.4433573792340013,nan,nan,0.14232173238302245
0.08200000000000006,0.596269846248367,0.4712791873336372,0.12707140420200835,0.21109432869642686,0.4464165262258773,nan,nan,0.14230149165651418
0.09200000000000007,0.5944875843385922,0.5444520638575003,0.12815044722998803,0.2085258820788508,0.4472318908112562,nan,nan,0.14227955356853741
0.10200000000000008,0.5927087996564594,0.6181876332829526,0.12907639541386806,0.20604229663217635,0.44689908079831436,nan,nan,0.14225591672500923
0.11200000000000009,0.5909347628185998,0.6924249492475291,0.12992218859053956,0.20364489033431982,0.44598710939059166,nan,nan,0.14223063490309432
0.1220000000000001,0.5891661178816769,0.7671317800183248,0.1307253836545798,0.2013339754470646,0.4447898401685696,nan,nan,0.14220378787538226
0.1320000000000001,0.5874031858297679,0.8422907037905456,0.13150532572882184,0.1991093683494066,0.44345826535950084,nan,nan,0.14217546713687965
0.1420000000000001,0.5856461209558993,0.9178919435493684,0.13227198102883714,0.19697064523917135,0.4420694159337942,nan,nan,0.14214576894589873
0.1520000000000001,0.5838949914887631,0.9939296716838347,0.13303048277884685,0.1949172700528354,0.4406620937519836,nan,nan,0.14211479094464832
0.16200000000000012,0.5821498211852847,1.0704001021546166,0.13378347209957442,0.1929486581622245,0.4392553614025622,nan,nan,0.14208263052725084
0.17200000000000013,0.5804106107981284,1.1473005042531748,0.13453230413215592,0.19106420780936642,0.4378581024135722,nan,nan,0.1420493840584365
0.18200000000000013,0.5786773491609483,1.2246286920007345,0.13527766985798112,0.18926331534779647,0.43647396366313995,nan,nan,0.14201514650506905
0.19200000000000014,0.5769500189143189,1.3023827592122774,0.13601991687863343,0.1875453823665939,0.4351039108862827,nan,nan,0.1419800112672833
0.20200000000000015,0.5752285994635088,1.3805609416253128,0.13675921500449467,0.18590981875559254,0.4337475502734942,nan,nan,0.14194407010571636
0.21200000000000016,0.5735130685056299,1.4591615448627915,0.1374956417909919,0.18435604375044953,0.43240381200860295,nan,nan,0.14190741311471955
0.22200000000000017,0.5718034028169768,1.5381829065413102,0.1382292267560308,0.18288348598122933,0.4310713037174515,nan,nan,0.14187012871737303
0.23200000000000018,0.5700995786576252,1.6176233761494394,0.13895997425752904,0.18149158303810478,0.4297484930559949,nan,nan,0.14183230367072722
0.2420000000000002,0.5684015719779306,1.6974813041986585,0.13968787534261287,0.1801797808116146,0.4284338018374948,nan,nan,0.14179402307570016
0.25200000000000017,0.5667093585224985,1.7777550362462573,0.14041291389381325,0.17894753273622035,0.4271256543367323,nan,nan,0.1417553703890363
0.2620000000000002,0.5650229138810886,1.8584429094796895,0.1411350698242481,0.17779429900139293,0.42582250186922893,nan,nan,0.1417164274360535
0.2720000000000002,0.5633422135121248,1.9395432506695611,0.14185432074484458,0.17671954576202661,0.42452283508781635,nan,nan,0.14167727442363626
0.2820000000000002,0.5616672327520738,2.0210543748624743,0.14257064283994764,0.17572274436380408,0.4232251899385655,nan,nan,0.14163798995318388
0.2920000000000002,0.5599979468176203,2.102974584493914,0.14328401133257299,0.17480337059099366,0.4219281503470615,nan,nan,0.14159865103341684
0.3020000000000002,0.5583343308041985,2.1853021687198173,0.14399440073684763,0.17396090394012945,0.42063034923834464,nan,nan,0.14155933309298308
0.3120000000000002,0.5566763596827525,2.26803540290048,0.1447017850000501,0.1731948269210258,0.41933046871568275,nan,nan,0.14152010999284664
0.32200000000000023,0.5550240082956874,2.3511725481695365,0.1454061375873848,0.17250462438558095,0.41802723982433954,nan,nan,0.14148105403845332
0.33200000000000024,0.553377251352513,2.4347118510534433,0.14610743153707131,0.171889782884358,0.41671944212195905,nan,nan,0.14144223599167755
0.34200000000000025,0.551736063425441,2.5186515431515937,0.1468056395000752,0.17134979005070253,0.41540590317312936,nan,nan,0.14140372508254895
0.35200000000000026,0.5501004189450784,2.602989840835619,0.14750073377192227,0.17088413401207053,0.41408549801261435,nan,nan,0.14136558902076682
0.36200000000000027,0.5484702921962731,2.687724944984326,0.14819268632046365,0.17049230282818567,0.41275714861900586,nan,nan,0.14132789400700785
0.3720000000000003,0.5468456573141568,2.7728550407418995,0.14888146881160164,0.17017378395566324,0.41141982340312233,nan,nan,0.14129070474402383
0.3820000000000003,0.5452264882804085,2.8583782973035636,0.1495670526340138,0.16992806373871855,0.4100725367125256,nan,nan,0.1412540844475474
0.3920000000000003,0.5436127589197299,2.9442928677065714,0.15024940892341734,0.16975462692561666,0.4087143483671002,nan,nan,0.1412180948569922
0.4020000000000003,0.5420044428965565,3.0305968886622408,0.1509285085866415,0.16965295621050788,0.407344363203501,nan,nan,0.14118279624596966
0.4120000000000003,0.5404015137119946,3.1172884803880248,0.1516043223256499,0.1696225318003289,0.4059617306469023,nan,nan,0.14114824743261203
0.4220000000000003,0.5388039447009835,3.204365746466519,0.15227682066157666,0.16966283100645008,0.4045656442933174,nan,nan,0.14111450578971244
0.43200000000000033,0.5372117090296956,3.291826773724247,0.1529459739588028,0.16977332786075833,0.4031553415038048,nan,nan,0.14108162725468404
0.44200000000000034,0.5356247796931485,3.3796696321188318,0.15361175244908312,0.16995349275588958,0.401730103013586,nan,nan,0.14104966633933796
0.45200000000000035,0.5340431295130625,3.4678923746468726,0.15427412625571785,0.17020279210930347,0.4002892525380191,nan,nan,0.1410186761394921
0.46200000000000035,0.5324667311359332,3.556493037272505,0.1549330654177631,0.1705206880509336,0.3988321563927203,nan,nan,0.140988708344404
0.47200000000000036,0.5308955570313264,3.6454696388625742,0.1555885399142694,0.17090663813412452,0.3973582231101631,nan,nan,0.14095981324603168
0.4820000000000004,0.5293295794904054,3.7348201811474224,0.15624051968853206,0.17136009506957353,0.395866903053876,nan,nan,0.1409320397481373
0.4920000000000004,0.5277687706246748,3.824542648687245,0.15688897467234147,0.17188050648200723,0.3943576880332082,nan,nan,0.1409054353752177
0.5020000000000003,0.5262131023649457,3.9146350088655972,0.15753387481021827,0.17246731468931534,0.39283011091002096,nan,nan,0.14088004628128015
0.5120000000000003,0.5246625410239132,4.005094393255428,0.15817076857741486,0.1731200223999428,0.3913079533920565,nan,nan,0.14085588495124785
0.5220000000000004,0.5231169186938984,4.095912908300371,0.158794089059636,0.17383924668157988,0.3902030671725318,nan,nan,0.14083244557850785
0.5320000000000004,0.5215759605544912,4.187088814660815,0.15942059364292754,0.17462577176678196,0.3895655114804018,nan,nan,0.14080923832744222
0.5420000000000004,0.5200394850610057,4.278625619258568,0.1600544836618708,0.17547969287524048,0.3891074473557838,nan,nan,0.14078614508260184
0.5520000000000004,0.5185074718049194,4.370532349920594,0.16070920499542102,0.1763998573060618,0.3883758979862566,nan,nan,0.1407635977043573
0.5620000000000004,0.5169801436632634,4.462812622787322,0.1613579520791891,0.17738401820147828,0.3869903661838892,nan,nan,0.1407423958798061
0.5720000000000004,0.5154576510498026,4.555459675232834,0.16199418644789018,0.17843127232374179,0.38542386303012804,nan,nan,0.1407226815136884
0.5820000000000004,0.5139400553450291,4.648467424809984,0.1626210840877006,0.1795409415493487,0.38378191663799144,nan,nan,0.14070450269686127
0.5920000000000004,0.5124273742660105,4.741831437003474,0.1632410953069637,0.18071237558607545,0.3820916506956571,nan,nan,0.14068789836977838
0.6020000000000004,0.5109196027849794,4.835548280167959,0.16385558497522013,0.18194493139817638,0.38036570838203143,nan,nan,0.14067290432450688
0.6120000000000004,0.5094167237065718,4.9296150619459125,0.16446527460788318,0.18323796703824932,0.37861071654208206,nan,nan,0.14065955420453838
0.6220000000000004,0.5079187132538195,5.024029171433731,0.165070537083157,0.18459083846621588,0.37683022405287575,nan,nan,0.14064787990318905
0.6320000000000005,0.5064255440449363,5.118788140746625,0.16567155883546444,0.18600289775091236,0.37502615927126126,nan,nan,0.14063791177451831
0.6420000000000005,0.5049371866837318,5.213889571091715,0.1662684267994235,0.18747349206342648,0.3731995998932206,nan,nan,0.14062967875165266
0.6520000000000005,0.503453610610908,5.309331093334901,0.16686117486803015,0.18900196313861214,0.37135118359356606,nan,nan,0.14062320841492842
0.6620000000000005,0.5019747845608429,5.405110347000275,0.16744980872959045,0.19058764701583536,0.3694813273949376,nan,nan,0.1406185270324
0.6720000000000005,0.5005006768075997,5.501224969137505,0.1680343191619342,0.19222987394825256,0.3675903448296393,nan,nan,0.1406156595850986
0.6820000000000005,0.4990312552982657,5.5976725884686935,0.16861468915969016,0.19392796841602192,0.3656785084041165,nan,nan,0.14061462978382938
0.6920000000000005,0.49756648772603873,5.694450822374244,0.1691908977635679,0.19568124920586705,0.3637460827630638,nan,nan,0.1406154600812612
0.7020000000000005,0.4961063415710919,5.79155727540422,0.16976292212411256,0.19748902953512135,0.361793342134942,nan,nan,0.140618171681369
0.7120000000000005,0.4946507841242379,5.88898953861545,0.1703307386192918,0.19935061720752975,0.3598205793385181,nan,nan,0.14062278454735397
0.7220000000000005,0.49319978250143004,5.98674518935553,0.1708943234644157,0.20126531479326465,0.35782811024097055,nan,nan,0.14062931740868514
0.7320000000000005,0.4917533036534163,6.084821791296018,0.1714536530493047,0.2032324198286898,0.35581627576961294,nan,nan,0.1406377877675857
0.7420000000000005,0.49031131437286135,6.183216894600957,0.1720087041286662,0.20525122503306426,0.35378544259153993,nan,nan,0.14064821190517174
0.7520000000000006,0.4888737813001857,6.281928036176881,0.17255945393329175,0.2073210185403951,0.35173600307237796,nan,nan,0.1406606048873363
0.7620000000000006,0.4874406709287786,6.380952739968771,0.1731058802383986,0.20944108414517262,0.34966837483553054,nan,nan,0.14067498057044786
0.7720000000000006,0.48601194960995303,6.480288517286247,0.17364796140864727,0.21161070156105494,0.34758300010150134,nan,nan,0.14069135160688345
0.7820000000000006,0.4845875835578304,6.579932867154521,0.17418567643034374,0.2138291466917163,0.34548034489716206,nan,nan,0.1407097294504307
0.7920000000000006,0.4831675388542512,6.679883276676994,0.17471900493649425,0.21609569191320335,0.3433608981943539,nan,nan,0.14073012436155205
0.8020000000000006,0.4817517814537748,6.780137221410146,0.1752479272277511,0.2184096063671638,0.3412251710006416,nan,nan,0.14075254541252766
0.8120000000000006,0.4803402771887837,6.880692165756155,0.17577242429089907,0.2207701562643455,0.3390736954180779,nan,nan,0.14077700049248482
0.8220000000000006,0.4789329917747174,6.981545563355933,0.17629247781576216,0.2231766051977918,0.3369070236847241,nan,nan,0.1408034963123041
0.8320000000000006,0.4775298908154266,7.082694857501368,0.1768080702110051,0.2256282144651595,0.33472572720014604,nan,nan,0.14083203840941505
0.8420000000000006,0.47613093980866145,7.184137481547962,0.177319184619082,0.228124243399573,0.3325303955382362,nan,nan,0.14086263115247846
0.8520000000000006,0.47473610415168116,7.285870859342553,0.17782580493046599,0.23066394970845328,0.3303216354547058,nan,nan,0.1408952777459547
0.8620000000000007,0.4733453491469894,7.387892405652512,0.17832791579722929,0.23324658981975263,0.32810006988748686,nan,nan,0.14092998023456196
0.8720000000000007,0.47195864000819104,7.490199526608316,0.17882550264600205,0.23587141923498184,0.3258663369454499,nan,nan,0.14096673950762906
0.8820000000000007,0.4705759418659616,7.592789620149263,0.1793185516903378,0.23853769288853605,0.3236210889109956,nan,nan,0.14100555530333433
0.8920000000000007,0.46919721977412576,7.695660076480744,0.17980704994248015,0.24124466551267218,0.3213649912250939,nan,nan,0.14104642621283967
0.9020000000000007,0.46782243871584706,7.798808278529514,0.1802909852245361,0.2439915920076075,0.3190987214804356,nan,nan,0.1410893496843192
0.9120000000000007,0.4664515636099174,7.9022316024165455,0.18077034617905702,0.2467777278161757,0.31682296841778845,nan,nan,0.14113432202687945
0.9220000000000007,0.4650845593171422,8.00592741792405,0.18124512227902073,0.2496023293024559,0.31453843092214906,nan,nan,0.14118133841438163
0.9320000000000007,0.4637213906468183,8.10989308897878,0.18171530383721662,0.25246465413385066,0.31224581702866105,nan,nan,0.14123039288915226
0.9420000000000007,0.4623620223633008,8.214125974131978,0.1821808820150269,0.2553639616660277,0.3099458429310077,nan,nan,0.1412814783656004
0.9520000000000007,0.4610064191926508,8.31862342704761,0.18264184883060683,0.2582995133302087,0.30763923200188803,nan,nan,0.14133458663372792
0.9620000000000007,0.45965454582936194,8.423382796996945,0.1830981971664597,0.26127057302224904,0.30532671382096527,nan,nan,0.14138970836254316
0.9720000000000008,0.4583063669431581,8.52840142935254,0.18354992077640767,0.26427640749299336,0.30300902321618917,nan,nan,0.1414468331033737
0.9820000000000008,0.45696184718586086,8.633676666090297,0.18399701429195636,0.267316286739371,0.30068689931540515,nan,nan,0.14150594929308635
0.9920000000000008,0.4556209511983199,8.73920584629237,0.18443947322805598,0.27038948439573063,0.2983610846140974,nan,nan,0.14156704425720779
1.0020000000000007,0.4542836436173989,8.844986306653158,0.18487729398826183,0.273495278124933,0.2960323240609504,nan,nan,0.14163010421294603
1.0120000000000007,0.45294988908301964,8.951015381991203,0.18531047386929062,0.27663295000865684,0.29370136415258874,nan,nan,0.1416951142721311
1.0220000000000007,0.45161965224525014,9.057290405756552,0.18573901106498156,0.2798017869365143,0.29136895205695984,nan,nan,0.14176205844404913
1.0320000000000007,0.4502928977714394,9.16380871054873,0.18616290466966198,0.28300108099345295,0.2890358347473512,nan,nan,0.14183091963819688
1.0420000000000007,0.448969590353389,9.270567628629582,0.18658215468092362,0.2862301298450359,0.28670275816366253,nan,nan,0.1419016796669389
1.0520000000000007,0.4476492168047169,9.377545813569967,0.18694226793610771,0.28949091086628315,0.28472525812809224,nan,nan,0.14197412016312996
1.0620000000000007,0.4463291712279751,9.48476123959843,0.1874256904114902,0.2927963946274829,0.28458616269536163,nan,nan,0.1420473092689631
1.0720000000000007,0.445008377873708,9.592322670590116,0.1880817607919529,0.2961501631667055,0.285043415044416,nan,nan,0.14212115768544778
1.0820000000000007,0.443688450263352,9.700234675338216,0.18865962038466919,0.2995425733607974,0.2842453240476392,nan,nan,0.14219636197466276
1.0920000000000007,0.4423704571638002,9.808448877697025,0.1891612716537488,0.30296828606479115,0.282733869722268,nan,nan,0.14227315445814886
1.1020000000000008,0.4410549832621769,9.916932238023662,0.18961568943658405,0.30642421335415626,0.28084806147522706,nan,nan,0.1423516177091727
1.1120000000000008,0.4397423442368638,10.025664572183576,0.19004119749368137,0.30990831661070734,0.2787548776638331,nan,nan,0.14243178417573357
1.1220000000000008,0.43843270356355996,10.13463325986032,0.19044829317124798,0.31341914449628533,0.2765471088010463,nan,nan,0.14251366035481827
1.1320000000000008,0.43712613862804844,10.243829981559143,0.1908429274219227,0.3169555859025296,0.2742774145577741,nan,nan,0.14259723773774324
1.1420000000000008,0.4358226780912896,10.353248856576245,0.191228475086848,0.3205167296278842,0.2719759076753213,nan,nan,0.14268249880965292
1.1520000000000008,0.43452232301976157,10.462885389412312,0.19160685449109563,0.3241017839695457,0.2696599599692697,nan,nan,0.1427694204463371
1.1620000000000008,0.4332250588516783,10.57273587367318,0.1919791598884127,0.32771003060286696,0.26733973113615134,nan,nan,0.1428579758483954
1.1720000000000008,0.43193086218459487,10.682797054494722,0.19234601885027158,0.33134079815185374,0.265021291840963,nan,nan,0.14294813564480618
1.1820000000000008,0.43063970463257845,10.79306593721035,0.19270779446743366,0.3349934470834421,0.26270838954605574,nan,nan,0.1430398685236561
1.1920000000000008,0.4293515550227092,10.903539678847837,0.19306469990256908,0.3386673611201586,0.26040344792007397,nan,nan,0.14313314159333146
1.2020000000000008,0.4280663806491511,11.01421552660872,0.193416863374896,0.34236194240796247,0.2581081330759617,nan,nan,0.1432279205898461
1.2120000000000009,0.4267841479915622,11.125090783027925,0.19376436507492295,0.346076608848556,0.2558236747332813,nan,nan,0.14332416999624115
1.2220000000000009,0.42550482312862514,11.236162786312306,0.19410725816174812,0.34981079267934845,0.25355104856525024,nan,nan,0.14342185311164
1.2320000000000009,0.42422837197777635,11.347428899317055,0.1944455807216792,0.35356393977201084,0.25129107981833176,nan,nan,0.14352093209145042
1.2420000000000009,0.4229547604356881,11.45888650345362,0.19477936258709885,0.35733550934396174,0.2490445022358758,nan,nan,0.1436213679709961
1.252000000000001,0.42168395446200674,11.57053299540611,0.19510862922852787,0.36112497390598414,0.24681199157454328,nan,nan,0.1437231206796069
1.262000000000001,0.4204159201305697,11.68236578545669,0.19543340397763823,0.3649318193435965,0.24459418466854624,nan,nan,0.14382614904920227
1.272000000000001,0.4191506236619576,11.7943822967297,0.1957537092970639,0.3687555450727705,0.2423916902617166,nan,nan,0.143930410819684
1.282000000000001,0.4178880314453049,11.906579090423623,0.1960618775699053,0.37248465592640095,0.23602515154995463,nan,nan,0.14403586264247364
1.292000000000001,0.4166285493256046,12.018849517577479,0.19603112228157504,0.3740256911879132,0.19383461109427993,nan,nan,0.1441423458726755
1.302000000000001,0.41537374256837145,12.131023331162083,0.19579615589946703,0.37559455765757277,0.19194813179096545,nan,nan,0.14424967154633894
1.312000000000001,0.41412469306350624,12.243031957976658,0.19547442647178984,0.3771882936605775,0.18957952065007644,nan,nan,0.14435793671907185
1.322000000000001,0.41288197637952134,12.354841048365245,0.1951063161160269,0.3788047217213744,0.18693088118584464,nan,nan,0.14446721984906355
1.332000000000001,0.411645883276558,12.466431988665162,0.1947133836208658,0.38044223245908954,0.1841358392621105,nan,nan,0.1445775507230081
1.342000000000001,0.4104165399151741,12.577795042005189,0.19430804213726166,0.3820995702517613,0.18127350169340914,nan,nan,0.14468892724734067
1.352000000000001,0.4091939769485423,12.68892562615122,0.19389750619374146,0.3837756984904942,0.17839006685315942,nan,nan,0.1448013279585234
1.362000000000001,0.4079781697849473,12.799822161351333,0.19348596721333036,0.3854697185470634,0.17551246549112032,nan,nan,0.14491471955669563
1.372000000000001,0.40676906212970143,12.910484814082592,0.19307585131515737,0.38718082125310926,0.17265638411275028,nan,nan,0.14502906134659835
1.382000000000001,0.4055665797751468,13.020914761861262,0.19266855192130347,0.38890825782100535,0.16983094181212732,nan,nan,0.14514430785560736
1.392000000000001,0.40437063869090223,13.13111376223383,0.1922648574230605,0.3906513223817326,0.16704141412577833,nan,nan,0.14526041038281384
1.402000000000001,0.4031811497771096,13.241083899664236,0.1918652012414423,0.3924093414680785,0.16429082052737826,nan,nan,0.14537731792083702
1.412000000000001,0.40199802166074966,13.350827436624586,0.19146980826854187,0.39418166765261037,0.16158085076861123,nan,nan,0.1454949777090166
1.422000000000001,0.4008211623423757,13.46034672582554,0.19107878076134402,0.39596767567212554,0.15891240627923148,nan,nan,0.14561333556959968
1.432000000000001,0.39965048016636207,13.569644158374532,0.19069214880134705,0.3977667600402902,0.15628591720009022,nan,nan,0.14573233611595043
1.442000000000001,0.398485884392285,13.678722133084367,0.19030989998496353,0.3995783335506558,0.15370152848533983,nan,nan,0.1458519228851152
1.452000000000001,0.3973272855306753,13.787583038258397,0.18993199692144086,0.40140182631179677,0.1511592094924016,nan,nan,0.14597203842552525
1.462000000000001,0.39617459553920775,13.896229240844184,0.18955838756207946,0.40323668509967053,0.14865881878408158,nan,nan,0.1460926243580307
1.472000000000001,0.3950277279360207,14.0046630799574,0.18918901130793575,0.4050823728983565,0.14620014268724268,nan,nan,0.1462136214209648
1.482000000000001,0.3938865978636413,14.11288686299657,0.18882380262763276,0.4069383685518125,0.14378291843150234,nan,nan,0.14633496950559677
1.492000000000001,0.3927511221233421,14.220902863305879,0.1884626932042684,0.408804166480314,0.14140684822123312,nan,nan,0.14645660768572197
1.5020000000000011,0.3916212191916732,14.32871331876331,0.18810561321198083,0.4106792764338374,0.1390716079594502,nan,nan,0.146578474243623
1.5120000000000011,0.39049680922616914,14.436320430926264,0.1877524920766678,0.4125632232658158,0.13677685280552135,nan,nan,0.14670050669373372
1.5220000000000011,0.3893778140643892,14.543726364516495,0.18740325893043547,0.41445554671748613,0.13452222085727084,nan,nan,0.14682264180479504
1.5320000000000011,0.3882641572187882,14.65093324711422,0.18705784288386973,0.41635580120707166,0.13230733571027406,nan,nan,0.14694481562098374
1.5420000000000011,0.3871557638689149,14.757943168983259,0.18671617318971917,0.4182635556204979,0.13013180834206514,nan,nan,0.14706696348229345
1.5520000000000012,0.3860525608518464,14.864758182978088,0.18637817934170076,0.42017839310181887,0.12799523858434256,nan,nan,0.14718902004435733
1.5620000000000012,0.3849544766514139,14.97138030450904,0.18604379113443095,0.42209991084240095,0.12589721633869935,nan,nan,0.14731091929781076
1.5720000000000012,0.3838614413865656,15.077811511542876,0.18571293869998046,0.4240277198684778,0.12383732263161006,nan,nan,0.14743259458726188
1.5820000000000012,0.3827733867990821,15.184053744634056,0.18538555253029815,0.4259614448269396,0.1218151305553922,nan,nan,0.14755397862992922
1.5920000000000012,0.38169024624079123,15.290108906973764,0.1850615634910388,0.4279007237694805,0.11983020613765823,nan,nan,0.147675003533962
1.6020000000000012,0.38061195466037484,15.395978864457488,0.18474090283010752,0.42984520793528364,0.11788210915118934,nan,nan,0.14779560081647575
1.6120000000000012,0.3795384485898369,15.501665445765676,0.18442350218291145,0.4317945615325032,0.11597039387944015,nan,nan,0.14791570142131505
1.6220000000000012,0.37846966613068955,15.60717044245566,0.184109293575518,0.43374846151882834,0.11409460984369682,nan,nan,0.14803523573656202
1.6320000000000012,0.3774055469398929,15.712495609063602,0.18379820942644406,0.4357065973814211,0.11225430249579814,nan,nan,0.14815413361179922
1.6420000000000012,0.3763460322155799,15.817642663217628,0.18349018254751662,0.43766867091654227,0.11044901388076735,nan,nan,0.14827232437514268
1.6520000000000012,0.37529106468260837,15.922613285755357,0.18318514614407336,0.43963439600914334,0.10867828326917538,nan,nan,0.14838973685004542
1.6620000000000013,0.374240588577951,16.027409120852653,0.1828830338146696,0.4416034984127253,0.10694164776142615,nan,nan,0.14850629937189908
1.6720000000000013,0.37319454963596016,16.132031776156932,0.18258377955039484,0.4435757155297374,0.10523864286582926,nan,nan,0.14862193980442104
1.6820000000000013,0.3721528950735261,16.23648282292747,0.18228731773386608,0.44555079619278026,0.10356880304918668,nan,nan,0.14873658555585215
1.6920000000000013,0.37111557357514574,16.34076379618116,0.1819935831379394,0.44752850044686926,0.10193166226226266,nan,nan,0.14885016359496975
1.7020000000000013,0.37008253527793056,16.444876194843268,0.18170251092417086,0.44950859933300086,0.10032675444034823,nan,nan,0.14896260046691936
1.7120000000000013,0.3690537317565656,16.548821481903726,0.1814140366410457,0.4514908746732327,0.09875361397785619,nan,nan,0.1490738223088835
1.7220000000000013,0.368029116008244,16.652601084576325,0.1811280962219927,0.4534751188575444,0.09721177618292952,nan,nan,0.14918375486558266
1.7320000000000013,0.3670086424375863,16.756216394462736,0.18084462598319395,0.45546113463260723,0.09570077770331704,nan,nan,0.14929232350462848
1.7420000000000013,0.36599226684157443,16.859668767719942,0.18056356262120088,0.4574487348927352,0.09422015693525257,nan,nan,0.14939945323172987
1.7520000000000013,0.3649799463944988,16.962959525229756,0.18028484321036367,0.4594377424731408,0.09276945440635531,nan,nan,0.14950506870576266
1.7620000000000013,0.36397163963295087,17.066089952772288,0.1800084052000827,0.4614279899456882,0.09134821313895032,nan,nan,0.1496090942537098
1.7720000000000014,0.3629673064408641,17.16906130120124,0.17973418641188746,0.463419319417325,0.08995597899404945,nan,nan,0.14971145388547266
1.7820000000000014,0.36196690803461956,17.271874786620696,0.17946212503634784,0.4654115823312918,0.0885923009919926,nan,nan,0.1498120713085764
1.7920000000000014,0.3609704069482365,17.37453159056411,0.1791921596298258,0.46740463927129805,0.08725673161727635,nan,nan,0.14991086994275765
1.8020000000000014,0.359977767018644,17.477032860174894,0.17892422911106998,0.46939835976877436,0.0859488271029844,nan,nan,0.15000777293445333
1.8120000000000014,0.3589889533710645,17.579379708387833,0.17865827275765908,0.4713926221133212,0.08466814769800303,nan,nan,0.15010270317119162
1.8220000000000014,0.3580039324045064,17.68157321411099,0.17839423020229747,0.4733873131664726,0.08341425791624149,nan,nan,0.1501955832958951
1.8320000000000014,0.3570226717773844,17.783614422409197,0.1781320414289681,0.4753823281788703,0.08218672676985055,nan,nan,0.15028633572109684
1.8420000000000014,0.3560451403932705,17.88550434468619,0.17787164676894537,0.4773775706109685,0.08098512798718323,nan,nan,0.15037488264308
1.8520000000000014,0.35507130838679124,17.987243958868437,0.1776129868966718,0.4793729519573347,0.07980904021431287,nan,nan,0.15046114605594263
1.8620000000000014,0.3541011471096768,18.08883420958845,0.1773560028255009,0.48136839157462863,0.07865804720211621,nan,nan,0.1505450477655992
1.8720000000000014,0.35313462911697197,18.19027600836679,0.1771006359033101,0.4833638165133625,0.07753173798070725,nan,nan,0.15062650940371364
1.8820000000000014,0.35217172815341424,18.291570233794147,0.17684682780798555,0.48535916135348695,0.07642970701951662,nan,nan,0.15070545244157843
1.8920000000000015,0.3512124191399901,18.39271773171279,0.17659452054278016,0.4873543680438611,0.07535155437372931,nan,nan,0.1507817982039453
1.9020000000000015,0.35025667816067196,18.49371931539697,0.17634365643154903,0.48934938574569836,0.07429688582163713,nan,nan,0.15085546788279786
1.9120000000000015,0.3493044824493505,18.594575765731015,0.17609417811386194,0.491344170680013,0.07326531298793286,nan,nan,0.15092638255108737
1.9220000000000015,0.34835581037695246,18.695287831387994,0.17584602853999476,0.4933386859791124,0.07225645345656662,nan,nan,0.15099446317643084
1.9320000000000015,0.3474106414387727,18.7958562290049,0.1755991509658013,0.4953329015422063,0.07126993087484461,nan,nan,0.15105963063476552
1.9420000000000015,0.34646895624200313,18.89628164335748,0.17535348894746647,0.4973267938951497,0.07030537504632915,nan,nan,0.15112180572397932
1.9520000000000015,0.34553073649347976,18.996564727531904,0.1751089863361407,0.4993203460543556,0.06936242201499361,nan,nan,0.15118090917750884
1.9620000000000015,0.34459596498764156,19.09670610309561,0.17486558727245685,0.5013135473949295,0.06844071414153713,nan,nan,0.15123686167791356
1.9720000000000015,0.3436646255947156,19.196706360265065,0.17462323618092906,0.5033063935230322,0.06753990017074558,nan,nan,0.1512895838704285
1.9820000000000015,0.34273670324912536,19.296566058071736,0.17438187776423344,0.5052988861525146,0.06665963529207458,nan,nan,0.15133899637649717
1.9920000000000015,0.3418121839381254,19.396285724524393,0.17414145699737024,0.5072910329858403,0.06579958119279536,nan,nan,0.15138501980728886
2.002000000000001,0.34089105469067094,19.495865856770138,0.17390191912170733,0.509282847599329,0.0649594061054708,nan,nan,0.15142757477720298
2.012,0.3399733035665255,19.5953069212518,0.1736632096389019,0.5112743493326882,0.06413878484629104,nan,nan,0.15146658191736678
2.021999999999999,0.3390589196456074,19.694609353862468,0.1734252743047038,0.5132655631829801,0.0633373988551321,nan,nan,0.15150196188911155
2.031999999999998,0.33814789301757076,19.7937735600971,0.17318805912263313,0.5152565197028749,0.06255493622127484,nan,nan,0.15153363539745682
2.0419999999999967,0.33724021477164307,19.89279991520046,0.17295151033753453,0.5172472549033296,0.06179109171146561,nan,nan,0.15156152320458252
2.0519999999999956,0.3363358769867005,19.991688764312062,0.17271557442900487,0.5192378101606621,0.061045566791085464,nan,nan,0.15158554614329778
2.0619999999999945,0.3354348727216005,20.09044042260771,0.17248019810469203,0.5212282321280359,0.06031806964166109,nan,nan,0.1516056251305099
2.0719999999999934,0.3345371960057584,20.18905517543725,0.17224532829346212,0.5232185726513774,0.05960831517559182,nan,nan,0.15162168118069438
2.0819999999999923,0.33364284182998827,20.287533278457595,0.17201091213843311,0.5252088886897378,0.05891602504773087,nan,nan,0.15163363541936067
2.091999999999991,0.33275180613758903,20.385874957764337,0.1717768969898707,0.5271992422401243,0.05824092766470038,nan,nan,0.1516414090965264
2.10199999999999,0.3318640858156983,20.484080410016443,0.17154323039794378,0.5291897002667936,0.05758275819130366,nan,nan,0.15164492360018925
2.111999999999989,0.3309796786869013,20.582149802558547,0.17130986010533603,0.5311803346350477,0.05694125855623664,nan,nan,0.15164410046980414
2.121999999999988,0.33009858350110205,20.68008327353858,0.17107673403970888,0.5331712220495483,0.056316177456091965,nan,nan,0.15163886140976424
2.131999999999987,0.3292207999276627,20.777880932021123,0.17084380030601248,0.5351624439971402,0.05570727035741888,nan,nan,0.1516291283028853
2.1419999999999857,0.32834632854780105,20.875542858095923,0.17061100717864025,0.5371540866942515,0.05511429950008355,nan,nan,0.15161482322389386
2.1519999999999846,0.3274751708472616,20.97306910298155,0.17037830309342114,0.5391462410388517,0.05453703389838292,nan,nan,0.1515958684529197
2.1619999999999835,0.32660732920925334,21.070459689125386,0.17014563663944587,0.5411390025670034,0.05397524934292129,nan,nan,0.15157218648899337
2.1719999999999824,0.3257428069076569,21.167714610297534,0.169912956550721,0.5431324714140646,0.053428728404102455,nan,nan,0.15154370006354273
2.1819999999999813,0.3248816081005079,21.264833831679724,0.16968021169764455,0.5451267522805046,0.052897260433405875,nan,nan,0.151510332153898
2.19199999999998,0.32402373782375016,21.361817289950388,0.16944735107829859,0.5471219544024424,0.05238064156907983,nan,nan,0.15147200599679425
2.201999999999979,0.3231692019852665,21.458664893362577,0.16921432380955154,0.5491181915268918,0.051878674741155165,nan,nan,0.15142864510187576
2.211999999999978,0.3223180073591907,21.555376521817756,0.16898107911796267,0.5511155818917632,0.05139116967842261,nan,nan,0.15138017326520015
2.221999999999977,0.32147016158049435,21.65195202693371,0.16874756633048296,0.5531142482106599,0.05091794291751323,nan,nan,0.15132651458274207
2.231999999999976,0.32062567313985846,21.748391232105874,0.1685137348649448,0.5551143176625447,0.05045881781545903,nan,nan,0.15126759346389274
2.2419999999999747,0.31978455137883055,21.84469393256459,0.1682795342203313,0.5571159218862735,0.05001362456279285,nan,nan,0.15120333464495375
2.2519999999999736,0.3189468049796484,21.940859912023207,0.1680449718291946,0.5591192034705589,0.0495825166033774,nan,nan,0.15113366304867812
2.2619999999999725,0.31811243987179805,22.03688893689324,0.1678099491469013,0.5611243237349244,0.04916602785140748,nan,nan,0.1510585035613107
2.2719999999999714,0.31728146663364964,22.132780695651505,0.16757434510552355,0.5631314311273227,0.04876316004609948,nan,nan,0.15097778184528932
2.2819999999999703,0.3164538984602259,22.22853483430052,0.16733810817802755,0.5651406716826203,0.048373434175304944,nan,nan,0.15089142415012216
2.291999999999969,0.31562974963788853,22.324150977229415,0.16710120392963437,0.5671521955231738,0.0479966933344496,nan,nan,0.15079935714480242
2.301999999999968,0.3148090352120233,22.41962872984979,0.16686359706984946,0.5691661580588265,0.04763284484452041,nan,nan,0.1507015078926665
2.311999999999967,0.31399177094345415,22.51496767679293,0.16662524836586412,0.5711827200256506,0.04728180385508132,nan,nan,0.15059780386141453
2.321999999999966,0.31317797332441255,22.610167379782695,0.16638611511754586,0.5732020473329464,0.04694348386406437,nan,nan,0.15048817293984734
2.3319999999999648,0.3123676596001311,22.705227375997026,0.1661461521184752,0.5752243109306716,0.04661779742889122,nan,nan,0.15037254345483192
2.3419999999999637,0.3115608477856442,22.80014717692284,0.16590531244654672,0.5772496867293774,0.04630465840634155,nan,nan,0.15025084418733137
2.3519999999999626,0.3107575566773127,22.89492626758071,0.16566354801785943,0.5792783555663382,0.04600398389146366,nan,nan,0.15012300438755363
2.3619999999999615,0.30995780586047583,22.98956410599704,0.1654208099542629,0.5813105032064894,0.045715695624055835,nan,nan,0.14998895378943725
2.3719999999999604,0.3091616157144939,23.084060122838828,0.16517704882125944,0.5833463203691176,0.045439720972404944,nan,nan,0.14984862262468043
2.3819999999999593,0.30836900741618034,23.178413721151763,0.16493221477922115,0.5853860027737848,0.04517599361770668,nan,nan,0.1497019416364508
2.391999999999958,0.3075800029422749,23.272624276165043,0.1646862576774014,0.5874297512012818,0.04492445404564968,nan,nan,0.1495488420928546
2.401999999999957,0.30679462507141086,23.366691135133077,0.16443912711030953,0.5894777715667688,0.04468504991055554,nan,nan,0.14938925580023835
2.411999999999956,0.3060128973858551,23.460613617201957,0.16419077244928373,0.591530275003293,0.04445773631882556,nan,nan,0.14922311511635727
2.421999999999955,0.3052348442732516,23.55439101328648,0.1639411428576575,0.5935874779546815,0.044242476069195756,nan,nan,0.14905035296341645
2.4319999999999538,0.3044604909284692,23.64802258595113,0.16369018729499346,0.5956496022770592,0.04403923986137543,nan,nan,0.14887090284101062
2.4419999999999527,0.3036898633556589,23.741507569290903,0.16343785451396023,0.59771687534863,0.04384800649090835,nan,nan,0.1486846988389711
2.4519999999999516,0.302922988370589,23.83484516880676,0.16318409305219117,0.5997895301876237,0.043668763041944954,nan,nan,0.14849167565010496
2.4619999999999505,0.30215989360328815,23.92803456127581,0.16292885122064465,0.6018678055783568,0.04350150508007423,nan,nan,0.1482917685828351
2.4719999999999493,0.3014006075010361,24.021074894612568,0.16267207708945775,0.6039519462054631,0.04334623685037358,nan,nan,0.14808491357374146
2.4819999999999482,0.3006451593317346,24.113965287720536,0.16241371847193695,0.6060422027964929,0.04320297148667645,nan,nan,0.1478710471999855
2.491999999999947,0.29989357918766163,24.206704830334264,0.16215372290710076,0.608138832273034,0.04307173123057068,nan,nan,0.1476501066916291
2.501999999999946,0.2991458979896417,24.299292582849375,0.1618920376410358,0.6102420979105698,0.04295254766305309,nan,nan,0.14742202994382392
2.511999999999945,0.29840214749163874,24.391727576142152,0.16162860960723482,0.6123522695074878,0.04284546195632018,nan,nan,0.14718675552887522
2.521999999999944,0.2976623602857906,24.484008811375382,0.16136338540600847,0.6144696235633524,0.042750525135237374,nan,nan,0.14694422270816968
2.5319999999999427,0.296926569807895,24.576135259792345,0.1610963112830298,0.6165944434668843,0.04266779836065081,nan,nan,0.14669437144395975
2.5419999999999416,0.29619481034336637,24.668105862497693,0.1608273331070334,0.6187270196939886,0.042597353231522875,nan,nan,0.14643714241099126
2.5519999999999405,0.2954671170336721,24.7599195302234,0.16055639634667423,0.6208676500161718,0.04253927210585123,nan,nan,0.14617247700797362
2.5619999999999394,0.2947435258832681,24.851575143082183,0.1602834460465367,0.6230166397198048,0.0424936484456874,nan,nan,0.1459003173688729
2.5719999999999383,0.2940240737670475,24.943071550304165,0.16000842680227265,0.625174301836589,0.042460587182076834,nan,nan,0.14562060637403001
2.5819999999999372,0.29330879843831126,25.034407569959768,0.15973128273484602,0.6273409573857802,0.04244020510856236,nan,nan,0.14533328766108444
2.591999999999936,0.292597738537296,25.1255819886662,0.1594519574638462,0.62951693562854,0.042432631296722756,nan,nan,0.14503830563569442
2.601999999999935,0.2918909336002513,25.21659356127765,0.15917039407983907,0.6317025743350368,0.04243800754303263,nan,nan,0.1447356054820481
2.611999999999934,0.29118842406911155,25.30744101055801,0.15888653511571213,0.6338982200647522,0.04245648884255055,nan,nan,0.1444251331731484
2.621999999999933,0.2904902513017581,25.39812302683672,0.15860032251697262,0.6361042284606507,0.04248824389643827,nan,nan,0.14410683548086256
2.6319999999999317,0.28979645758290973,25.4886382676458,0.15831169761095107,0.6383209645577453,0.04253345565048954,nan,nan,0.14378065998572392
2.6419999999999306,0.28910708613565494,25.578985357338674,0.15802060107486235,0.6405488031067912,0.042592321871983224,nan,nan,0.14344655508647036
2.6519999999999295,0.2884221811336504,25.66916288668827,0.1577269729026704,0.6427881289137474,0.042665055762516606,nan,nan,0.14310447000931154
2.6619999999999284,0.2877417877140075,25.759169412465962,0.1574307523707033,0.6450393371957281,0.04275188661153292,nan,nan,0.14275435481690696
2.6719999999999273,0.287065951990901,25.849003456998624,0.1571318780019597,0.647302833954286,0.0428530604946121,nan,nan,0.1423961604170401
2.681999999999926,0.2863947210699128,25.938663507704234,0.15683028752904654,0.6495790363668015,0.04296884101653676,nan,nan,0.14202983857097679
2.691999999999925,0.2857281430631509,26.02814801660441,0.15652591785567996,0.6518683731968499,0.04309951010287863,nan,nan,0.14165534190149065
2.701999999999924,0.28506626710516647,26.117455399813338,0.1562187050166874,0.6541712852245499,0.04324536884723615,nan,nan,0.14127262390053727
2.711999999999923,0.284409143369702,26.20658403700248,0.15590858413643266,0.6564882256977816,0.043406738410562466,nan,nan,0.14088163893656683
2.721999999999922,0.2837568230873082,26.295532270839523,0.1555954893855922,0.6588196608054337,0.04358396098469313,nan,nan,0.14048234226144762
2.7319999999999207,0.28310935856385333,26.38429840640028,0.1552793539362014,0.6611660701737241,0.04377740081732566,nan,nan,0.1400746900169933
2.7419999999999196,0.28246680319997486,26.47288071055415,0.1549601099148867,0.663527947386851,0.04398744530835451,nan,nan,0.13965863924106278
2.7519999999999185,0.28182921151149626,26.56127741131939,0.15463768835419367,0.6659058005331975,0.04421450617839045,nan,nan,0.139234147873226
2.7619999999999174,0.28119663915086957,26.649486697189587,0.15431201914191706,0.6683001527784523,0.04445902071702676,nan,nan,0.13880117475996517
2.7719999999999163,0.2805691429296659,26.737506716428463,0.15398303096833388,0.6707115429671323,0.0447214531174668,nan,nan,0.1383596796593927
2.781999999999915,0.2799467808421745,26.8253355763318,0.15365065127123442,0.6731405262540232,0.045002295902175624,nan,nan,0.13790962324546002
2.791999999999914,0.27932961209014806,26.912971342456586,0.15331480617863705,0.6755876747671199,0.04530207144433392,nan,nan,0.13745096711164845
2.801999999999913,0.2787176971087527,27.000412037812776,0.15297542044907322,0.6780535783039536,0.0456213335999402,nan,nan,0.13698367377409007
2.811999999999912,0.27811109759376673,27.08765564202116,0.15263241740931313,0.6805388450630264,0.04596066944832048,nan,nan,0.13650770667412201
2.821999999999911,0.2775098765300926,27.17470009042937,0.1522857188894035,0.6830441024124735,0.04632070115933807,nan,nan,0.13602303018022688
2.8319999999999097,0.27691409822163676,27.26154327319051,0.1519352451548745,0.6855699976980215,0.04670208799013788,nan,nan,0.13552960958933857
2.8419999999999086,0.27632382832261915,27.348183034298067,0.15158091483596764,0.688117199092525,0.047105528424315056,nan,nan,0.13502741112748481
2.8519999999999075,0.27573913387037924,27.434617170577166,0.15122264485372752,0.6906863964895706,0.04753176246587214,nan,nan,0.13451640194973463
2.8619999999999064,0.2751600833197549,27.5208434306307,0.15086035034278916,0.6932783024437514,0.04798157409874784,nan,nan,0.13399655013941034
2.8719999999999053,0.2745867465790913,27.60685951373655,0.15049394457068102,0.6958936531603154,0.04845579392183842,nan,nan,0.13346782470654706
2.881999999999904,0.27401919504797917,27.69266306869484,0.15012333885345855,0.6985332095374082,0.048955301985277436,nan,nan,0.1329301955855428
2.891999999999903,0.2734575016567865,27.77825169262289,0.14974844246746102,0.7011977582638506,0.04948103082660538,nan,nan,0.13238363363197792
2.901999999999902,0.2729017409080866,27.863622929694262,0.14936916255698351,0.7038881129761747,0.05003396874303303,nan,nan,0.13182811061855432
2.911999999999901,0.27235198892005474,27.948774269820706,0.14898540403763108,0.7066051154784182,0.05061516330231162,nan,nan,0.13126359923011943
2.9219999999999,0.27180832347196066,28.033703147273506,0.14859706949511506,0.7093496370287979,0.051225725125182635,nan,nan,0.13069007305772024
2.9319999999998987,0.27127082405183245,28.11840693924019,0.1482040590792306,0.7121225796974696,0.05186683195423786,nan,nan,0.13010750659165335
2.9419999999998976,0.27073957190641956,28.202882964316387,0.14780627039274152,0.7149248778000351,0.05253973303915054,nan,nan,0.12951587521345462
2.9519999999998965,0.27021465009356477,28.2871284809258,0.14740359837487577,0.7177574994117021,0.05324575386164869,nan,nan,0.12891515518677388
2.9619999999998954,0.26969614353711396,28.37114068566753,0.14699593517911907,0.7206214479675305,0.05398630123545293,nan,nan,0.12830532364708658
2.9719999999998943,0.2691841390844925,28.45491671158619,0.14658317004496832,0.7235177639544106,0.05476286880683771,nan,nan,0.1276863585901803
2.981999999999893,0.26867872556708966,28.538453626359498,0.14616518916328927,0.7264475267011354,0.05557704300191128,nan,nan,0.12705823885934955
2.991999999999892,0.26817999386360236,28.62174843040191,0.14574187553489035,0.7294118562730925,0.05643050944817582,nan,nan,0.12642094413124863
3.001999999999891,0.267688036966493,28.704798054876285,0.14531310882190698,0.7324119154790774,0.05732505993086039,nan,nan,0.12577445490031058
3.01199999999989,0.26720295005173966,28.787599359612305,0.1448787651915514,0.7354489119978064,0.05826259991389724,nan,nan,0.12511875246168105
3.0219999999998888,0.26672483055204577,28.870149130923046,0.14443871715176124,0.7385241006328368,0.05924515669682266,nan,nan,0.12445381889257126
3.0319999999998877,0.2662537782337154,28.95244407931759,0.14399283337823943,0.7416387857049488,0.06027488825467774,nan,nan,0.12377963703195814
3.0419999999998866,0.2657898952773913,29.03448083710089,0.1435409785323449,0.7447943235920592,0.06135409283482163,nan,nan,0.12309619045853436
3.0519999999998855,0.2653332863628766,29.11625595585687,0.14308301306925167,0.7479921254273549,0.0624852193761583,nan,nan,0.12240346346682328
3.0619999999998844,0.2648840587582798,29.197765903806545,0.14261879303575375,0.7512336599675233,0.06367087884111984,nan,nan,0.12170144104134578
3.0719999999998833,0.2644423224137241,29.279007063035372,0.14214816985704345,0.7545204566437578,0.0649138565418181,nan,nan,0.12099010882874109
3.081999999999882,0.26400819005990234,29.359975726580632,0.1416709901117432,0.7578541088094478,0.0662171255653705,nan,nan,0.12026945310772175
3.091999999999881,0.2635817773117445,29.440668095372725,0.14118709529441337,0.7612362771996427,0.06758386140700869,nan,nan,0.11953946075674043
3.10199999999988,0.263163202777534,29.5210802750195,0.1406963215647008,0.7646686936187838,0.06901745793734067,nan,nan,0.11880011921923736
3.111999999999879,0.26275258817378117,29.60120827242621,0.14019849948222918,0.7681531648746727,0.07052154484102563,nan,nan,0.1180514164663227
3.1219999999998778,0.26235005844621084,29.681047992239332,0.1396934537262588,0.771691576978293,0.07210000668122067,nan,nan,0.11729334095674919
3.1319999999998767,0.26195574189725723,29.760595233104944,0.13918100279907022,0.7752858996309214,0.07375700376321229,nan,nan,0.11652588159400339
3.1419999999998756,0.261569770320463,29.839845683728495,0.1386609587119397,0.7789381910219858,0.07549699498998308,nan,nan,0.11574902768035017
3.1519999999998745,0.26119227914222953,29.918794918725844,0.13813312665248867,0.7826506029634441,0.07732476293107504,nan,nan,0.1149627688676274
3.1619999999998734,0.2608234075713928,29.997438394249382,0.13759730463208486,0.7864253863887614,0.07924544134082906,nan,nan,0.11416709510460428
3.1719999999998723,0.2604632987571361,30.075771443376333,0.13705328311186854,0.79026489724749,0.08126454540793959,nan,nan,0.11336199658067347
3.181999999999871,0.26011209995579276,30.153789271244072,0.1365008446058617,0.7941716028295386,0.0833880050455555,nan,nan,0.11254746366563403
3.19199999999987,0.2597699627071329,30.23148694991423,0.13593976325948248,0.7981480885563416,0.08562220155924354,nan,nan,0.11172348684533
3.201999999999869,0.25943704302078424,30.308859412948184,0.13536980440165639,0.8021970652803618,0.08797400810324651,nan,nan,0.1108900566528467
3.211999999999868,0.2591135015734841,30.385901449674364,0.13479072406855672,0.8063213771382706,0.09045083435733685,nan,nan,0.1100471635949733
3.2219999999998667,0.25879910930612243,30.462596763906276,0.13417225015204215,0.8078592918777522,0.017759083420043058,nan,nan,0.10919517018836877
3.2319999999998656,0.2584919526285948,30.538960107179662,0.13363646690153475,0.8090398626809051,0.01721026736768206,nan,nan,0.10833545496917604
3.2419999999998645,0.2581905195343932,30.615049514376363,0.13319682724074786,0.8102530517301789,0.018070302021060407,nan,nan,0.10746840477884965
3.2519999999998634,0.25789383430967533,30.690910191556892,0.13282561055796166,0.8115037673975966,0.01909156477217874,nan,nan,0.10659413584192758
3.2619999999998623,0.25760121907748124,30.766573611037007,0.13250175848400592,0.8127958757939454,0.020251259905545455,nan,nan,0.105712747287039
3.2719999999998612,0.2573122000920383,30.84206144962837,0.13221051631821412,0.8141325362133659,0.021534848236314595,nan,nan,0.10482433529436919
3.28199999999986,0.2570264466511638,30.917388546441266,0.13194159600377572,0.8155164288181637,0.02293328989201414,nan,nan,0.10392899429465866
3.291999999999859,0.2567437286700824,30.992564970655263,0.1316878228445774,0.8169499139157175,0.024441414117344476,nan,nan,0.10302681739178562
3.301999999999858,0.25646388703608564,31.067597461391355,0.13144419196790452,0.8184351442375891,0.02605684478171953,nan,nan,0.10211789667493434
3.311999999999857,0.2561868128726716,31.142490431074876,0.13120721232955063,0.81997414439397,0.027779264011533144,nan,nan,0.10120232346336767
3.3219999999998557,0.2559124330276149,31.21724666532924,0.13097445028107085,0.8215688673423385,0.029609898834991898,nan,nan,0.10028018849533492
3.3319999999998546,0.255640699912209,31.291867811675797,0.13074421170489006,0.8232212347416459,0.03155115948673106,nan,nan,0.09935158207137422
3.3419999999998535,0.25537158438425017,31.366354721115464,0.1305153204807799,0.8249331659966792,0.03360638283175881,nan,nan,0.09841659416146513
3.3519999999998524,0.25510507076130345,31.440707687137593,0.13028696399764608,0.8267065993538968,0.03577964960481223,nan,nan,0.09747531448426056
3.3619999999998513,0.2548411533256346,31.514926613160384,0.13005858537742157,0.8285435074006555,0.03807565391357309,nan,nan,0.09652783256521558
3.3719999999998502,0.2545798338739749,31.589011130004394,0.12982980827745078,0.8304459086120957,0.040499609857435274,nan,nan,0.09557423777919687
3.381999999999849,0.2543211199993305,31.66296067846578,0.12960038443715743,0.8324158760937137,0.04305718447807986,nan,nan,0.09461461938199187
3.391999999999848,0.25406502388567037,31.736774567502824,0.12937015712030556,0.8344555443179814,0.04575444922218702,nan,nan,0.09364906653424473
3.401999999999847,0.2538115614618297,31.810452015386492,0.1291390356797368,0.8365671144065905,0.0485978441808184,nan,nan,0.09267766832060449
3.411999999999846,0.2535607518067654,31.883992178952685,0.12890697791597075,0.8387528583347922,0.051594150824041896,nan,nan,0.09170051376628793
3.4219999999998447,0.2533126167303881,31.957394174552178,0.1286739779073614,0.8410151223088945,0.054750469955238495,nan,nan,0.09071769185284839
3.4319999999998436,0.25306718047661914,32.03065709322395,0.12844005769121883,0.8433563294773704,0.0580742023147616,nan,nan,0.08972929153460386
3.4419999999998425,0.25282446951105414,32.10378001185707,0.12820526166509535,0.8457789820692596,0.06157302973326479,nan,nan,0.08873540175695803
3.4519999999998414,0.2525845123665894,32.17676200159196,0.12796965291965717,0.8482856630031368,0.06525489503943825,nan,nan,0.08773611147768676
3.4619999999998403,0.25234733952807265,32.249602134334395,0.12773331095395682,0.8508790369703007,0.06912797909854965,nan,nan,0.08673150969217573
3.471999999999839,0.2521129833423988,32.32229948800819,0.1274963303916257,0.8535618509633445,0.0732006734397277,nan,nan,0.08572168546352454
3.481999999999838,0.2518814779442056,32.394853150988,0.1272588204342104,0.8563369341930223,0.07748154693386829,nan,nan,0.08470672795843247
3.491999999999837,0.2516528591899035,32.46726222603131,0.12702090487070455,0.8592071973097771,0.08197930489933701,nan,nan,0.08368672648979517
3.501999999999836,0.25142716459455655,32.53952583394212,0.1267827225208378,0.8621756308206745,0.08670273891882725,nan,nan,0.08266177056697836
3.511999999999835,0.25120443326731423,32.611643117138485,0.12654442803125254,0.8652453025654919,0.09166066545697242,nan,nan,0.08163194995480909
3.5219999999998337,0.25098470584187005,32.683613243255266,0.1263061929734838,0.8684193540868931,0.09686185116573545,nan,nan,0.08059735474240856
3.5319999999998326,0.2507680243989205,32.75543540888751,0.12606820721428472,0.8717009956976158,0.10231492250286915,nan,nan,0.07955807542310546
3.5419999999998315,0.2505544323778362,32.827108843558015,0.12583068054484103,0.8750935000115958,0.10802825700041734,nan,nan,0.07851420298679454
3.5519999999998304,0.2503439744748728,32.898632813987824,0.12559384456759448,0.8786001936647597,0.1140098531859935,nan,nan,0.07746582902626302
3.5619999999998293,0.25013669652519444,32.97000662873597,0.12535795484900852,0.8822244469037979,0.1202671758000009,nan,nan,0.07641304585918346
3.571999999999828,0.24993264536586032,33.04122964327696,0.12512329335457228,0.8859696606665944,0.12680697258482584,nan,nan,0.07535594666767219
3.581999999999827,0.2497318686766626,33.112301265584485,0.1248901711893014,0.8898392507145988,0.13363505853484098,nan,nan,0.07429462565754319
3.591999999999826,0.2495344147954172,33.18322096229066,0.12465893167343693,0.8938366283038187,0.1407560631268036,nan,nan,0.07322917823964961
3.601999999999825,0.24934033250386903,33.253988265499686,0.12442995378932811,0.8979651767958909,0.1481731357450491,nan,nan,0.07215970123599814
3.611999999999824,0.2491496707799221,33.3246027803368,0.12420365604188625,0.9022282235115273,0.15588760427826603,nan,nan,0.07108629311365687
3.6219999999998227,0.24896247851129416,33.39506419332718,0.12398050078174343,0.9066290060139681,0.16389858182866632,nan,nan,0.0700090542498508
3.6319999999998216,0.2487788041650322,33.465372281705974,0.12376099904752168,0.9111706318769913,0.17220251665913103,nan,nan,0.06892808723206142
3.6419999999998205,0.24859869540653223,33.53552692377606,0.12354571599158634,0.9158560308382444,0.18079268111887462,nan,nan,0.06784349719742837
3.6519999999998194,0.24842219866078943,33.60552811044299,0.12333527696246406,0.9206878980613032,0.18965859648739353,nan,nan,0.06675539221627619
3.6619999999998183,0.2482493586075442,33.67537595807447,0.12313037432688859,0.9256686270252642,0.19878539270167483,nan,nan,0.06566388372520268
3.671999999999817,0.24808021760077117,33.74507072285016,0.1229317751253282,0.9308002303267796,0.20815310527348732,nan,nan,0.06456908701580763
3.681999999999816,0.24791481500154153,33.81461281679081,0.12274032966695787,0.9360842464111194,0.2177359166475647,nan,nan,0.063471121785932
3.691999999999815,0.24775318641166622,33.88400282567913,0.12255698118347724,0.9415216299449426,0.22750135678671807,nan,nan,0.062370112761056515
3.701999999999814,0.2475951869972169,33.95324292930641,0.12238968180067347,0.944375944851352,0.08719288931285055,nan,nan,0.061266322666958
3.711999999999813,0.24743886192016523,34.02234396322226,0.12225307375182728,0.9453208337374297,0.060223023882397905,nan,nan,0.06016135446028379
3.7219999999998117,0.24749552640145664,34.05663134429556,0.06774171802290328,0.9458942507171971,0.021788886276604774,nan,nan,0.05929811413009907
3.7319999999998106,0.24832569629330872,34.044962046953636,0.10111926442203244,0.9457514985989446,0.0020487898194391247,nan,nan,0.05863880510590454
3.7419999999998095,0.2498229102858713,34.00663642388211,0.12852145856851604,0.9385913969891092,0.38936111360294484,nan,nan,0.05792104378475648
3.7519999999998084,0.25171865685987194,33.95507747392308,0.1402105893691205,0.9272157999222898,1.0215763115855847,nan,nan,0.05712609361531173
3.7619999999998073,0.25381716642667396,33.897972666758434,0.14296555593830687,0.915457553621635,1.1300160456738213,nan,nan,0.056277604038120335
3.771999999999806,0.25600414836545365,33.83927651851971,0.14166970015814678,0.9038543833977697,1.1429155558234068,nan,nan,0.055397557859644786
3.781999999999805,0.25821968703955384,33.780823664870105,0.138940107049785,0.89262972173866,1.1122107309143816,nan,nan,0.0545005390888836
3.791999999999804,0.26043548333057853,33.72333130447988,0.1360111222107872,0.8818520044063572,1.0666451804594705,nan,nan,0.053595167714821854
3.801999999999803,0.26264017963732045,33.66696681908261,0.1333860547550875,0.8715188828738909,1.0198829460970178,nan,nan,0.0526862476751704
3.8119999999998018,0.2648308513602344,33.61165217364286,0.13121342460471883,0.8615998987314339,0.9774498206476291,nan,nan,0.05177634317684537
3.8219999999998007,0.2670083640204406,33.55721945388496,0.12948555934183725,0.8520569554096625,0.940933419265259,nan,nan,0.05086676412424107
3.8319999999997996,0.26917496955767295,33.50348553010631,0.12813700848989124,0.8428533305617332,0.9102068698416703,nan,nan,0.049958143532086906
3.8419999999997985,0.2713331415272013,33.450284298735696,0.12708995390874775,0.8339570051050726,0.8845174958824767,nan,nan,0.049050763895801416
3.8519999999997974,0.2734850696924488,33.39747760346454,0.12627295443005201,0.8253413321134019,0.8629831276832098,nan,nan,0.04814473653983741
3.8619999999997963,0.27563248993314726,33.3449561192448,0.12562700308728306,0.816984582050646,0.8447960826407673,nan,nan,0.04724009723556075
3.871999999999795,0.27777667347181734,33.29263605057266,0.12510600313547524,0.808869113994978,0.8292897147756755,nan,nan,0.04633685516019427
3.881999999999794,0.2799184829383314,33.240454548489524,0.1246751137220335,0.8009805150735064,0.8159444283357652,nan,nan,0.04543501644187672
3.891999999999793,0.28205844883980824,33.188365187426854,0.12430854561341777,0.7933068455265572,0.804370122573727,nan,nan,0.04453459426179306
3.901999999999792,0.28419684477376167,33.13633403895198,0.12398746667249791,0.7858380284854406,0.7942821263482162,nan,nan,0.043635612142146805
3.9119999999997908,0.2863337530369277,33.084336296892445,0.12369943113248051,0.7785653700108693,0.7854800511382369,nan,nan,0.04273810488997768
3.9219999999997897,0.2884691348988928,33.03235219841402,0.12343814684016123,0.7714810209052089,0.7778663750067071,nan,nan,0.04184213001580818
3.9319999999997886,0.2906028728158344,32.98036752173524,0.12319263269483093,0.7645779771762432,0.7713381240589903,nan,nan,0.04094773787084713
3.9419999999997875,0.2927347557775767,32.92837334655792,0.12295528361667415,0.7578500611682314,0.7657899209294042,nan,nan,0.040054972502601364
3.9519999999997864,0.29486450476665965,32.87636395394665,0.12272185200051937,0.7512916257980123,0.761175506490621,nan,nan,0.039163887611722084
3.9619999999997852,0.29699180491393906,32.824335431972806,0.12248996826502842,0.7448973931251931,0.7574832920088657,nan,nan,0.03827454543191372
3.971999999999784,0.29911632659955345,32.77228487960028,0.1222581992292378,0.7386623705887223,0.7547221712751668,nan,nan,0.03738701348870106
3.981999999999783,0.3012377371890883,32.72020996766689,0.12202555826459839,0.7325818079041393,0.75291432082965,nan,nan,0.03650136236632418
3.991999999999782,0.303355707110647,32.66810869392857,0.12179126882951376,0.7266511748694641,0.7520918826939799,nan,nan,0.03561766450053172
4.001999999999781,0.305469912836566,32.615979240476314,0.12155465280433571,0.7208661499720984,0.7522957564803571,nan,nan,0.03473599361419962
4.01199999999978,0.30758003822526675,32.563819885064646,0.12131507675318452,0.7152226147557761,0.7535755686268586,nan,nan,0.03385642450868297
4.021999999999779,0.30968577499548827,32.51162894118657,0.12107192428916953,0.7097166514699611,0.7559903665259162,nan,nan,0.03297903304556545
4.031999999999778,0.3117868227332166,32.459404713743325,0.1208245800568525,0.7043445428108743,0.759609843073721,nan,nan,0.03210389623216872
4.041999999999777,0.3138828886379862,32.40714546326957,0.12057241888290429,0.6991027732210907,0.7645160370695162,nan,nan,0.03123109236784014
4.051999999999776,0.3159736871156016,32.35484937478565,0.12031479723738583,0.69398803156904,0.7708055381733717,nan,nan,0.03036070123109823
4.061999999999775,0.31805893927262796,32.30251452894265,0.12005104571541454,0.6889972152432744,0.7785922850515624,nan,nan,0.02949280429988291
4.071999999999774,0.3201383723403449,32.25013887394843,0.11978046192177981,0.6841274358524723,0.7880111003746206,nan,nan,0.028627485003913242
4.0819999999997725,0.3222117190402996,32.197720197189874,0.11950230342666539,0.6793760268670133,0.7992221685989505,nan,nan,0.02776482901231478
4.091999999999771,0.32427871689384014,32.14525609567988,0.11921578058150288,0.674740553702359,0.8124167420456736,nan,nan,0.026904924562785926
4.10199999999977,0.32633910747089745,32.09274394455049,0.1189200490359559,0.6702188269558804,0.8278244687402306,nan,nan,0.026047862841461617
4.111999999999769,0.32838800311164096,32.040414940583204,0.11761055867851032,0.6517298454515325,2.5230937222283583,nan,nan,0.025195633593017235
4.121999999999768,0.3304015344096454,31.988961977359125,0.11518758875706217,0.6314479400747361,3.142354101666725,nan,nan,0.02435784257330676
4.131999999999767,0.3323642549738212,31.93876611281265,0.11234889756978193,0.61144308248286,3.2478983897323097,nan,nan,0.02354042831591866
4.141999999999766,0.3342694086796406,31.89001109584136,0.1093228163539373,0.5917987723524676,3.3376052655509603,nan,nan,0.022745818160424182
4.151999999999765,0.33611345956473354,31.84279897362196,0.10619262333181562,0.5725665080620271,3.4197705393158513,nan,nan,0.02197529559447704
4.161999999999764,0.33789425089099817,31.797193983463334,0.1029894236584088,0.553785595436214,3.497461884046669,nan,nan,0.021229715363189107
4.171999999999763,0.3396102982005731,31.753240289284047,0.09972745252422764,0.5354914312156546,3.571333616049805,nan,nan,0.02050975245477573
4.1819999999997615,0.34126047239895735,31.71097276178203,0.096410402419331,0.5177203708868093,3.640251515985998,nan,nan,0.019815966471068862
4.19199999999976,0.3428438342328637,31.670421635913005,0.09304127371309696,0.5005117587262677,3.7019496842113386,nan,nan,0.019148842821843218
4.201999999999759,0.344359580818441,31.63161381621233,0.08962440929975722,0.48390795240012247,3.7535931141198327,nan,nan,0.01850881062090722
4.211999999999758,0.34580703920983,31.594573039386365,0.08616596394287308,0.46795360639992667,3.7919830715428975,nan,nan,0.01789624204536082
4.221999999999757,0.34718567906149944,31.559319505614706,0.08267405499952264,0.45269448223286546,3.8137254932239504,nan,nan,0.01731144501931906
4.231999999999756,0.34849513422839706,31.525869237297552,0.07915882503938985,0.43817591066449635,3.815412676400283,nan,nan,0.016754653097567074
4.241999999999755,0.3497352286096303,31.49423329999564,0.07563244723546575,0.42444100048199734,3.7938328345169383,nan,nan,0.01622601416618717
4.251999999999754,0.35090600951806306,31.46441447541726,0.07212623964114558,0.40548949154950564,4.050837217728964,nan,nan,0.01572559075903484
4.261999999999753,0.35200807432309383,31.436377570086783,0.06873876046000393,0.38065928045497816,5.080932091733535,nan,nan,0.015253561585475289
4.2719999999997516,0.3530428404986004,31.41007002967672,0.06544621366101917,0.35709427600593885,4.964138137791316,nan,nan,0.014809887336136108
4.2819999999997505,0.3540116644393632,31.38546323198375,0.06220020786313206,0.3348431422902496,4.812946297896735,nan,nan,0.014394129024613367
4.291999999999749,0.35491560450537085,31.36254317179935,0.058988278217845226,0.3139611129270706,4.619910997565854,nan,nan,0.014005765158352156
4.301999999999748,0.35575568575899114,31.341297098052657,0.0558220905463366,0.2944958611261498,4.383571873650725,nan,nan,0.01364422832333764
4.311999999999747,0.3565331312071627,31.321705484239587,0.05272474721295558,0.27647837613406795,4.107373579524721,nan,nan,0.013308865031772693
4.321999999999746,0.3572494833138435,31.30373830387995,0.0497229836078359,0.2599185166693361,3.798208256441765,nan,nan,0.0129989056600764
4.331999999999745,0.35790664416784845,31.287353946052413,0.046842968366531686,0.2448038506992057,3.4651379825990762,nan,nan,0.012713453467813912
4.341999999999744,0.3585068663309066,31.27249961309179,0.04410812537287826,0.23110067297563952,3.1183096867337885,nan,nan,0.012451488119532199
4.351999999999743,0.35905271576661524,31.259112515161135,0.04153799999740676,0.21875643021605715,2.768023341973919,nan,nan,0.012211878674563414
4.361999999999742,0.35954701970795755,31.247121473174428,0.039147666751619695,0.20770299884222196,2.423948374139218,nan,nan,0.011993402380775876
4.3719999999997405,0.3599928071932386,31.236448706451853,0.03694744891711349,0.19786038542721235,2.0945095339180457,nan,nan,0.011794766720640556
4.381999999999739,0.36039324718848875,31.227011668389608,0.03494286013441537,0.18914050441785815,1.7864672502495778,nan,nan,0.0116146328559405
4.391999999999738,0.3607515876828937,31.218724839031854,0.033134740874869235,0.18145076108563565,1.5047036939365885,nan,nan,0.011451639053175368
4.401999999999737,0.3610710982368177,31.211501409168893,0.03151958323084959,0.17469724145524168,1.252203836863374,nan,nan,0.011304422980026327
4.411999999999736,0.3613550178228194,31.2052548078527,0.03009003427814995,0.16878738505166807,1.0301995375966562,nan,nan,0.011171642022014509
4.421999999999735,0.36160650926081456,31.199900039401722,0.02883555270588937,0.16363208540406082,0.838430206016324,nan,nan,0.011051991010551987
4.431999999999734,0.36182862104885727,31.195354809063005,0.027743174064687307,0.1591472214160203,0.6754684858790317,nan,nan,0.010944216985646203
4.441999999999733,0.3620242569256388,31.19154042879976,0.02679832431260814,0.15525466598652204,0.5390630773454234,nan,nan,0.010847130831698472
4.451999999999732,0.3621961530865533,31.18838250574396,0.025985615013966276,0.15188284547920863,0.42646070201557607,nan,nan,0.010759615812855072
4.461999999999731,0.36234686261996524,31.185811433349254,0.02528951094272233,0.14896693675069037,0.33468181413258663,nan,nan,0.010680633160603714
4.4719999999997295,0.3624787443449839,31.183762970582286,0.024694294504261912,0.14644886129465182,0.26072243175878407,nan,nan,0.01060922308598498
4.481999999999728,0.3625939548221199,31.18217858326039,0.024185749088374297,0.1442771549624445,0.20170461165332446,nan,nan,0.0105445033161183
4.491999999999727,0.3626946529243962,31.18100322648977,0.023753394030128265,0.14240353651268697,0.15552458130053065,nan,nan,0.010485583857523108
4.501999999999726,0.36278290346038905,31.180185983001287,0.023384750918069276,0.1407837027685283,0.11997990395805844,nan,nan,0.010431616730364478
4.511999999999725,0.3628603448316413,31.179682303777497,0.023068402725591176,0.13938187697105034,0.09243579162446428,nan,nan,0.010381945538356457
4.521999999999724,0.36292834840448107,31.17945311734724,0.022795503395272237,0.13816822470639067,0.07105908207491707,nan,nan,0.010336029640585625
4.531999999999723,0.36298810535139414,31.17946389163333,0.022559091707742805,0.1371172229275772,0.05450665898778017,nan,nan,0.010293403100652203
4.541999999999722,0.36304067032926557,31.179683341942248,0.02235439034957599,0.13620661714652582,0.041752748689080715,nan,nan,0.010253662634681917
4.551999999999721,0.36308698763342917,31.180083581354513,0.022175414027127548,0.1354168235021771,0.031984578649945736,nan,nan,0.010216450757954316
4.56199999999972,0.36312787826903864,31.180640873479827,0.02201706752071441,0.1347311691046001,0.024505209116426147,nan,nan,0.01018144630504719
4.5719999999997185,0.36316404854633527,31.181334924720836,0.02187565917132842,0.13413553605802636,0.01877252893559256,nan,nan,0.010148368733288038
4.581999999999717,0.36319610965602617,31.182148191587704,0.02174841712921392,0.13361786509392473,0.014378459013977255,nan,nan,0.010116973932970626
4.591999999999716,0.36322459385694333,31.1830653863636,0.02163314730820348,0.13316776988678328,0.011013385882979043,nan,nan,0.010087049033977167
4.601999999999715,0.3632499664302375,31.184073129731903,0.02152804624465961,0.13277625693500744,0.008439876344505218,nan,nan,0.010058408058866224
4.611999999999714,0.3632726347134397,31.185159693515857,0.02143160103039703,0.13243551638034043,0.006474704532997878,nan,nan,0.010030888420044706
4.621999999999713,0.3632929553083314,31.18631479709819,0.021342530985979713,0.13213875797595231,0.004976188650196249,nan,nan,0.010004348023911177
4.631999999999712,0.36331124012260624,31.187529437174653,0.02125974859609733,0.13188007670011023,0.003834850168543039,nan,nan,0.009978662800477073
4.641999999999711,0.363327761607913,31.188795740038753,0.021182329823897898,0.13165433916073074,0.0029662808063523867,nan,nan,0.009953724548178076
4.65199999999971,0.36334275738921107,31.19010683072904,0.021109489731130075,0.13145708567961428,0.0023055879051389243,nan,nan,0.009929439029568192
4.661999999999709,0.363356434393199,31.191456715989258,0.021040561753783705,0.13128444495785874,0.0018030335458863187,nan,nan,0.009905724279106852
4.6719999999997075,0.3633689725404136,31.19284017927799,0.020974979909240188,0.13113305929569746,0.0014206067452497211,nan,nan,0.00988250909718668
4.681999999999706,0.3633805280450868,31.194252686659212,0.02091226353199012,0.13100001891880003,0.0011293358446252445,nan,nan,0.009859731711236889
4.691999999999705,0.36339123635749676,31.195690302670513,0.020852004234359473,0.13088280428619067,0.0009071902088559987,nan,nan,0.009837338587826972
4.701999999999704,0.3634012147793821,31.19714961537097,0.02079385481926919,0.13077923544875206,0.000737449977511436,nan,nan,0.009815283381579248
4.711999999999703,0.36341056478098305,31.198627669811625,0.020737519888457987,0.13068742765397587,0.0006074456600013224,nan,nan,0.00979352600768852
4.721999999999702,0.3634193740470207,31.2001219091966,0.020682747907864067,0.13060575248491016,0.0005075881731120073,nan,nan,0.009772031825753707
4.731999999999701,0.3634277182777676,31.201630123018774,0.020629324514409558,0.13053280389655997,0.00043062552607024825,nan,nan,0.009750770923393121
4.7419999999997,0.3634356627700668,31.203150401484272,0.020577066873369403,0.1304673685771938,0.00037107532832441877,nan,nan,0.009729717488879866
4.751999999999699,0.36344326380168057,31.204681095572905,0.020525818920810377,0.13040840012049695,0.0003247929460516013,nan,nan,0.009708849262956782
4.761999999999698,0.36345056984068197,31.20622078212243,0.020475447349562467,0.13035499654796817,0.0002886438081317986,nan,nan,0.00968814706069209
4.7719999999996965,0.36345762259990905,31.207768233371205,0.02042583821893014,0.1303063807699409,0.00026025533774581914,nan,nan,0.009667594355158468
4.781999999999695,0.3634644579546861,31.209322390439226,0.02037689408748325,0.130261883619496,0.0002378295303048338,nan,nan,0.009647176915498526
4.791999999999694,0.3634711067402978,31.210882340278054,0.020328531584730403,0.13022092913444858,0.000220001580503719,nan,nan,0.009626882492687634
4.801999999999693,0.3634775954440178,31.212447295664013,0.020280679351416222,0.13018302180077632,0.0002057333744131054,nan,nan,0.009606700547021403
4.811999999999692,0.3634839468048771,31.21401657785645,0.020233276289895463,0.1301477355047252,0.0001942333211164013,nan,nan,0.00958662201209456
4.821999999999691,0.36349018033292585,31.215589601583382,0.020186270075777436,0.13011470397170685,0.00018489604290563723,nan,nan,0.009566639090527542
4.83199999999969,0.36349631275832506,31.217165862054117,0.02013961589014412,0.13008361249722394,0.00017725701611983358,nan,nan,0.00954674507736282
4.841999999999689,0.3635023584194311,31.218744923737848,0.020093275338324695,0.13005419079950598,0.00017095845260528268,nan,nan,0.009526934207504122
4.851999999999688,0.363508329597867,31.220326410674424,0.020047215526762058,0.13002620684550217,0.00016572362363004956,nan,nan,0.00950720152401448
4.861999999999687,0.3635142368076241,31.221909998114878,0.02000140827408925,0.129999461520095,0.0001613375242688559,nan,nan,0.009487542764504694
4.8719999999996855,0.3635200890443229,31.22349540531467,0.019955829436339802,0.12997378402597914,0.00015763229354503555,nan,nan,0.00946795426318004
4.881999999999684,0.36352589399998825,31.225082389324122,0.01991045832935374,0.129949027915834,0.00015447620509733326,nan,nan,0.009448432866476671
4.891999999999683,0.36353165824799916,31.226670739641985,0.01986527723409584,0.12992506767146939,0.00015176533749949558,nan,nan,0.009428975860382854
4.901999999999682,0.36353738740226604,31.22826027361436,0.019820270972777436,0.12990179575606048,0.0001494172568301842,nan,nan,0.009409580907919258
4.911999999999681,0.3635430862541519,31.229850832476274,0.01977542654550498,0.12987912007473823,0.00014736621372988122,nan,nan,0.009390245995350557
4.92199999999968,0.36354875889018795,31.231442277950478,0.019730732818720287,0.12985696178842515,0.0001455594778201773,nan,nan,0.009370969385953805
4.931999999999679,0.363554408793228,31.23303448932336,0.01968618025800862,0.12983525343229016,0.00014395453198443034,nan,nan,0.009351749580274895
4.941999999999678,0.3635600389293265,31.234627360934745,0.01964176069891646,0.12981393729693746,0.00014251691568971335,nan,nan,0.009332585282023617
4.951999999999677,0.3635656518223237,31.236220800022615,0.019597467150368655,0.12979296403673565,0.0001412185582995772,nan,nan,0.00931347536877242
4.961999999999676,0.3635712496178449,31.237814724873886,0.019553293626051356,0.1297722914732549,0.00014003648753298605,nan,nan,0.009294418866820512
4.9719999999996745,0.3635768341381887,31.239409063238327,0.01950923499978101,0.12975188356749381,0.0001389518205140127,nan,nan,0.009275414929653518
4.981999999999673,0.36358240692938093,31.241003750969284,0.019465286881473573,0.12973170953700783,0.00013794897373014598,nan,nan,0.009256462819447525
4.991999999999672,0.363587969301501,31.242598730858678,0.019421445510811368,0.12971174309829525,0.0001370150387469966,nan,nan,0.009237561891257262
5.001999999999671,0.36359352236321285,31.244193951638735,0.019377707666039478,0.12969196181626266,0.0001361392886857059,nan,nan,0.009218711579436548
5.01199999999967,0.3635990670513329,31.245789367128793,0.01933407058585525,0.1296723465467541,0.00013531278231125393,nan,nan,0.009199911386056001
5.021999999999669,0.3636046041561274,31.24738493550311,0.01929053190243036,0.12965288095824337,0.00013452804823115824,nan,nan,0.009181160870950278
5.031999999999668,0.3636101343429584,31.248980618666696,0.019247089584068264,0.12963355112215474,0.00013377882875962628,nan,nan,0.009162459643231024
5.041999999999667,0.3636156581707764,31.25057638171966,0.019203741886089615,0.12961434516190262,0.00013305987256378795,nan,nan,0.009143807354033348
5.051999999999666,0.3636211761079387,31.252172192501167,0.019160487308774697,0.1295952529521774,0.00013236676598365668,nan,nan,0.009125203690300647
5.0619999999996645,0.36362668854571056,31.25376802119865,0.019117324561403935,0.12957626586192783,0.00013169579347039147,nan,nan,0.009106648369493174
5.0719999999996634,0.3636321958097891,31.255363840014542,0.019074252531461097,0.12955737653433222,0.000131043823819516,nan,nan,0.009088141135063257
5.081999999999662,0.3636376985025226,31.256959637870573,0.01903076527158322,0.12953857755177822,0.00013040480925788077,nan,nan,0.00906968153284022
5.091999999999661,0.3636431976062947,31.258555422282576,0.018986317947910294,0.12951987573228324,0.00012971732131623258,nan,nan,0.009051268880822408
5.10199999999966,0.3636486927211573,31.260151136650187,0.018941448406462592,0.12950128218030535,0.00012899233304914282,nan,nan,0.009032903623882363
5.111999999999659,0.36365418432678126,31.261746715767476,0.018896428179511697,0.1294827850364794,0.00012829145110007293,nan,nan,0.009014585705695934
5.121999999999658,0.3636596730610099,31.263342107115324,0.018851385456045984,0.1294643695386916,0.00012762343467394015,nan,nan,0.008996314875425598
5.131999999999657,0.3636651593876323,31.264937270965373,0.018806383005970317,0.12944602461963273,0.00012698111936196524,nan,nan,0.008978090889140757
5.141999999999656,0.36367064357962925,31.26653217688785,0.018761452394853106,0.12942774319583059,0.0001263562116465164,nan,nan,0.008959913545180194
5.151999999999655,0.36367612576839287,31.268126800546067,0.0187166098032928,0.129409521147373,0.0001257424447816973,nan,nan,0.008941782678581678
5.1619999999996535,0.36368160599288657,31.269721121409386,0.018671863641414488,0.12939135630343832,0.0001251356737459614,nan,nan,0.008923698149351523
5.171999999999652,0.36368708423589724,31.271315121260752,0.018627218319375333,0.12937324769145012,0.00012453334539364497,nan,nan,0.008905659832717565
5.181999999999651,0.36369256044808,31.272908783263336,0.018582676153970492,0.12935519503648993,0.00012393397364380643,nan,nan,0.008887667612415051
5.19199999999965,0.3636980345630775,31.274502091392836,0.01853823834906211,0.12933719844470595,0.0001233367486793105,nan,nan,0.008869721376446794
5.201999999999649,0.3637035065066763,31.27609503009795,0.01849390550715043,0.12931925821017984,0.00012274127312620015,nan,nan,0.008851821014521753
5.211999999999648,0.36370897620217074,31.277687584102942,0.018449677899939294,0.12930137470055333,0.0001221473932707469,nan,nan,0.008833966416615251
5.221999999999647,0.36371444357337945,31.2792797382951,0.018405555613364506,0.1292835482920698,0.00012155509304983227,nan,nan,0.008816157472185752
5.231999999999646,0.36371990854623537,31.280871477662817,0.018361538626394364,0.129265779334396,0.0001209644301630002,nan,nan,0.00879839406981585
5.241999999999645,0.36372537104953917,31.282462787264485,0.01831762685449734,0.12924806813324605,0.00012037549795959809,nan,nan,0.00878067609707896
5.251999999999644,0.36373083101522496,31.28405365221433,0.018273820174030012,0.12923041494360954,0.0001197884028255283,nan,nan,0.008763003440550714
5.2619999999996425,0.36373628837834365,31.285644057678375,0.018230118436201405,0.12921281996882625,0.00011920325180225722,nan,nan,0.008745375985868104
5.271999999999641,0.3637417430769128,31.28723398887602,0.01818652147529703,0.12919528336296598,0.0001186201456622718,nan,nan,0.008727793617859648
5.28199999999964,0.3637471950516924,31.28882343108401,0.018143029113648367,0.12917780523456665,0.0001180391761621283,nan,nan,0.008710256220643255
5.291999999999639,0.36375264424593395,31.29041236964174,0.018099641164786445,0.12916038565143748,0.00011746042392821896,nan,nan,0.008692763677760946
5.301999999999638,0.3637580906051289,31.292000789957363,0.01805635743551976,0.12914302464521005,0.00011688395911218632,nan,nan,0.008675315872285571
5.311999999999637,0.3637635340767776,31.29358867751274,0.01801317772737257,0.12912572221583124,0.00011630984166412014,nan,nan,0.00865791268691657
5.321999999999636,0.36376897461016566,31.295176017869014,0.01797010183763462,0.1291084783358789,0.0001157381218111623,nan,nan,0.008640554004093212
5.331999999999635,0.36377441215617506,31.296762796671363,0.017927129560154617,0.1290912929541823,0.00011516884163656585,nan,nan,0.008623239706051916
5.341999999999634,0.36377984666710333,31.298348999652504,0.017884260685964205,0.12907416599930444,0.00011460203545714884,nan,nan,0.008605969674911524
5.351999999999633,0.36378527809651856,31.299934612636807,0.017841495003782622,0.12905709738245866,0.0001140377311092469,nan,nan,0.008588743792731612
5.3619999999996315,0.3637907063991208,31.301519621542457,0.017798832300438324,0.12904008700014716,0.00011347595058265876,nan,nan,0.0085715619415602
5.37199999999963,0.3637961315306296,31.303104012385006,0.017756272361207328,0.1290231347363137,0.00011291671111933963,nan,nan,0.008554424003491837
5.381999999999629,0.3638015534476859,31.30468777127871,0.017713814970114622,0.1290062404644572,0.00011236002533954753,nan,nan,0.00853732986068932
5.391999999999628,0.3638069721077633,31.30627088443821,0.017671459910173725,0.12898940404912432,0.00011180590258235279,nan,nan,0.008520279395436463
5.401999999999627,0.3638123874690964,31.307853338180422,0.017629206963599854,0.12897262534745285,0.00011125434884371684,nan,nan,0.008503272490147401
5.411999999999626,0.3638177994906179,31.30943511892489,0.017587055911985446,0.12895590421035258,0.0001107053675515249,nan,nan,0.008486309027405523
5.421999999999625,0.36382320813190233,31.3110162131952,0.01754500653645394,0.12893924048358038,0.00011015895982806812,nan,nan,0.00846938888997253
5.431999999999624,0.3638286133531248,31.31259660761922,0.017503058617783018,0.12892263400860243,0.00010961512494625335,nan,nan,0.008452511960811551
5.441999999999623,0.3638340151150161,31.314176288929662,0.017461211936517864,0.12890608462332842,0.0001090738606088636,nan,nan,0.008435678123100301
5.451999999999622,0.36383941337883297,31.315755243964244,0.017419466273059517,0.12888959216281431,0.0001085351630398202,nan,nan,0.008418887260242102
5.4619999999996205,0.3638448081063262,31.317333459665996,0.01737782140775011,0.12887315645981473,0.00010799902730867174,nan,nan,0.00840213925588132
5.471999999999619,0.3638501992597182,31.318910923082907,0.01733627712093003,0.12885677734510392,0.00010746544780012551,nan,nan,0.008385433993896891
5.481999999999618,0.36385558680168195,31.32048762136811,0.017294833192999712,0.12884045464803973,0.00010693441775061382,nan,nan,0.008368771358431061
5.491999999999617,0.36386097069532053,31.322063541779592,0.017253489404459275,0.1288241881966953,0.00010640593011261931,nan,nan,0.008352151233875059
5.501999999999616,0.3638663509041543,31.323638671680026,0.017212245535959503,0.12880797781840855,0.0001058799767453785,nan,nan,0.008335573504882388
5.511999999999615,0.3638717273921053,31.325212998536276,0.017171101368322898,0.12879182333966713,0.00010535654973042488,nan,nan,0.008319038056380856
5.521999999999614,0.36387710012348856,31.326786509919312,0.017130056682577978,0.1287757245865743,0.0001048356402323769,nan,nan,0.008302544773561231
5.531999999999613,0.3638824690629963,31.328359193503704,0.01708911125998279,0.12875968138488753,0.00010431723934843385,nan,nan,0.008286093541886924
5.541999999999612,0.3638878341756955,31.329931037066856,0.017048264882047182,0.12874369356022167,0.00010380133778756302,nan,nan,0.008269684247096664
5.551999999999611,0.3638931954270177,31.331502028489254,0.017007517330539776,0.12872776093803864,0.00010328792629854891,nan,nan,0.008253316775202187
5.5619999999996095,0.3638985527827502,31.33307215575335,0.01696686838751466,0.12871188334393063,0.0001027769950877195,nan,nan,0.008236991012498626
5.571999999999608,0.36390390620903323,31.334641406943106,0.016926317835311604,0.12869606060350713,0.00010226853461056669,nan,nan,0.008220706845553013
5.581999999999607,0.36390925567235355,31.336209770244178,0.016885865456568765,0.12868029254255153,0.00010176253503131154,nan,nan,0.008204464161216679
5.591999999999606,0.36391460113953733,31.337777233942294,0.016845511034233287,0.12866457898708764,0.00010125898641395605,nan,nan,0.008188262846616966
5.601999999999605,0.3639199425777507,31.339343786423825,0.0168052543515687,0.1286489197634024,0.00010075787880298859,nan,nan,0.008172102789164127
5.611999999999604,0.36392527995448853,31.340909416174203,0.0167650951921587,0.12863331469808492,0.00010025920219186979,nan,nan,0.008155983876541352
5.621999999999603,0.3639306132375792,31.34247411177837,0.0167250333399128,0.12861776361810803,9.976294644402305e-05,nan,nan,0.008139905996725521
5.631999999999602,0.36393594239517385,31.344037861919315,0.01668506857906443,0.12860226635068034,9.926910174001385e-05,nan,nan,0.008123869037962708
5.641999999999601,0.36394126739574845,31.3456006553782,0.01664520069418353,0.12858682272352048,9.877765775222215e-05,nan,nan,0.00810787288878532
5.6519999999996,0.36394658820809606,31.347162481033312,0.016605429470175834,0.12857143256469494,9.828860450083192e-05,nan,nan,0.008091917438000057
5.6619999999995985,0.3639519048013301,31.348723327859922,0.01656575469227923,0.12855609570265705,9.780193195593181e-05,nan,nan,0.00807600257470537
5.671999999999597,0.3639572171448757,31.350283184929545,0.016526176146066895,0.12854081196625905,9.731763009504842e-05,nan,nan,0.008060128188267592
5.681999999999596,0.36396252520846956,31.351842041409018,0.01648669361746261,0.1285255811848973,9.683568864933094e-05,nan,nan,0.008044294168338514
5.691999999999595,0.3639678289621585,31.35339988656063,0.016447306892726832,0.12851040318832777,9.63560977280017e-05,nan,nan,0.008028500404846485
5.701999999999594,0.3639731283762953,31.354956709740957,0.016408015758459366,0.1284952778067241,9.587884736148035e-05,nan,nan,0.008012746788005707
5.711999999999593,0.36397842342153747,31.35651250040078,0.01636882000160856,0.12848020487076747,9.540392743757693e-05,nan,nan,0.007997033208300712
5.721999999999592,0.3639837140688449,31.358067248083984,0.01632971940946146,0.12846518421156358,9.493132803299401e-05,nan,nan,0.007981359556500917
5.731999999999591,0.36398900028947734,31.359620942427632,0.016290713769651043,0.1284502156606741,9.446103919402539e-05,nan,nan,0.007965725723650032
5.74199999999959,0.3639942820549914,31.3611735731608,0.016251802870157137,0.12843529905012552,9.399305097635841e-05,nan,nan,0.007950131601070663
5.7519999999995886,0.3639995593372409,31.362725130104472,0.016212986499303146,0.12842043421237184,9.352735354183291e-05,nan,nan,0.007934577080362394
5.7619999999995875,0.36400483210837137,31.364275603170775,0.016174264445755523,0.1284056209803692,9.306393693553224e-05,nan,nan,0.00791906205340042
5.771999999999586,0.3640101003408211,31.36582498236258,0.01613563649853341,0.1283908591875267,9.260279133065857e-05,nan,nan,0.007903586412339103
5.781999999999585,0.36401536400731727,31.36737325777256,0.016097102446995856,0.12837614866767424,9.214390698122297e-05,nan,nan,0.00788815004960741
5.791999999999584,0.36402062308087524,31.368920419583308,0.01605866208084865,0.12836148925509747,9.168727411323801e-05,nan,nan,0.007872752857910316
5.801999999999583,0.3640258775347937,31.37046645806613,0.016020315190146094,0.12834688078462742,9.123288281222986e-05,nan,nan,0.007857394730225504
5.811999999999582,0.3640311273426563,31.372011363580867,0.015982061565287045,0.1283323230914626,9.078072352027647e-05,nan,nan,0.00784207555980858
5.821999999999581,0.36403637247832843,31.373555126575557,0.01594390099701988,0.12831781601130815,9.033078645735139e-05,nan,nan,0.007826795240184247
5.83199999999958,0.36404161291595466,31.37509773758513,0.01590583327643379,0.12830335938026632,8.988306206980494e-05,nan,nan,0.00781155366515991
5.841999999999579,0.36404684862995734,31.37663918723192,0.01586785819496862,0.12828895303496485,8.943754059678053e-05,nan,nan,0.00779635072880876
5.8519999999995775,0.36405207959503355,31.378179466224147,0.0158299755444083,0.128274596812424,8.899421254939114e-05,nan,nan,0.007781186325475864
5.861999999999576,0.36405730578615514,31.37971856535617,0.01579218511688417,0.12826029055016014,8.855306828354817e-05,nan,nan,0.0077660603497859
5.871999999999575,0.36406252717856585,31.38125647550739,0.015754486704875,0.12824603408614366,8.811409825517613e-05,nan,nan,0.007750972696628067
5.881999999999574,0.36406774374777867,31.382793187641983,0.0157168801012066,0.1282318272588038,8.767729294305635e-05,nan,nan,0.0077359232611650475
5.891999999999573,0.3640729554695762,31.38432869280869,0.01567936509904437,0.12821766990688951,8.724264310223932e-05,nan,nan,0.007720911938836389
5.901999999999572,0.36407816232000606,31.385862982139606,0.01564194149190532,0.12820356186978785,8.681013894445049e-05,nan,nan,0.007705938625343414
5.911999999999571,0.36408336427538124,31.387396046850146,0.01560460907365312,0.1281895029871992,8.637977129582259e-05,nan,nan,0.00769100321666131
5.92199999999957,0.364088561312277,31.388927878238505,0.015567367638494844,0.128175493099334,8.595153065495198e-05,nan,nan,0.0076761056090339464
5.931999999999569,0.36409375340752936,31.39045846768502,0.015530216980987206,0.1281615320468503,8.552540766158098e-05,nan,nan,0.007661245698976992
5.941999999999568,0.3640989405382335,31.391987806651624,0.015493156896031915,0.12814761967079938,8.510139307992657e-05,nan,nan,0.007646423383275467
5.9519999999995665,0.36410412268174225,31.393515886681605,0.015456187178871424,0.1281337558126665,8.467947762975891e-05,nan,nan,0.00763163855897209
5.961999999999565,0.36410929981566403,31.395042699398733,0.015419307625102631,0.1281199403144698,8.425965188448835e-05,nan,nan,0.007616891123391618
5.971999999999564,0.3641144719178607,31.39656823650722,0.015382518030660243,0.12810617301854013,8.38419068313269e-05,nan,nan,0.007602180974114703
5.981999999999563,0.36411963896644545,31.398092489790688,0.015345818191833348,0.12809245376778522,8.342623302453642e-05,nan,nan,0.007587508008997744
5.991999999999562,0.36412480093978383,31.39961545111208,0.015309207905250082,0.12807878240540294,8.301262154770779e-05,nan,nan,0.007572872126154838
6.001999999999561,0.36412995781648727,31.40113711241323,0.015272686967884749,0.12806515877515046,8.260106303902489e-05,nan,nan,0.007558273223975833
6.01199999999956,0.3641351095754164,31.40265746571374,0.015236255177059886,0.12805158272111797,8.219154855961777e-05,nan,nan,0.007543711201102167
6.021999999999559,0.36414025619567464,31.404176503111223,0.01519991233044025,0.12803805408788727,8.17840689253935e-05,nan,nan,0.00752918595645269
6.031999999999558,0.3641453976566118,31.405694216780688,0.015163658226039226,0.12802457272043585,8.137861514212633e-05,nan,nan,0.007514697389204485
6.041999999999557,0.3641505339378154,31.40721059897355,0.015127492662212019,0.12801113846420423,8.097517812814466e-05,nan,nan,0.007500245398801366
6.0519999999995555,0.36415566501911684,31.408725642017775,0.015091415437663102,0.12799775116505027,8.057374890820465e-05,nan,nan,0.0074858298849442935
6.061999999999554,0.3641607908805829,31.410239338316927,0.015055426351441432,0.12798441066921534,8.017431858932403e-05,nan,nan,0.007471450747607649
6.071999999999553,0.364165911502519,31.4117516803501,0.015019525202936618,0.12797111682343287,7.97768781266298e-05,nan,nan,0.007457107887014759
6.081999999999552,0.3641710268654641,31.413262660671254,0.014983711791887722,0.1279578694748117,7.938141869229698e-05,nan,nan,0.007442801203665493
6.091999999999551,0.364176136950191,31.414772271908475,0.01494798591837838,0.1279446684708973,7.89879313893938e-05,nan,nan,0.00742853059831404
6.10199999999955,0.3641812417377053,31.41628050676416,0.014912347382836241,0.12793151365965752,7.859640736824233e-05,nan,nan,0.007414295971969881
6.111999999999549,0.36418634120924104,31.41778735801395,0.014876795986031602,0.1279184048894437,7.820683787002974e-05,nan,nan,0.007400097225910486
6.121999999999548,0.3641914353462615,31.41929281850637,0.014841331529081452,0.12790534200911033,7.78192139634048e-05,nan,nan,0.0073859342616750135
6.131999999999547,0.3641965241304565,31.42079688116274,0.014805953813449383,0.1278923248678448,7.743352703215255e-05,nan,nan,0.0073718069810561095
6.141999999999546,0.36420160754374176,31.422299538976343,0.014770662640941413,0.1278793533153418,7.704976819202608e-05,nan,nan,0.007357715286104221
6.1519999999995445,0.36420668556825697,31.423800785012176,0.014735457813703471,0.12786642720151076,7.666792906951135e-05,nan,nan,0.007343659079139832
6.161999999999543,0.3642117581863623,31.425300612406208,0.014700339134227598,0.12785354637690632,7.62880006082205e-05,nan,nan,0.0073296382627265795
6.171999999999542,0.36421682538063954,31.426799014365425,0.014665306405353629,0.12784071069234293,7.590997441492727e-05,nan,nan,0.007315652739695428
6.181999999999541,0.3642218871338877,31.42829598416693,0.014630359430270917,0.12782791999919205,7.553384163106448e-05,nan,nan,0.007301702413132583
6.19199999999954,0.36422694342912687,31.429791515157692,0.014595498012502827,0.12781517414911175,7.515959386871781e-05,nan,nan,0.007287787186378716
6.201999999999539,0.3642319942495891,31.431285600754055,0.014560721955915498,0.12780247299410008,7.478722268506502e-05,nan,nan,0.007273906963031458
6.211999999999538,0.3642370395787231,31.43277823444133,0.014526031064725855,0.1277898163867851,7.441671917720393e-05,nan,nan,0.007260061646946429
6.221999999999537,0.3642420794001891,31.434269409773417,0.014491425143493098,0.12777720418001706,7.404807514355547e-05,nan,nan,0.007246251142228926
6.231999999999536,0.3642471136978596,31.435759120372293,0.014456903997112231,0.12776463622706064,7.368128209696432e-05,nan,nan,0.007232475353247242
6.241999999999535,0.3642521424558157,31.437247359927422,0.01442246743083173,0.12775211238170156,7.331633139049104e-05,nan,nan,0.007218734184616849
6.2519999999995335,0.36425716565834804,31.438734122195573,0.014388115250243355,0.12773963249805245,7.29532147325877e-05,nan,nan,0.007205027541206372
6.261999999999532,0.36426218328995275,31.44021940100046,0.014353847261272154,0.127727196430598,7.259192377730396e-05,nan,nan,0.007191355328143117
6.271999999999531,0.3642671953353316,31.441703190231895,0.014319663270193853,0.12771480403422134,7.22324501631327e-05,nan,nan,0.007177717450801575
6.28199999999953,0.3642722017793914,31.44318548384589,0.014285563083620768,0.12770245516424034,7.187478549348187e-05,nan,nan,0.007164113814813464
6.291999999999529,0.3642772026072398,31.444666275863675,0.014251546508515572,0.12769014967639522,7.151892142294637e-05,nan,nan,0.007150544326060533
6.301999999999528,0.3642821978041855,31.446145560371907,0.01421761335218337,0.12767788742676503,7.116484976106087e-05,nan,nan,0.0071370088906741545
6.311999999999527,0.36428718735573673,31.44762333152165,0.014183763422264219,0.1276656682718067,7.081256228324717e-05,nan,nan,0.0071235074150345695
6.321999999999526,0.36429217124759955,31.44909958352841,0.014149996526747642,0.12765349206845591,7.046205062855359e-05,nan,nan,0.007110039805774394
6.331999999999525,0.3642971494656775,31.450574310671378,0.014116312473961841,0.12764135867393206,7.011330677124985e-05,nan,nan,0.0070966059697824815
6.341999999999524,0.3643021219960676,31.45204750729339,0.014082711072581394,0.1276292679459456,6.976632238314112e-05,nan,nan,0.007083205814187639
6.3519999999995225,0.3643070888250624,31.453519167800028,0.014049192131615602,0.1276172197425072,6.942108946636133e-05,nan,nan,0.007069839246370216
6.361999999999521,0.364312049939145,31.454989286659764,0.014015755460425666,0.1276052139221241,6.907759972940526e-05,nan,nan,0.007056506173961771
6.37199999999952,0.36431700532499034,31.45645785840314,0.013982400868705107,0.127593250343545,6.873584532014994e-05,nan,nan,0.0070432065048306415
6.381999999999519,0.36432195496946296,31.457924877622634,0.013949128166493194,0.1275813288660092,6.839581801279029e-05,nan,nan,0.007029940147115798
6.391999999999518,0.36432689885961494,31.45939033897192,0.01391593716417398,0.12756944934913894,6.805750977297751e-05,nan,nan,0.007016707009174971
6.401999999999517,0.3643318369826855,31.460854237165854,0.013882827672468312,0.12755761165289708,6.772091266921366e-05,nan,nan,0.0070035069996325925
6.411999999999516,0.36433676932609943,31.46231656697986,0.013849799502439275,0.12754581563763678,6.738601870515924e-05,nan,nan,0.006990340027349516
6.421999999999515,0.3643416958774641,31.4637773232497,0.013816852465489684,0.12753406116406896,6.705281997053506e-05,nan,nan,0.006977206001433687
6.431999999999514,0.3643466166245712,31.46523650087075,0.013783986373364301,0.1275223480933027,6.672130850602102e-05,nan,nan,0.006964104831235979
6.441999999999513,0.3643515315553931,31.46669409479798,0.013751201038154857,0.1275106762869118,6.639147628608766e-05,nan,nan,0.006951036426362548
6.4519999999995115,0.3643564406580824,31.46815010004536,0.013718496272280549,0.12749904560668746,6.606331568673002e-05,nan,nan,0.006938000696644471
6.46199999999951,0.3643613439209703,31.469604511685514,0.013685871888514839,0.12748745591489144,6.573681871561379e-05,nan,nan,0.006924997552172536
6.471999999999509,0.3643662413325641,31.471057324849422,0.013653327699964836,0.12747590707416476,6.541197755535299e-05,nan,nan,0.006912026903273337
6.481999999999508,0.3643711328815485,31.472508534726007,0.013620863520078037,0.12746439894750167,6.508878444230586e-05,nan,nan,0.006899088660517157
6.491999999999507,0.36437601855678337,31.473958136561503,0.013588479162638209,0.12745293139824201,6.476723165931194e-05,nan,nan,0.006886182734711136
6.501999999999506,0.3643808983472998,31.47540612565944,0.01355617444178182,0.12744150429017365,6.444731134914197e-05,nan,nan,0.006873309036912656
6.511999999999505,0.36438577224230234,31.47685249738007,0.013523949171976971,0.12743011748737823,6.412901592081304e-05,nan,nan,0.0068604674784160935
6.521999999999504,0.3643906402311672,31.47829724714007,0.013491803168024865,0.12741877085430425,6.381233769364353e-05,nan,nan,0.006847657970751404
6.531999999999503,0.36439550230343853,31.47974037041228,0.013459736245076695,0.12740746425582364,6.349726892734986e-05,nan,nan,0.006834880425695987
6.5419999999995015,0.36440035844883045,31.481181862724824,0.013427748218616403,0.1273961975571242,6.318380206818286e-05,nan,nan,0.006822134755260989
6.5519999999995004,0.36440520865722154,31.48262171966133,0.013395838904472969,0.1273849706238024,6.287192944736644e-05,nan,nan,0.0068094208717031195
6.561999999999499,0.36441005291865936,31.484059936860557,0.013364008118809678,0.12737378332180374,6.256164351275965e-05,nan,nan,0.0067967386875088034
6.571999999999498,0.36441489122335347,31.485496510015484,0.01333225567813104,0.12736263551740512,6.225293675909441e-05,nan,nan,0.006784088115408679
6.581999999999497,0.36441972356167773,31.486931434873327,0.013300581399280895,0.12735152707729624,6.194580158761966e-05,nan,nan,0.00677146906836796
6.591999999999496,0.36442454992416806,31.48836470723535,0.013268985099438047,0.1273404578684902,6.164023055316156e-05,nan,nan,0.006758881459587907
6.601999999999495,0.3644293703015218,31.489796322956188,0.013237466596119803,0.12732942775834494,6.13362162103951e-05,nan,nan,0.006746325202511163
6.611999999999494,0.3644341846845935,31.491226277943433,0.01320602570718641,0.12731843661463665,6.1033751021161835e-05,nan,nan,0.006733800210809842
6.621999999999493,0.3644389930643993,31.492654568157633,0.013174662250834137,0.12730748430547625,6.073282760260836e-05,nan,nan,0.006721306398395769
6.631999999999492,0.36444379543211064,31.494081189611745,0.01314337604559589,0.12729657069930259,6.043343860131409e-05,nan,nan,0.0067088436794119684
6.6419999999994905,0.3644485917790558,31.495506138370626,0.013112166910339907,0.12728569566488573,6.013557668578869e-05,nan,nan,0.0066964119682408315
6.651999999999489,0.36445338209671674,31.49692941055114,0.013081034664278358,0.12727485907147656,5.98392343299699e-05,nan,nan,0.00668401117949648
6.661999999999488,0.36445816637673,31.49835100232127,0.01304997912695794,0.12726406078859934,5.954440433359945e-05,nan,nan,0.006671641228024198
6.671999999999487,0.36446294461088463,31.49977090990002,0.013019000118259696,0.12725330068604862,5.925107952679513e-05,nan,nan,0.006659302028906065
6.681999999999486,0.36446771679112067,31.501189129557172,0.012988097458402594,0.12724257863409846,5.8959252458462687e-05,nan,nan,0.006646993497453569
6.691999999999485,0.3644724829095284,31.502605657612943,0.012957270967944717,0.1272318945032945,5.866891600497196e-05,nan,nan,0.006634715549210908
6.701999999999484,0.3644772429583469,31.50402049043736,0.01292652046778324,0.1272212481646221,5.838006282276458e-05,nan,nan,0.00662246809994984
6.711999999999483,0.3644819969299631,31.505433624450195,0.012895845779144401,0.12721063948930228,5.8092685887851674e-05,nan,nan,0.006610251065684327
6.721999999999482,0.36448674481691107,31.506845056120518,0.012865246723597915,0.1272000683490079,5.780677788697438e-05,nan,nan,0.006598064362646492
6.731999999999481,0.3644914866118703,31.50825478196645,0.012834723123043058,0.12718953461563173,5.752233186537689e-05,nan,nan,0.006585907907306507
6.7419999999994795,0.36449622230766454,31.509662798554707,0.012804274799718053,0.12717903816153892,5.7239340533943185e-05,nan,nan,0.00657378161636146
6.751999999999478,0.3645009518972613,31.511069102500443,0.01277390157619762,0.1271685788593588,5.695779691848446e-05,nan,nan,0.006561685406732007
6.761999999999477,0.3645056753737687,31.512473690466674,0.012743603275395707,0.12715815658216487,5.667769382020571e-05,nan,nan,0.006549619195575899
6.771999999999476,0.3645103927304383,31.513876559164352,0.01271337972055491,0.12714777120322218,5.639902441614448e-05,nan,nan,0.006537582900273858
6.781999999999475,0.3645151039606603,31.515277705351473,0.012683230735251263,0.12713742259619767,5.612178161439602e-05,nan,nan,0.0065255764384347156
6.791999999999474,0.3645198090579637,31.516677125833176,0.012653156143408586,0.12712711063522952,5.584595824721708e-05,nan,nan,0.006513599727896349
6.801999999999473,0.36452450801601666,31.51807481746129,0.012623155769269364,0.12711683519457717,5.5571547662645194e-05,nan,nan,0.00650165268672273
6.811999999999472,0.3645292008286221,31.519470777134234,0.012593229437419818,0.12710659614898925,5.529854271921174e-05,nan,nan,0.006489735233199271
6.821999999999471,0.36453388748972165,31.52086500179626,0.012563376972774362,0.12709639337342263,5.502693668796374e-05,nan,nan,0.00647784728583935
6.83199999999947,0.364538567993387,31.52225748843749,0.012533598200589866,0.12708622674337783,5.475672240080683e-05,nan,nan,0.006465988763387845
6.8419999999994685,0.36454324233382784,31.523648234093464,0.012503892946453484,0.12707609613446408,5.448789331725899e-05,nan,nan,0.0064541595848024245
6.851999999999467,0.36454791050538227,31.525037235844795,0.012474261036290036,0.1270660014228351,5.4220442314521096e-05,nan,nan,0.00644235966927459
6.861999999999466,0.3645525725025246,31.52642449081706,0.012444702296346977,0.12705594248475016,5.3954362901833616e-05,nan,nan,0.006430588936215218
6.871999999999465,0.36455722831985593,31.527809996180206,0.012415216553216979,0.12704591919704294,5.3689647965422936e-05,nan,nan,0.0064188473052588955
6.881999999999464,0.3645618779521076,31.52919374914846,0.012385803633816621,0.12703593143665212,5.342629106209858e-05,nan,nan,0.006407134696259911
6.891999999999463,0.3645665213941406,31.53057574698006,0.012356463365403294,0.1270259790810234,5.316428521910595e-05,nan,nan,0.006395451029298874
6.901999999999462,0.364571158640941,31.53195598697655,0.012327195575557962,0.12701606200780302,5.290362390731353e-05,nan,nan,0.0063837962246774535
6.911999999999461,0.36457578968762255,31.533334466483037,0.012298000092202213,0.1270061800950679,5.2644300308879916e-05,nan,nan,0.00637217020291511
6.92199999999946,0.3645804145294241,31.53471118288751,0.012268876743589284,0.12699633322117365,5.238630783598403e-05,nan,nan,0.006360572884748694
6.931999999999459,0.3645850331617087,31.536086133620614,0.012239825358302092,0.12698652126482743,5.212963982516415e-05,nan,nan,0.006349004191149942
6.9419999999994575,0.36458964557996265,31.537459316155513,0.012210845765256169,0.1269767441050272,5.1874289716953354e-05,nan,nan,0.006337464043297765
6.951999999999456,0.36459425177979526,31.53883072800745,0.012181937793696147,0.1269670016211197,5.162025090125737e-05,nan,nan,0.0063259523625917346
6.961999999999455,0.3645988517569358,31.54020036673326,0.012153101273202021,0.1269572936927847,5.136751681100132e-05,nan,nan,0.006314469070645833
6.971999999999454,0.36460344550723606,31.541568229931624,0.01212433603368705,0.12694762019995937,5.111608100114593e-05,nan,nan,0.006303014089305022
6.981999999999453,0.36460803302666517,31.54293431524224,0.01209564190538183,0.12693798102299617,5.086593684592456e-05,nan,nan,0.006291587340619266
6.991999999999452,0.36461261431131137,31.544298620345856,0.01206701871885779,0.1269283760424778,5.061707798115775e-05,nan,nan,0.006280188746863769
7.001999999999451,0.3646171893573794,31.545661142963773,0.01203846630502099,0.12691880513941858,5.0369497807928456e-05,nan,nan,0.006268818230523428
7.01199999999945,0.36462175816119163,31.54702188085779,0.012009984495109649,0.1269092681951213,5.0123189934415026e-05,nan,nan,0.006257475714307226
7.021999999999449,0.3646263207191867,31.548380831829494,0.011981573120677286,0.12689976509109244,4.987814810712373e-05,nan,nan,0.0062461611211287555
7.031999999999448,0.36463087702791536,31.549737993720687,0.01195323201362342,0.12689029570934554,4.9634365694831065e-05,nan,nan,0.006234874374130566
7.0419999999994465,0.3646354270840449,31.551093364412445,0.011924961006163519,0.12688085993201093,4.939183660159877e-05,nan,nan,0.006223615396658973
7.051999999999445,0.36463997088435235,31.552446941825032,0.011896759930849965,0.12687145764171556,4.915055425978883e-05,nan,nan,0.006212384112278297
7.061999999999444,0.3646445084257286,31.553798723917765,0.01186862862056769,0.12686208872131047,4.8910512482546564e-05,nan,nan,0.006201180444769774
7.071999999999443,0.36464903970517526,31.555148708688723,0.011840566908518608,0.12685275305390778,4.8671705052219734e-05,nan,nan,0.0061900043181185825
7.081999999999442,0.36465356471980376,31.556496894174312,0.011812574628244376,0.126843450523053,4.843412555758628e-05,nan,nan,0.006178855656534329
7.091999999999441,0.36465808346683315,31.557843278448974,0.011784651613610891,0.12683418101255,4.819776783475923e-05,nan,nan,0.0061677343844279255
7.10199999999944,0.36466259594359285,31.559187859625236,0.011756797698812455,0.12682494440652448,4.796262565825905e-05,nan,nan,0.006156640426433484
7.111999999999439,0.36466710214751785,31.56053063585307,0.011729012718376966,0.1268157405894467,4.77286928040372e-05,nan,nan,0.006145573707380613
7.121999999999438,0.3646716020761504,31.561871605319823,0.01170129650714863,0.12680656944595575,4.749596328740148e-05,nan,nan,0.006134534152326777
7.131999999999437,0.36467609572713716,31.5632107662498,0.011673648900307313,0.12679743086116413,4.7264430766343785e-05,nan,nan,0.006123521686528968
7.1419999999994355,0.3646805830982301,31.564548116904376,0.011646069733359287,0.12678832472047524,4.7034089150720325e-05,nan,nan,0.006112536235457561
7.151999999999434,0.364685064187286,31.565883655581086,0.011618558842132776,0.12677925090944736,4.680493254562033e-05,nan,nan,0.00610157772478981
7.161999999999433,0.3646895389922621,31.567217380614093,0.011591116062800657,0.12677020931423666,4.65769545215147e-05,nan,nan,0.006090646080416254
7.171999999999432,0.36469400751121855,31.568549290373213,0.01156374123182977,0.12676119982093614,4.635014950170397e-05,nan,nan,0.006079741228430425
7.181999999999431,0.3646984697423187,31.569879383264382,0.011536434186039866,0.12675222231621844,4.612451112862737e-05,nan,nan,0.006068863095137683
7.19199999999943,0.3647029256838226,31.571207657728714,0.011509194762566769,0.12674327668697782,4.5900033515670664e-05,nan,nan,0.006058011607044541
7.201999999999429,0.3647073753340919,31.57253411224279,0.011482022798878737,0.1267343628204471,4.5676710654000654e-05,nan,nan,0.006047186690876723
7.211999999999428,0.36471181869158614,31.573858745318084,0.011454918132762825,0.126725480604091,4.5454536686967635e-05,nan,nan,0.006036388273555223
7.221999999999427,0.3647162557548626,31.57518155550064,0.011427880602334227,0.12671662992572943,4.523350563342051e-05,nan,nan,0.006025616282207322
7.2319999999994256,0.36472068652257555,31.57650254137123,0.011400910046030641,0.12670781067350045,4.501361157925316e-05,nan,nan,0.006014870644171687
7.2419999999994245,0.36472511099347454,31.577821701544632,0.011374006302623007,0.12669902273583983,4.479484865520583e-05,nan,nan,0.00600415128698652
7.251999999999423,0.36472952916640633,31.579139034669808,0.011347169211194387,0.1266902660013962,4.457721112374111e-05,nan,nan,0.005993458138403277
7.261999999999422,0.36473394104031104,31.58045453942943,0.011320398611153026,0.12668154035915177,4.4360693122315255e-05,nan,nan,0.005982791126363126
7.271999999999421,0.36473834661422044,31.581768214539267,0.011293694342242443,0.1266728456985398,4.414528866485463e-05,nan,nan,0.005972150179022554
7.28199999999942,0.3647427458872617,31.58308005874883,0.011267056244529826,0.12666418190915818,4.393099214291214e-05,nan,nan,0.005961535224733084
7.291999999999419,0.3647471388586538,31.5843900708404,0.011240484158385909,0.12665554888082517,4.371779789341756e-05,nan,nan,0.005950946192058808
7.301999999999418,0.3647515255277048,31.585698249629022,0.01121397792452263,0.12664694650379374,4.3505700027719776e-05,nan,nan,0.005940383009755164
7.311999999999417,0.3647559058938158,31.58700459396218,0.011187537383971102,0.12663837466858344,4.329469287746221e-05,nan,nan,0.005929845606780563
7.321999999999416,0.36476027995647536,31.58830910271971,0.01116116237808257,0.12662983326598054,4.308477079795867e-05,nan,nan,0.005919333912306572
7.3319999999994145,0.3647646477152621,31.58961177481346,0.011134852748533609,0.12662132218708258,4.2875928113509276e-05,nan,nan,0.0059088478556922515
7.341999999999413,0.3647690091698416,31.590912609187164,0.011108608337324041,0.12661284132331496,4.266815915252899e-05,nan,nan,0.0058983873664990765
7.351999999999412,0.36477336431996715,31.592211604815915,0.011082428986769999,0.12660439056631573,4.2461458406387955e-05,nan,nan,0.005887952374487833
7.361999999999411,0.36477771316548,31.593508760706296,0.011056314539516105,0.12659596980812085,4.225582015919272e-05,nan,nan,0.005877542809625322
7.37199999999941,0.3647820557063042,31.594804075895937,0.011030264838521875,0.12658757894098596,4.20512389442909e-05,nan,nan,0.005867158602069439
7.381999999999409,0.3647863919424507,31.5960975494533,0.011004279727073709,0.1265792178574486,4.184770923059342e-05,nan,nan,0.005856799682181569
7.391999999999408,0.36479072187401457,31.597389180477478,0.010978359048774387,0.12657088645040543,4.164522542806238e-05,nan,nan,0.005846465980516267
7.401999999999407,0.36479504550117436,31.59867896809813,0.010952502647550702,0.1265625846130076,4.144378208693617e-05,nan,nan,0.005836157427828857
7.411999999999406,0.3647993628241912,31.599966911474798,0.010926710367642783,0.1265543122386157,4.124337383552588e-05,nan,nan,0.005825873955070385
7.421999999999405,0.36480367384340795,31.601253009797183,0.01090098205361408,0.12654606922102582,4.104399505895406e-05,nan,nan,0.005815615493381814
7.4319999999994035,0.36480797855924874,31.602537262284628,0.010875317550353179,0.12653785545422783,4.084564044814946e-05,nan,nan,0.005805381974112396
7.441999999999402,0.36481227697221824,31.603819668186084,0.010849716703062987,0.12652967083254515,4.064830455785613e-05,nan,nan,0.0057951733288012335
7.451999999999401,0.3648165690829011,31.60510022677974,0.01082417935726243,0.1265215152505348,4.04519820739529e-05,nan,nan,0.005784989489173985
7.4619999999994,0.3648208548919606,31.606378937372728,0.010798705358799798,0.12651338860311084,4.025666756638397e-05,nan,nan,0.005774830387166055
7.471999999999399,0.3648251344001395,31.60765579930112,0.010773294553830332,0.1265052907854277,4.006235576389431e-05,nan,nan,0.005764695954892067
7.481999999999398,0.3648294076082568,31.608930811929696,0.010747946788832742,0.12649722169291203,3.9869041377665434e-05,nan,nan,0.005754586124669419
7.491999999999397,0.36483367451720944,31.610203974651462,0.010722661910601911,0.12648918122131927,3.9676719079038885e-05,nan,nan,0.005744500829010053
7.501999999999396,0.3648379351279697,31.611475286887686,0.010697439766254164,0.12648116926665337,3.9485383652666973e-05,nan,nan,0.005734440000603086
7.511999999999395,0.3648421894415862,31.61274474808767,0.010672280203216615,0.12647318572519997,3.929502986803884e-05,nan,nan,0.005724403572353402
7.521999999999394,0.36484643745918244,31.614012357728477,0.010647183069238458,0.12646523049358868,3.9105652446768676e-05,nan,nan,0.005714391477335784
7.5319999999993925,0.3648506791819544,31.6152781153147,0.010622148212390055,0.1264573034686793,3.891724626384549e-05,nan,nan,0.005704403648829429
7.541999999999391,0.3648549146111739,31.61654202037815,0.01059717548104727,0.12644940454763112,3.8729806132495116e-05,nan,nan,0.0056944400202997136
7.55199999999939,0.36485914374818373,31.617804072478016,0.01057226472390853,0.1264415336278392,3.854332696609212e-05,nan,nan,0.005684500525400271
7.561999999999389,0.36486336659440044,31.619064271200102,0.010547415789984832,0.1264336906069889,3.8357803639235466e-05,nan,nan,0.005674585097981036
7.571999999999388,0.36486758315131085,31.6203226161573,0.01052262852860855,0.12642587538314176,3.8173230945904126e-05,nan,nan,0.005664693672073424
7.581999999999387,0.36487179342047155,31.62157910698876,0.010497902789420184,0.12641808785453088,3.7989603938985646e-05,nan,nan,0.005654826181898423
7.591999999999386,0.3648759974035127,31.62283374335987,0.010473238422383917,0.1264103279197379,3.780691749301998e-05,nan,nan,0.005644982561872069
7.601999999999385,0.3648801951021302,31.624086524962436,0.01044863527776766,0.12640259547756552,3.762516664678633e-05,nan,nan,0.005635162746594054
7.611999999999384,0.36488438651808996,31.625337451513897,0.010424093206160811,0.12639489042712923,3.744434635787942e-05,nan,nan,0.005625366670845066
7.621999999999383,0.3648885716532279,31.62658652275741,0.010399612058468417,0.1263872126678174,3.726445165728635e-05,nan,nan,0.005615594269605642
7.6319999999993815,0.3648927505094443,31.62783373846191,0.010375191685903343,0.12637956209929582,3.708547758130134e-05,nan,nan,0.0056058454780357385
7.64199999999938,0.36489692308870875,31.62907909842126,0.010350831939994976,0.12637193862146617,3.6907419244993266e-05,nan,nan,0.0055961202314784575
7.651999999999379,0.3649010893930558,31.630322602454758,0.010326532672585195,0.12636434213457345,3.673027166335378e-05,nan,nan,0.005586418465465141
7.661999999999378,0.36490524942458646,31.63156425040627,0.01030229373583019,0.12635677253913855,3.655402994599395e-05,nan,nan,0.005576740115716069
7.671999999999377,0.3649094031854654,31.63280404214479,0.010278114982197568,0.12634922973588494,3.6378689308142e-05,nan,nan,0.0055670851181280736
7.681999999999376,0.364913550677923,31.63404197756349,0.010253996264466008,0.12634171362586918,3.62042448431121e-05,nan,nan,0.005557453408790173
7.691999999999375,0.3649176919042523,31.635278056579992,0.010229937435730177,0.12633422411039547,3.603069175754728e-05,nan,nan,0.00554784492397555
7.701999999999374,0.3649218268668112,31.636512279136053,0.010205938349385208,0.12632676109097318,3.585802532805474e-05,nan,nan,0.005538259600123279
7.711999999999373,0.36492595556801777,31.637744645197547,0.0101819988591522,0.12631932446960695,3.5686240541571406e-05,nan,nan,0.0055286973738827875
7.721999999999372,0.3649300780103536,31.638975154753776,0.010158118819052564,0.12631191414830836,3.5515332926989364e-05,nan,nan,0.005519158182066229
7.7319999999993705,0.36493419419636136,31.640203807817937,0.01013429808342348,0.1263045300295246,3.534529758142007e-05,nan,nan,0.005509641961670069
7.741999999999369,0.36493830412864203,31.64143060442635,0.010110536506912236,0.12629717201595853,3.517612981523715e-05,nan,nan,0.005500148649875093
7.751999999999368,0.3649424078098617,31.64265554463883,0.010086833944473345,0.12628984001048393,3.5007825045937594e-05,nan,nan,0.005490678184047987
7.761999999999367,0.36494650524274086,31.643878628537845,0.010063190251372168,0.12628253391637034,3.484037848089384e-05,nan,nan,0.005481230501727234
7.771999999999366,0.3649505964300617,31.645099856229088,0.010039605283184762,0.12627525363704917,3.467378558923523e-05,nan,nan,0.0054718055406327275
7.781999999999365,0.36495468137466425,31.646319227840483,0.010016078895793945,0.12626799907631864,3.4508041655929895e-05,nan,nan,0.005462403238672384
7.791999999999364,0.36495876007944567,31.64753674352282,0.009992610945389238,0.1262607701381682,3.434314216130052e-05,nan,nan,0.005453023533920817
7.801999999999363,0.364962832547361,31.64875240344899,0.009969201288476705,0.12625356672692403,3.417908246140282e-05,nan,nan,0.005443666364640097
7.811999999999362,0.3649668987814226,31.649966207813915,0.009945849781862665,0.12624638874710223,3.401585808619132e-05,nan,nan,0.0054343316692646105
7.821999999999361,0.36497095878469493,31.651178156834625,0.009922556282664531,0.12623923610354604,3.3853464446552434e-05,nan,nan,0.00542501938641363
7.8319999999993595,0.3649750125603035,31.65238825074981,0.009899320648307772,0.12623210870137833,3.36918970178635e-05,nan,nan,0.005415729454881775
7.841999999999358,0.3649790601114258,31.653596489819776,0.0098761427365168,0.1262250064458612,3.353115144462203e-05,nan,nan,0.0054064618136306156
7.851999999999357,0.36498310144129337,31.654802874326112,0.009853022405332852,0.12621792924271655,3.3371223070602046e-05,nan,nan,0.005397216401809791
7.861999999999356,0.3649871365531926,31.656007404571927,0.009829959513100239,0.12621087699775574,3.3212107627306244e-05,nan,nan,0.00538799315874135
7.871999999999355,0.3649911654504625,31.657210080881054,0.009806953918466024,0.12620384961719636,3.3053800555356087e-05,nan,nan,0.005378792023921631
7.881999999999354,0.36499518813649445,31.658410903598448,0.009784005480388712,0.12619684700743558,3.289629754375659e-05,nan,nan,0.00536961293702395
7.891999999999353,0.3649992046147329,31.659609873089693,0.009761114058126187,0.12618986907511995,3.2739594229646574e-05,nan,nan,0.005360455837893883
7.901999999999352,0.3650032148886741,31.66080698974088,0.009738279511243361,0.1261829157272036,3.258368621180923e-05,nan,nan,0.005351320666548821
7.911999999999351,0.36500721896186433,31.662002253958544,0.00971550169961485,0.12617598687096632,3.242856910221319e-05,nan,nan,0.005342207363190412
7.92199999999935,0.3650112168379018,31.663195666169536,0.009692780483409831,0.1261690824137861,3.2274238748571514e-05,nan,nan,0.005333115868183932
7.9319999999993485,0.3650152085204325,31.664387226820462,0.009670115723110832,0.12616220226344962,3.212069071665125e-05,nan,nan,0.0053240461220701064
7.941999999999347,0.3650191940131541,31.665576936378187,0.009647507279497926,0.12615534632790015,3.1967920846620324e-05,nan,nan,0.005314998065557708
7.951999999999346,0.36502317331981243,31.66676479532888,0.00962495501365841,0.12614851451549522,3.181592473956962e-05,nan,nan,0.005305971639537617
7.961999999999345,0.3650271464442023,31.667950804178616,0.009602458786977203,0.1261417067346433,3.166469837527112e-05,nan,nan,0.005296966785058818
7.971999999999344,0.3650311133901658,31.66913496345276,0.009580018461145869,0.12613492289417913,3.1514237392532786e-05,nan,nan,0.0052879834433490315
7.981999999999343,0.3650350741615929,31.670317273695677,0.009557633898159931,0.1261281629031338,3.1364537668349506e-05,nan,nan,0.005279021555816003
7.991999999999342,0.3650390287624211,31.671497735471146,0.009535304960311766,0.1261214266708116,3.1215595031269074e-05,nan,nan,0.005270081064025185
8.001999999999342,0.3650429771966317,31.672676349361804,0.00951303151020177,0.12611471410677502,3.1067405344704246e-05,nan,nan,0.005261161909707713
8.011999999999345,0.3650469194682561,31.673853115968726,0.009490813410724048,0.12610802512084035,3.091996449035347e-05,nan,nan,0.005252264034767776
8.021999999999348,0.36505085558136807,31.675028035911964,0.009468650525076623,0.12610135962305577,3.077326840436534e-05,nan,nan,0.005243387381291317
8.031999999999352,0.3650547855400878,31.676201109829826,0.00944654271675623,0.12609471752374915,3.062731298405258e-05,nan,nan,0.005234531891513607
8.041999999999355,0.3650587093485802,31.67737233837885,0.009424489849562808,0.12608809873352833,3.0482094158319807e-05,nan,nan,0.00522569750785313
8.051999999999358,0.36506262701105224,31.67854172223389,0.009402491787593916,0.12608150316323724,3.0337607909941544e-05,nan,nan,0.005216884172889266
8.061999999999362,0.36506653853175525,31.67970926208768,0.009380548395251025,0.12607493072403872,3.0193850171823587e-05,nan,nan,0.005208091829361854
8.071999999999365,0.36507044391498455,31.680874958650666,0.009358659537233454,0.12606838132725537,3.0050817041077717e-05,nan,nan,0.005199320420192277
8.081999999999368,0.3650743431650778,31.682038812651083,0.009336825078533822,0.12606185488447905,2.9908504536742337e-05,nan,nan,0.005190569888454822
8.091999999999372,0.3650782362864145,31.683200824834856,0.009315044884448075,0.12605535130768714,2.9766908584099995e-05,nan,nan,0.00518184017739136
8.101999999999375,0.3650821232834161,31.684360995964894,0.009293318820567829,0.126048870508927,2.9626025433858155e-05,nan,nan,0.005173131230419252
8.111999999999378,0.36508600416054543,31.685519326821634,0.009271646752778893,0.12604241240055047,2.948585112538252e-05,nan,nan,0.005164442991118259
8.121999999999382,0.3650898789223046,31.68667581820249,0.00925002854726899,0.12603597689525212,2.934638169188675e-05,nan,nan,0.0051557754032085686
8.131999999999385,0.3650937475732372,31.68783047092189,0.009228464070521884,0.12602956390592374,2.9207613318843822e-05,nan,nan,0.005147128410615011
8.141999999999388,0.3650976101179276,31.688983285810863,0.009206953189316677,0.12602317334569704,2.906954217265707e-05,nan,nan,0.005138501957389466
8.151999999999392,0.365101466560996,31.69013426371724,0.009185495770730042,0.12601680512797575,2.893216440848516e-05,nan,nan,0.00512989598777372
8.161999999999395,0.36510531690710557,31.69128340550529,0.00916409168213779,0.126010459166482,2.8795476163761535e-05,nan,nan,0.005121310446157081
8.171999999999398,0.3651091611609557,31.692430712055664,0.009142740791203578,0.12600413537506108,2.865947377397374e-05,nan,nan,0.005112745277087689
8.181999999999402,0.3651129993272846,31.69357618426521,0.009121442965893189,0.12599783366790354,2.852415338350754e-05,nan,nan,0.005104200425292201
8.191999999999405,0.3651168314108679,31.694719823046793,0.009100198074457964,0.1259915539593631,2.838951133433817e-05,nan,nan,0.005095675835651132
8.201999999999408,0.3651206574165173,31.695861629329315,0.00907900598545674,0.12598529616422646,2.8255543734952384e-05,nan,nan,0.005087171453196094
8.211999999999412,0.36512447734908443,31.697001604057313,0.009057866567731231,0.12597906019736593,2.812224702912964e-05,nan,nan,0.005078687223132349
8.221999999999415,0.36512829121345314,31.698139748191103,0.009036779690417225,0.12597284597388236,2.798961756157695e-05,nan,nan,0.005070223090815271
8.231999999999418,0.3651320990145465,31.699276062706435,0.009015745222951297,0.12596665340929597,2.785765150585482e-05,nan,nan,0.005061779001763096
8.241999999999422,0.36513590075732105,31.70041054859467,0.008994763035055772,0.12596048241922533,2.772634536421418e-05,nan,nan,0.005053354901670162
8.251999999999425,0.3651396964467685,31.701543206861974,0.008973832996747881,0.1259543329196314,2.7595695421076406e-05,nan,nan,0.005044950736358292
8.261999999999428,0.3651434860879166,31.702674038529977,0.008952954978338376,0.12594820482664845,2.7465698148304056e-05,nan,nan,0.0050365664518314595
8.271999999999432,0.36514726968582556,31.703803044635148,0.00893212885042634,0.12594209805673723,2.733634988731961e-05,nan,nan,0.005028201994244376
8.281999999999435,0.3651510472455921,31.70493022622881,0.00891135448390427,0.12593601252655237,2.720764712468742e-05,nan,nan,0.005019857309904553
8.291999999999438,0.36515481877234246,31.706055584377076,0.008890631749953606,0.12592994815298983,2.7079586322162872e-05,nan,nan,0.005011532345288573
8.301999999999442,0.36515858427123893,31.707179120160365,0.00886996052005072,0.12592390485328364,2.695216387422142e-05,nan,nan,0.005003227047020106
8.311999999999445,0.36516234374747497,31.708300834673903,0.008849340665960242,0.1259178825448529,2.6825376330768223e-05,nan,nan,0.004994941361876502
8.321999999999449,0.3651660972062783,31.709420729026913,0.008828772059732282,0.12591188114530338,2.6699220261102254e-05,nan,nan,0.004986675236807172
8.331999999999452,0.36516984465290564,31.71053880434299,0.008808254573705392,0.12590590057255407,2.6573692139323568e-05,nan,nan,0.004978428618897303
8.341999999999455,0.36517358609264566,31.71165506175968,0.00878778808051721,0.12589994074483213,2.6448788461227885e-05,nan,nan,0.004970201455390814
8.351999999999459,0.36517732153082033,31.712769502428618,0.008767372453087117,0.12589400158049935,2.6324505903164674e-05,nan,nan,0.004961993693709776
8.361999999999462,0.36518105097278014,31.71388212751511,0.008747007564625129,0.1258880829983006,2.6200840932862e-05,nan,nan,0.0049538052813916855
8.371999999999465,0.3651847744239062,31.714992938198034,0.008726693288635306,0.12588218491708716,2.6077790283225726e-05,nan,nan,0.004945636166158253
8.381999999999469,0.3651884918896113,31.716101935670075,0.008706429498878789,0.12587630725591514,2.5955350619908217e-05,nan,nan,0.004937486295874451
8.391999999999472,0.3651922033753361,31.71720912113715,0.008686216069436578,0.12587044993426208,2.5833518435889167e-05,nan,nan,0.004929355618557844
8.401999999999475,0.3651959088865493,31.71831449581862,0.008666052874665552,0.12586461287179188,2.5712290453886122e-05,nan,nan,0.004921244082378065
8.411999999999479,0.365199608428751,31.71941806094676,0.00864593978921264,0.12585879598835498,2.5591663408180003e-05,nan,nan,0.004913151635656726
8.421999999999482,0.3652033020074663,31.7205198177673,0.00862587668800703,0.1258529992041446,2.5471633919219106e-05,nan,nan,0.004905078226868757
8.431999999999485,0.36520698962825243,31.721619767538538,0.008605863446265273,0.12584722243951207,2.5352198786950924e-05,nan,nan,0.004897023804644034
8.441999999999489,0.3652106712966918,31.722717911531742,0.008585899939481337,0.12584146561506238,2.523335474300536e-05,nan,nan,0.004888988317756536
8.451999999999492,0.36521434701839495,31.723814251031033,0.00856598604344469,0.1258357286516875,2.5115098514493193e-05,nan,nan,0.004880971715127428
8.461999999999495,0.3652180167989992,31.724908787332893,0.008546121634222175,0.12583001147051087,2.499742689126494e-05,nan,nan,0.004872973945845992
8.471999999999499,0.365221680644168,31.72600152174632,0.008526306588164844,0.12582431399285351,2.488033670937972e-05,nan,nan,0.004864994959121493
8.481999999999502,0.3652253385595921,31.727092455592633,0.008506540781910453,0.12581863614038175,2.4763824698268135e-05,nan,nan,0.004857034704347693
8.491999999999505,0.36522899055098784,31.728181590205335,0.00848682409237806,0.12581297783483789,2.4647887838116732e-05,nan,nan,0.004849093131054745
8.501999999999509,0.3652326366240969,31.729268926930338,0.008467156396769914,0.1258073389984023,2.4532522814025608e-05,nan,nan,0.004841170188891426
8.511999999999512,0.36523627678468595,31.730354467125235,0.008447537572569653,0.12580171955337963,2.4417726594447542e-05,nan,nan,0.004833265827698446
8.521999999999515,0.3652399110385476,31.731438212159457,0.008427967497540309,0.12579611942229985,2.430349608893045e-05,nan,nan,0.004825379997435188
8.531999999999519,0.365243539391497,31.732520163414616,0.008408446049734446,0.1257905385280628,2.4189828095716813e-05,nan,nan,0.00481751264822298
8.541999999999522,0.36524716184937683,31.73360032228348,0.008388973107479861,0.12578497679364306,2.40767196788025e-05,nan,nan,0.004809663730329875
8.551999999999525,0.3652507784180501,31.73467869017066,0.008369548549380126,0.12577943414239653,2.396416766665397e-05,nan,nan,0.0048018331941549084
8.561999999999529,0.3652543891034055,31.735755268492206,0.00835017225432795,0.12577391049784245,2.385216908603835e-05,nan,nan,0.004794020990262415
8.571999999999532,0.3652579939113553,31.736830058675263,0.008330844101496822,0.1257684057838125,2.374072085481282e-05,nan,nan,0.004786227069343397
8.581999999999535,0.3652615928478328,31.737903062158534,0.008311563970324292,0.12576291992412097,2.362982018660603e-05,nan,nan,0.004778451382254553
8.591999999999539,0.365265185918796,31.738974280391428,0.008292331740558179,0.12575745284335044,2.3519463658201297e-05,nan,nan,0.00477069387998339
8.601999999999542,0.3652687731302244,31.740043714834897,0.008273147292183394,0.1257520044657694,2.3409648758494214e-05,nan,nan,0.004762954513672402
8.611999999999545,0.36527235448811923,31.74111136696006,0.00825401050548933,0.12574657471619588,2.330037228531917e-05,nan,nan,0.004755233234592156
8.621999999999549,0.3652759299985028,31.74217723824934,0.008234921261038084,0.1257411635195883,2.3191631383269e-05,nan,nan,0.004747529994169633
8.631999999999552,0.36527949966741907,31.743241330195914,0.008215879439675286,0.12573577080123757,2.308342306667248e-05,nan,nan,0.004739844743972379
8.641999999999555,0.36528306350093537,31.744303644302978,0.008196884922517187,0.12573039648657444,2.2975744513227472e-05,nan,nan,0.004732177435698954
8.651999999999559,0.365286621505136,31.745364182084796,0.008177937590949503,0.12572504050126343,2.286859284956255e-05,nan,nan,0.004724528021217638
8.661999999999562,0.3652901736861288,31.74642294506568,0.008159037326650832,0.12571970277129507,2.2761965138856744e-05,nan,nan,0.004716896452516878
8.671999999999565,0.3652937200500397,31.74747993478013,0.008140184011564114,0.12571438322285328,2.2655858574149465e-05,nan,nan,0.004709282681732717
8.681999999999569,0.36529726060301654,31.74853515277302,0.008121377527902436,0.12570908178229706,2.255027037388742e-05,nan,nan,0.0047016866611323
8.691999999999572,0.3653007953512251,31.7495886005992,0.008102617758166194,0.12570379837631487,2.244519765481111e-05,nan,nan,0.004694108343148762
8.701999999999575,0.3653043243008506,31.750640279823365,0.008083904585122315,0.12569853293181815,2.234063763143861e-05,nan,nan,0.004686547680326507
8.711999999999579,0.3653078474580978,31.75169019202027,0.008065237891816113,0.12569328537589577,2.2236587570321748e-05,nan,nan,0.004679004625370533
8.721999999999582,0.3653113648291888,31.75273833877436,0.008046617561564317,0.12568805563596785,2.2133044639146115e-05,nan,nan,0.004671479131113449
8.731999999999585,0.36531487642036603,31.7537847216795,0.00802804347796063,0.12568284363963558,2.2030006135880355e-05,nan,nan,0.004663971150543946
8.741999999999589,0.3653183822378884,31.75482934233938,0.008009515524867837,0.1256776493147208,2.1927469339790314e-05,nan,nan,0.0046564806367629386
8.751999999999592,0.3653218822880346,31.755872202367062,0.007991033586421595,0.12567247258932843,2.1825431508341603e-05,nan,nan,0.004649007543034656
8.761999999999595,0.3653253765770992,31.75691330338507,0.007972597547021756,0.12566731339165968,2.172389004902273e-05,nan,nan,0.004641551822741977
8.771999999999599,0.3653288651113951,31.75795264702495,0.007954207291356373,0.12566217165047391,2.162284203083847e-05,nan,nan,0.004634113429431323
8.781999999999602,0.3653323478972502,31.75899023492758,0.007935862704375024,0.12565704729441407,2.152228507336371e-05,nan,nan,0.004626692316755689
8.791999999999605,0.3653358249410112,31.760026068743013,0.00791756367129982,0.1256519402525565,2.1422216366190758e-05,nan,nan,0.004619288438520497
8.801999999999609,0.3653392962490419,31.761060150129918,0.007899310077615525,0.12564685045413024,2.132263334532665e-05,nan,nan,0.004611901748665519
8.811999999999612,0.36534276182771996,31.762092480756372,0.00788110180908349,0.1256417778286345,2.1223533367777082e-05,nan,nan,0.004604532201279547
8.821999999999615,0.3653462216834406,31.76312306229871,0.007862938751743105,0.12563672230583744,2.1124913807611448e-05,nan,nan,0.004597179750568474
8.831999999999619,0.36534967582261363,31.764151896442375,0.007844820791886236,0.12563168381568796,2.10267721269534e-05,nan,nan,0.004589844350872586
8.841999999999622,0.36535312425166566,31.765178984881207,0.007826747816078153,0.12562666228830455,2.0929105801526857e-05,nan,nan,0.004582525956687094
8.851999999999626,0.36535656697703756,31.766204329317524,0.0078087197111616005,0.12562165765420957,2.0831912157330616e-05,nan,nan,0.004575224522620347
8.861999999999629,0.3653600040051848,31.767227931462262,0.0077907363642385295,0.12561666984407985,2.0735188709534578e-05,nan,nan,0.004567940003432263
8.871999999999632,0.36536343534257887,31.76824979303459,0.007772797662679608,0.12561169878874903,2.063893300379323e-05,nan,nan,0.004560672354003348
8.881999999999636,0.3653668609957045,31.769269915761882,0.007754903494120061,0.12560674441937003,2.0543142467092376e-05,nan,nan,0.004553421529346015
8.891999999999639,0.36537028097106095,31.770288301379708,0.007737053746471484,0.12560180666741153,2.044781454574178e-05,nan,nan,0.004546187484629271
8.901999999999642,0.3653736952751605,31.77130495163164,0.007719248307897165,0.1255968854643005,2.0352946975444147e-05,nan,nan,0.004538970175123128
8.911999999999646,0.3653771039145315,31.772319868269374,0.007701487066837489,0.12559198074203767,2.0258537038277e-05,nan,nan,0.0045317695562604775
8.921999999999649,0.3653805068957128,31.773333053052315,0.007683769911990594,0.1255870924326115,2.0164582474479926e-05,nan,nan,0.004524585583572117
8.931999999999652,0.36538390422525885,31.774344507747838,0.007666096732322176,0.12558222046825154,2.0071080852273473e-05,nan,nan,0.00451741821275077
8.941999999999656,0.36538729590973584,31.775354234131,0.007648467417060566,0.12557736478157955,1.9978029630898827e-05,nan,nan,0.004510267399609008
8.951999999999659,0.36539068195572233,31.77636223398437,0.007630881855698751,0.12557252530533838,1.9885426498344732e-05,nan,nan,0.0045031331000747665
8.961999999999662,0.36539406236981053,31.77736850909822,0.007613339937999728,0.12556770197250888,1.979326906810017e-05,nan,nan,0.004496015270238203
8.971999999999666,0.3653974371586045,31.7783730612703,0.007595841553974198,0.12556289471630433,1.9701554965446614e-05,nan,nan,0.004488913866299999
8.981999999999669,0.36540080632871896,31.779375892305513,0.007578386593911209,0.1255581034702217,1.9610281798989278e-05,nan,nan,0.004481828844590463
8.991999999999672,0.3654041698867828,31.780377004016312,0.007560974948354133,0.1255533281678961,1.95194472961041e-05,nan,nan,0.00447476016156949
9.001999999999676,0.3654075278394345,31.781376398222324,0.007543606508109062,0.1255485687433225,1.9429049038647864e-05,nan,nan,0.004467707773828206
9.011999999999679,0.3654108801933259,31.782374076750198,0.007526281164244023,0.12554382513057494,1.933908482609092e-05,nan,nan,0.004460671638086907
9.021999999999682,0.3654142269551179,31.78337004143364,0.007508998808084345,0.12553909726403154,1.924955230601579e-05,nan,nan,0.00445365171119923
9.031999999999686,0.3654175681314832,31.78436429411353,0.007491759331217783,0.12553438507834508,1.9160449164418952e-05,nan,nan,0.004446647950127982
9.041999999999689,0.36542090372910563,31.7853568366375,0.007474562625496693,0.12552968850832116,1.907177318958441e-05,nan,nan,0.0044396603119937934
9.051999999999692,0.36542423375467903,31.786347670859904,0.007457408583026803,0.1255250074890597,1.898352208251478e-05,nan,nan,0.004432688754014612
9.061999999999696,0.3654275582149075,31.787336798641867,0.007440297096171357,0.12552034195581405,1.8895693654744288e-05,nan,nan,0.004425733233550506
9.071999999999699,0.3654308771165057,31.78832422185144,0.007423228057557098,0.1255156918441222,1.880828564106111e-05,nan,nan,0.004418793708085457
9.081999999999702,0.3654341904661975,31.789309942362824,0.007406201360064824,0.12551105708972007,1.8721295853658977e-05,nan,nan,0.004411870135225801
9.091999999999706,0.3654374982707162,31.79029396205716,0.007389216896838218,0.12550643762861957,1.8634722061598096e-05,nan,nan,0.004404962472713168
9.101999999999709,0.36544080053680555,31.79127628282156,0.007372274561278625,0.1255018333970387,1.8548562089364212e-05,nan,nan,0.0043980706783948624
9.111999999999712,0.3654440972712189,31.79225690654993,0.007355374247031376,0.12549724433133935,1.846281383642148e-05,nan,nan,0.004391194710275603
9.121999999999716,0.36544738848071495,31.79323583514199,0.007338515848014711,0.1254926703682827,1.8377475014516386e-05,nan,nan,0.004384334526447758
9.131999999999719,0.3654506741720675,31.794213070504085,0.007321699258392523,0.1254881114447026,1.829254359590756e-05,nan,nan,0.00437749008515284
9.141999999999722,0.3654539543520543,31.79518861454848,0.007304924372580986,0.1254835674976987,1.8208017421307343e-05,nan,nan,0.00437066134474386
9.151999999999726,0.365457229027462,31.796162469193476,0.007288191085265908,0.1254790384646372,1.812389434582963e-05,nan,nan,0.0043638482637013845
9.161999999999729,0.36546049820508686,31.79713463636336,0.007271499291380348,0.12547452428318928,1.8040172213356334e-05,nan,nan,0.004357050800635524
9.171999999999732,0.36546376189173313,31.798105117988378,0.00725484888610509,0.12547002489097772,1.7956849121853368e-05,nan,nan,0.004350268914272309
9.181999999999736,0.36546702009421234,31.799073916004577,0.007238239764879062,0.12546554022616394,1.78739227817485e-05,nan,nan,0.004343502563454413
9.191999999999739,0.3654702728193434,31.800041032353718,0.007221671823397331,0.12546107022696357,1.779139124318785e-05,nan,nan,0.004336751707156944
9.201999999999742,0.36547352007395467,31.801006468983243,0.007205144957602638,0.12545661483179424,1.7709252475189937e-05,nan,nan,0.004330016304467083
9.211999999999746,0.36547676186487865,31.80197022784625,0.0071886590636901105,0.125452173979397,1.7627504370178617e-05,nan,nan,0.004323296314606876
9.221999999999749,0.3654799981989576,31.802932310901483,0.0071722140381176094,0.12544774760871888,1.7546144917212614e-05,nan,nan,0.004316591696908216
9.231999999999752,0.36548322908304026,31.8038927201129,0.007155809777572125,0.12544333565884971,1.7465172157441233e-05,nan,nan,0.00430990241082193
9.241999999999756,0.365486454523981,31.804851457450177,0.00713944617901081,0.1254389380691757,1.738458404695749e-05,nan,nan,0.004303228415928304
9.251999999999759,0.3654896745286412,31.805808524888008,0.0071231231396442045,0.12543455477941426,1.7304378520397913e-05,nan,nan,0.004296569671922579
9.261999999999762,0.3654928891038908,31.806763924406614,0.007106840556916823,0.12543018572923434,1.7224553791393066e-05,nan,nan,0.004289926138617831
9.271999999999766,0.36549609825660245,31.80771765799126,0.007090598328530047,0.1254258308587823,1.7145107722882968e-05,nan,nan,0.004283297775945839
9.281999999999769,0.365499301993658,31.808669727632388,0.0070743963524323725,0.12542149010825987,1.706603847929232e-05,nan,nan,0.004276684543961401
9.291999999999772,0.3655025003219434,31.809620135325424,0.00705823452682628,0.12541716341819256,1.6987344058360004e-05,nan,nan,0.004270086402834953
9.301999999999776,0.36550569324835025,31.810568883071063,0.007042112750158929,0.1254128507293121,1.6909022541727152e-05,nan,nan,0.004263503312856703
9.31199999999978,0.3655088807797779,31.81151597287469,0.007026030921125318,0.12540855198251055,1.683107205735981e-05,nan,nan,0.004256935234428618
9.321999999999782,0.3655120629231281,31.8124614067465,0.007009988938667591,0.1254042671190007,1.6753490641512086e-05,nan,nan,0.004250382128085033
9.331999999999786,0.36551523968531024,31.813405186701726,0.006993986701972915,0.1253999960801051,1.6676276477406156e-05,nan,nan,0.004243843954454898
9.34199999999979,0.3655184110732371,31.814347314760084,0.006978024110483284,0.12539573880752192,1.659942758304905e-05,nan,nan,0.004237320674310369
9.351999999999792,0.3655215770938276,31.815287792946137,0.0069621010638657175,0.1253914952429343,1.6522942254934175e-05,nan,nan,0.004230812248504227
9.361999999999796,0.36552473775400574,31.816226623288987,0.00694621746205959,0.12538726532851843,1.6446818453614525e-05,nan,nan,0.004224318638051299
9.3719999999998,0.3655278930606998,31.81716380782226,0.00693037320523686,0.12538304900644504,1.6371054487588123e-05,nan,nan,0.004217839804039763
9.381999999999802,0.3655310430208395,31.81809934858421,0.006914568193815048,0.12537884621939366,1.629564833958651e-05,nan,nan,0.0042113757076882785
9.391999999999806,0.3655341876413647,31.819033247617327,0.006898802328448646,0.1253746569097916,1.6220598493402075e-05,nan,nan,0.004204926310353961
9.40199999999981,0.36553732692921426,31.819965506968547,0.006883075510043868,0.12537048102076448,1.6145902835076325e-05,nan,nan,0.004198491573466139
9.411999999999813,0.3655404608913354,31.82089612868907,0.006867387639743111,0.12536631849535793,1.6071559761090045e-05,nan,nan,0.004192071458603602
9.421999999999816,0.3655435895346748,31.82182511483429,0.006851738618942648,0.1253621692770121,1.59975673699539e-05,nan,nan,0.004185665927434277
9.43199999999982,0.36554671286618545,31.822752467463992,0.006836128349273625,0.1253580333092728,1.5923923962254197e-05,nan,nan,0.004179274941754211
9.441999999999823,0.3655498308928234,31.823678188641757,0.006820556732609275,0.12535391053601042,1.5850627709661938e-05,nan,nan,0.004172898463468336
9.451999999999826,0.3655529436215481,31.824602280435457,0.006805023671066871,0.12534980090119197,1.57776769305116e-05,nan,nan,0.00416653645459775
9.46199999999983,0.36555605105932354,31.825524744916724,0.006789529066996413,0.12534570434897682,1.5705069908078112e-05,nan,nan,0.00416018887727145
9.471999999999833,0.36555915321311405,31.82644558416156,0.0067740728230036296,0.12534162082398426,1.563280475551041e-05,nan,nan,0.004153855693730534
9.481999999999836,0.36556225008988946,31.82736480024932,0.006758654841917373,0.12533755027080531,1.5560879906024558e-05,nan,nan,0.004147536866328262
9.49199999999984,0.36556534169662175,31.828282395263457,0.006743275026817347,0.12533349263432655,1.548929360746463e-05,nan,nan,0.004141232357540513
9.501999999999843,0.365568428040285,31.829198371291284,0.006727933281019411,0.12532944785974928,1.541804409448024e-05,nan,nan,0.0041349421299353315
9.511999999999846,0.36557150912785713,31.830112730423544,0.006712629508076589,0.12532541589231144,1.5347129794821284e-05,nan,nan,0.004128666146199594
9.52199999999985,0.3655745849663172,31.831025474754913,0.006697363611777931,0.12532139667755943,1.527654897142122e-05,nan,nan,0.004122404369144173
9.531999999999853,0.3655776555626476,31.831936606383362,0.006682135496150888,0.12531739016125976,1.5206299962499894e-05,nan,nan,0.004116156761657708
9.541999999999856,0.36558072092383215,31.832846127410576,0.0066669450654648355,0.12531339628944987,1.5136381066391763e-05,nan,nan,0.004109923286770881
9.55199999999986,0.3655837810568576,31.83375403994186,0.006651792224223194,0.12530941500824788,1.5066790731636701e-05,nan,nan,0.004103703907627425
9.561999999999863,0.3655868359687122,31.8346603460856,0.0066366768771621825,0.12530544626408716,1.4997527250436294e-05,nan,nan,0.0040974985874402
9.571999999999866,0.36558988566638545,31.83556504795379,0.006621598929261241,0.125301490003619,1.492858900218477e-05,nan,nan,0.004091307289556352
9.58199999999987,0.36559293015686956,31.83646814766169,0.006606558285727761,0.12529754617360328,1.4859974434971536e-05,nan,nan,0.004085129977451004
9.591999999999873,0.36559596944715694,31.837369647327876,0.006591554852007697,0.12529361472122097,1.479168181221285e-05,nan,nan,0.004078966614667796
9.601999999999876,0.36559900354424485,31.838269549073974,0.006576588533790953,0.1252896955936962,1.4723709648526526e-05,nan,nan,0.004072817164890125
9.61199999999988,0.3656020324551268,31.83916785502501,0.006561659236976548,0.12528578873841498,1.465605638347895e-05,nan,nan,0.004066681591885855
9.621999999999883,0.36560505618680195,31.84006456730881,0.006546766867715151,0.12528189410313204,1.458872035267079e-05,nan,nan,0.004060559859538582
9.631999999999886,0.365608074746268,31.840959688056465,0.006531911332380546,0.12527801163569147,1.4521700056695395e-05,nan,nan,0.004054451931850926
9.64199999999989,0.36561108814052523,31.84185321940202,0.0065170925375974175,0.12527414128432654,1.4454993838559259e-05,nan,nan,0.004048357772920449
9.651999999999893,0.36561409637657266,31.84274516348254,0.0065023103902070575,0.12527028299733242,1.4388600239465265e-05,nan,nan,0.004042277346950549
9.661999999999896,0.3656170994614123,31.8436355224379,0.0064875647972801875,0.1252664367231839,1.4322517739701261e-05,nan,nan,0.004036210618248024
9.6719999999999,0.36562009740204615,31.844524298410644,0.006472855666128713,0.12526260241067266,1.425674474708157e-05,nan,nan,0.004030157551225635
9.681999999999903,0.3656230902054758,31.845411493546496,0.0064581829042857225,0.12525878000874632,1.4191279778812832e-05,nan,nan,0.00402411811041923
9.691999999999906,0.36562607787870327,31.846297109993642,0.006443546419524857,0.12525496946659848,1.4126121299671687e-05,nan,nan,0.004018092260442705
9.70199999999991,0.3656290604287328,31.84718114990311,0.006428946119845673,0.12525117073367645,1.4061267787040653e-05,nan,nan,0.004012079966028198
9.711999999999913,0.3656320378625678,31.84806361542846,0.006414381913467685,0.1252473837594632,1.3996717851359159e-05,nan,nan,0.004006081192016732
9.721999999999916,0.36563501018721073,31.848944508725964,0.006399853708852527,0.12524360849381438,1.393246991387374e-05,nan,nan,0.00400009590334713
9.73199999999992,0.36563797740966547,31.84982383195434,0.006385361414681265,0.12523984488674375,1.386852252973224e-05,nan,nan,0.003994124065050201
9.741999999999923,0.36564093953693505,31.850701587274965,0.006370904939864717,0.12523609288848683,1.3804874229714205e-05,nan,nan,0.003988165642285177
9.751999999999926,0.36564389657602275,31.851577776851396,0.00635648419354408,0.1252323524494475,1.3741523581994417e-05,nan,nan,0.003982220600286814
9.76199999999993,0.36564684853393054,31.85245240284988,0.006342099085086753,0.12522862352027928,1.3678469109523213e-05,nan,nan,0.003976288904428942
9.771999999999933,0.36564979541766146,31.853325467438765,0.006327749524086378,0.1252249060518453,1.3615709380422595e-05,nan,nan,0.003970370520142838
9.781999999999936,0.3656527372342178,31.854196972789,0.006313435420355098,0.12522119999518425,1.3553242980254605e-05,nan,nan,0.003964465412994908
9.79199999999994,0.3656556739905995,31.85506692107367,0.006299156683939623,0.1252175053015438,1.3491068486443615e-05,nan,nan,0.003958573548652165
9.801999999999943,0.3656586056938077,31.855935314467974,0.006284913225110383,0.1252138219224191,1.3429184464476628e-05,nan,nan,0.003952694892849711
9.811999999999946,0.3656615323508423,31.856802155149495,0.006270704954358534,0.12521014980942402,1.3367589560559032e-05,nan,nan,0.00394682941146803
9.82199999999995,0.36566445396870195,31.857667445297725,0.006256531782407309,0.12520648891459724,1.3306282252333138e-05,nan,nan,0.003940977070454274
9.831999999999953,0.36566737055438353,31.858531187094318,0.006242393620196838,0.12520283918983358,1.3245261354451382e-05,nan,nan,0.003935137835884079
9.841999999999956,0.3656702821148851,31.859393382723123,0.006228290378893869,0.12519920058758732,1.3184525283849862e-05,nan,nan,0.003929311673903637
9.85199999999996,0.3656731886572019,31.860254034369724,0.00621422196988193,0.12519557306030368,1.3124072791848787e-05,nan,nan,0.003923498550784315
9.861999999999963,0.36567609018832736,31.86111314422198,0.006200188304772222,0.1251919565606223,1.3063902525621893e-05,nan,nan,0.003917698432874466
9.871999999999966,0.3656789867152567,31.861970714469262,0.006186189295389497,0.1251883510414743,1.3004013072413745e-05,nan,nan,0.003911911286652748
9.88199999999997,0.36568187824497966,31.862826747303178,0.006172224853792448,0.12518475645610222,1.2944403030921076e-05,nan,nan,0.0039061370786617603
9.891999999999973,0.3656847647844859,31.86368124491696,0.006158294892255573,0.125181172757626,1.2885071244535285e-05,nan,nan,0.0039003757755623073
9.901999999999976,0.36568764634076695,31.864534209505685,0.006144399323269085,0.12517759989967195,1.2826016212830073e-05,nan,nan,0.0038946273441031213
9.91199999999998,0.3656905229208059,31.8653856432661,0.006130538059550787,0.12517403783595002,1.276723667759452e-05,nan,nan,0.003888891751160125
9.921999999999983,0.3656933945315887,31.86623554839666,0.006116711014035502,0.12517048652041507,1.2708731301430836e-05,nan,nan,0.0038831689636650325
9.931999999999986,0.36569626118009957,31.867083927097575,0.006102918099873559,0.12516694590713268,1.2650498825743228e-05,nan,nan,0.0038774589486591177
9.94199999999999,0.36569912287331957,31.867930781570575,0.006089159230429286,0.12516341595045072,1.25925379047813e-05,nan,nan,0.0038717616733049895
9.951999999999993,0.36570197961822754,31.86877611401904,0.00607543431929601,0.1251598966048221,1.2534847302390406e-05,nan,nan,0.003866077104837518
9.961999999999996,0.36570483142180127,31.86961992664788,0.006061743280280232,0.12515638782511726,1.2477425611572267e-05,nan,nan,0.003860405210598199
9.972,0.3657076782910154,31.870462221663303,0.006048086027401304,0.1251528895661583,1.2420271690908244e-05,nan,nan,0.0038547459580153716
9.982000000000003,0.3657105202328424,31.871303001273144,0.006034462474898105,0.12514940178308678,1.2363384203977098e-05,nan,nan,0.0038490993146201406
9.992000000000006,0.36571335725425286,31.87214226768681,0.006020872537235287,0.12514592443129546,1.2306761863121639e-05,nan,nan,0.0038434652480417698
10.00200000000001,0.3657161893622143,31.87298002311459,0.006007316129080107,0.12514245746623703,1.2250403484875193e-05,nan,nan,0.003837843725996879
10.012000000000013,0.36571901656369393,31.873816269768728,0.005993793165317478,0.12513900084365726,1.2194307771074094e-05,nan,nan,0.0038322347163018025
10.022000000000016,0.365721838865653,31.874651009862266,0.0059803035610546985,0.1251355545195397,1.2138473457716296e-05,nan,nan,0.0038266381868777575
10.03200000000002,0.3657246562750534,31.875484245609762,0.005966847231600557,0.12513211844988026,1.2082899411500611e-05,nan,nan,0.0038210541057139965
10.042000000000023,0.3657274687988517,31.87631597922682,0.005953424092491079,0.12512869259113465,1.2027584264858776e-05,nan,nan,0.0038154824409163367
10.052000000000026,0.36573027644400374,31.87714621293042,0.005940034059460165,0.1251252768996847,1.1972526940338743e-05,nan,nan,0.0038099231606760165
10.06200000000003,0.36573307921746223,31.877974948938597,0.005926677048474769,0.1251218713323086,1.1917726118823187e-05,nan,nan,0.003804376233272884
10.072000000000033,0.3657358771261748,31.878802189470335,0.005913352975693859,0.12511847584594313,1.1863180614935547e-05,nan,nan,0.003798841627100545
10.082000000000036,0.3657386701770896,31.87962793674605,0.005900061757498691,0.12511509039760618,1.1808889286899635e-05,nan,nan,0.003793319310609941
10.09200000000004,0.36574145837714916,31.880452192986837,0.005886803310488031,0.12511171494465484,1.1754850868493726e-05,nan,nan,0.0037878092523769224
10.102000000000043,0.365744241733294,31.881274960414988,0.005873577551461435,0.12510834944460986,1.1701064186631538e-05,nan,nan,0.0037823114210667084
10.112000000000046,0.3657470202524611,31.88209624125361,0.005860384397428999,0.1251049938551288,1.1647528093993413e-05,nan,nan,0.003776825785414333
10.12200000000005,0.36574979394158474,31.882916037727007,0.0058472237656118226,0.12510164813406072,1.1594241420071286e-05,nan,nan,0.003771352314250773
10.132000000000053,0.36575256280759577,31.883734352059996,0.005834095573447289,0.12509831223949713,1.1541202970298785e-05,nan,nan,0.003765890976534629
10.142000000000056,0.3657553268574217,31.88455118647844,0.005820999738570358,0.1250949861296089,1.1488411642560857e-05,nan,nan,0.0037604417412738047
10.15200000000006,0.36575808609798477,31.88536654320912,0.005807936178845385,0.12509166976302669,1.1435866146501203e-05,nan,nan,0.0037550045775689477
10.162000000000063,0.3657608405362066,31.886180424479555,0.0057949048123212814,0.12508836309840504,1.1383565419497904e-05,nan,nan,0.003749579454641106
10.172000000000066,0.36576359017900584,31.886992832517727,0.005781905557260891,0.12508506609439465,1.1331508426240686e-05,nan,nan,0.003744166341773604
10.18200000000007,0.3657663350332945,31.887803769552725,0.00576893833214671,0.12508177871016654,1.1279693856339846e-05,nan,nan,0.0037387652083604654
10.192000000000073,0.3657690751059818,31.888613237814145,0.005756003055656715,0.1250785009049942,1.122812062960908e-05,nan,nan,0.003733376023860579
10.202000000000076,0.3657718104039745,31.889421239532354,0.005743099646672823,0.12507523263811388,1.1176787739653095e-05,nan,nan,0.003727998757843555
10.21200000000008,0.36577454093417466,31.890227776937966,0.005730228024293534,0.1250719738692757,1.1125693906979482e-05,nan,nan,0.003722633379958271
10.222000000000083,0.365777266703481,31.891032852262658,0.0057173881078146395,0.12506872455821624,1.1074838117962231e-05,nan,nan,0.0037172798599564008
10.232000000000086,0.3657799877187891,31.891836467738283,0.005704579816739745,0.12506548466495246,1.102421922780061e-05,nan,nan,0.0037119381676450824
10.24200000000009,0.3657827039869892,31.8926386255975,0.005691803070775915,0.12506225414959815,1.097383618361304e-05,nan,nan,0.0037066082729625537
10.252000000000093,0.3657854155149679,31.89343932807322,0.005679057789834535,0.12505903297253076,1.0923687852130423e-05,nan,nan,0.0037012901458979928
10.262000000000096,0.3657881223096087,31.894238577399,0.005666343894031968,0.12505582109435068,1.0873773130340402e-05,nan,nan,0.0036959837565494484
10.2720000000001,0.3657908243777916,31.895036375808548,0.005653661303680617,0.12505261847569493,1.0824091012910982e-05,nan,nan,0.003690689075102726
10.282000000000103,0.3657935217263894,31.89583272553629,0.00564100993930381,0.12504942507749164,1.0774640370770752e-05,nan,nan,0.0036854060718142173
10.292000000000106,0.36579621436227355,31.89662762881681,0.005628389721618523,0.12504624086088043,1.0725420123864423e-05,nan,nan,0.0036801347170293606
10.30200000000011,0.3657989022923098,31.897421087885043,0.005615800571561265,0.1250430657871477,1.0676429229126459e-05,nan,nan,0.003674874981211367
10.312000000000113,0.36580158552336084,31.898213104976218,0.0056032424102526535,0.12503989981779923,1.0627666603556466e-05,nan,nan,0.0036696268348758295
10.322000000000116,0.3658042640622847,31.899003682326008,0.005590715159015063,0.1250367429144431,1.0579131244683319e-05,nan,nan,0.003664390248621142
10.33200000000012,0.3658069379159356,31.899792822169942,0.0055782187393802205,0.12503359503894076,1.0530822067552754e-05,nan,nan,0.003659165193171945
10.342000000000123,0.36580960709116056,31.90058052674407,0.005565753073071298,0.12503045615329325,1.0482738051429018e-05,nan,nan,0.0036539516392777908
10.352000000000126,0.36581227159480684,31.901366798284545,0.00555331808201106,0.1250273262196701,1.0434878165732232e-05,nan,nan,0.003648749557831524
10.36200000000013,0.3658149314337128,31.90215163902768,0.005540913688332833,0.12502420520063068,1.038724128438226e-05,nan,nan,0.0036435589197818456
10.372000000000133,0.36581758661471525,31.90293505120984,0.005528539814355338,0.12502109305858272,1.0339826535623193e-05,nan,nan,0.003638379696159556
10.382000000000136,0.36582023714464457,31.903717037067512,0.005516196382598879,0.12501798975628778,1.0292632823833724e-05,nan,nan,0.0036332118580833586
10.39200000000014,0.3658228830303286,31.904497598837274,0.005503883315777441,0.12501489525669818,1.0245659126321148e-05,nan,nan,0.003628055376780754
10.402000000000143,0.3658255242785877,31.90527673875559,0.005491600536815557,0.12501180952300542,1.019890440322577e-05,nan,nan,0.003622910223512406
10.412000000000146,0.3658281608962402,31.90605445905909,0.005479347968821614,0.12500873251845787,1.015236771022333e-05,nan,nan,0.003617776369665636
10.42200000000015,0.3658307928900977,31.906830761984445,0.0054671255351051475,0.12500566420649295,1.0106048047418035e-05,nan,nan,0.0036126537866874443
10.432000000000153,0.36583342026696924,31.907605649767955,0.005454933159165601,0.12500260455077064,1.0059944393429898e-05,nan,nan,0.003607542446136594
10.442000000000156,0.365836043033657,31.908379124646252,0.0054427707647040115,0.12499955351512619,1.001405576520374e-05,nan,nan,0.0036024423196090237
10.45200000000016,0.36583866119695896,31.909151188855443,0.0054306382756159855,0.12499651106358903,9.968381165548602e-06,nan,nan,0.0035973533788279262
10.462000000000163,0.36584127476366823,31.90992184463187,0.0054185356159883406,0.1249934771603234,9.922919642424598e-06,nan,nan,0.0035922755955715606
10.472000000000167,0.36584388374057336,31.910691094211423,0.0054064627101049175,0.12499045176968947,9.877670205881454e-06,nan,nan,0.003587208941703813
10.48200000000017,0.36584648813445797,31.911458939830077,0.005394419482437483,0.12498743485623498,9.832631886155191e-06,nan,nan,0.0035821533891789896
10.492000000000173,0.36584908795210014,31.912225383723243,0.005382405857657194,0.12498442638463818,9.787803735380928e-06,nan,nan,0.003577108910030405
10.502000000000177,0.36585168320027345,31.912990428126452,0.005370421760619357,0.1249814263198118,9.743184770344993e-06,nan,nan,0.0035720754763542842
10.51200000000018,0.36585427388574604,31.91375407527477,0.005358467116381516,0.12497843462683719,9.698774033647959e-06,nan,nan,0.003567053060362442
10.522000000000183,0.36585686001528045,31.91451632740293,0.00534654185019247,0.12497545127097114,9.65457057906714e-06,nan,nan,0.003562041634321671
10.532000000000187,0.3658594415956364,31.915277186745456,0.0053346458874734375,0.12497247621748847,9.610573530311304e-06,nan,nan,0.0035570411705824366
10.54200000000019,0.3658620186335649,31.916036655536505,0.005322779153861905,0.12496950943211459,9.566781820360189e-06,nan,nan,0.003552051641569923
10.552000000000193,0.3658645911358143,31.91679473600982,0.0053109415751726305,0.12496655088054413,9.523194603943926e-06,nan,nan,0.003547073019815907
10.562000000000197,0.36586715910912787,31.917551430398884,0.00529913307740732,0.1249636005287595,9.479810895597296e-06,nan,nan,0.0035421052778993596
10.5720000000002,0.3658697225602417,31.91830674093645,0.005287353586766085,0.12496065834281983,9.436629815948806e-06,nan,nan,0.00353714838849361
10.582000000000203,0.3658722814958885,31.919060669855245,0.005275603029626211,0.12495772428896171,9.393650432862245e-06,nan,nan,0.0035322023243483146
10.592000000000207,0.3658748359227939,31.919813219387184,0.005263881332569096,0.124954798333674,9.350871799475003e-06,nan,nan,0.0035272670582997545
10.60200000000021,0.36587738584768104,31.92056439176388,0.005252188422350138,0.1249518804435656,9.3082930105759e-06,nan,nan,0.0035223425632432154
10.612000000000213,0.36587993127726437,31.921314189216353,0.005240524225911981,0.12494897058533704,9.26591320665863e-06,nan,nan,0.0035174288121753664
10.622000000000217,0.3658824722182552,31.922062613975086,0.005228888670395809,0.12494606872601419,9.223731401685855e-06,nan,nan,0.0035125257781543923
10.63200000000022,0.36588500867735757,31.92280966826998,0.005217281683117501,0.12494317483269568,9.181746743857722e-06,nan,nan,0.003507633434318936
10.642000000000223,0.36588754066127305,31.92355535433034,0.005205703191580599,0.12494028887258615,9.139958359488405e-06,nan,nan,0.0035027517538879166
10.652000000000227,0.365890068176693,31.92429967438504,0.005194153123488298,0.12493741081327195,9.0983652624191e-06,nan,nan,0.0034978807101712986
10.66200000000023,0.3658925912303085,31.925042630662087,0.005182631406714474,0.1249345406222516,9.05696668003667e-06,nan,nan,0.003493020276530732
10.672000000000233,0.3658951098288014,31.92578422538896,0.005171137969322423,0.12493167826735704,9.015761648680392e-06,nan,nan,0.0034881704264072134
10.682000000000237,0.3658976239788494,31.9265244607924,0.005159672739558116,0.12492882371659282,8.97474929017881e-06,nan,nan,0.0034833311333366318
10.69200000000024,0.3659001336871251,31.927263339098474,0.005148235645850589,0.12492597693794823,8.933928807042739e-06,nan,nan,0.0034785023709249362
10.702000000000243,0.36590263896029446,31.92800086253247,0.005136826616810846,0.12492313789970555,8.893299269945418e-06,nan,nan,0.0034736841128350975
10.712000000000247,0.3659051398050177,31.92873703331912,0.005125445581241899,0.12492030657039781,8.852859774583755e-06,nan,nan,0.0034688763328361836
10.72200000000025,0.3659076362279497,31.92947185368215,0.005114092468123788,0.12491748291866502,8.812609478459725e-06,nan,nan,0.003464079004750008
10.732000000000253,0.36591012823574126,31.930205325844515,0.005102767206619655,0.12491466691303493,8.772547651370837e-06,nan,nan,0.003459292102476733
10.742000000000257,0.3659126158350351,31.930937452028633,0.005091469726062087,0.12491185852260896,8.732673247202307e-06,nan,nan,0.003454515600005828
10.75200000000026,0.3659150990324701,31.931668234455707,0.0050801999559810665,0.12490905771643762,8.692985512690229e-06,nan,nan,0.0034497494713795797
10.762000000000263,0.3659175778346765,31.932397675346493,0.005068957826078448,0.12490626446373383,8.653483600762707e-06,nan,nan,0.0034449936907261112
10.772000000000267,0.3659200522482825,31.93312577692041,0.00505774326624219,0.12490347873394145,8.614166631598604e-06,nan,nan,0.0034402482322594212
10.78200000000027,0.36592252227990696,31.93385254139652,0.005046556206535625,0.1249007004965955,8.575033799693538e-06,nan,nan,0.0034355130702428674
10.792000000000273,0.36592498793616623,31.93457797099244,0.005035396577210254,0.12489792972149352,8.536084222759994e-06,nan,nan,0.0034307881790217234
10.802000000000277,0.3659274492236682,31.93530206792523,0.005024264308688022,0.12489516637852087,8.497317098308696e-06,nan,nan,0.003426073533044592
10.81200000000028,0.36592990614901666,31.936024834410738,0.005013159331560859,0.12489241043754801,8.458731675451772e-06,nan,nan,0.003421369106781944
10.822000000000283,0.36593235871880886,31.936746272664124,0.005002081576622383,0.124889661869005,8.420326949607803e-06,nan,nan,0.0034166748748193595
10.832000000000287,0.3659348069396357,31.93746638489928,0.004991030974820713,0.12488692064308977,8.38210227687262e-06,nan,nan,0.0034119908117786536
10.84200000000029,0.36593725081808287,31.93818517332928,0.004980007457293092,0.12488418673032739,8.34405675560808e-06,nan,nan,0.003407316892399232
10.852000000000293,0.3659396903607304,31.938902640165953,0.004969010955343692,0.12488146010140788,8.306189576104126e-06,nan,nan,0.0034026530914537077
10.862000000000297,0.36594212557415073,31.93961878762023,0.004958041400469867,0.1248787407270865,8.268499965859345e-06,nan,nan,0.003397999383797236
10.8720000000003,0.365944556464913,31.940333617901942,0.004947098724328956,0.12487602857850134,8.230987014771142e-06,nan,nan,0.0033933557443727906
10.882000000000303,0.36594698303957757,31.941047133219875,0.0049361828587638394,0.12487332362665574,8.193650049342264e-06,nan,nan,0.0033887221481713223
10.892000000000307,0.3659494053046998,31.941759335781605,0.0049252937357840395,0.12487062584281342,8.156488222596953e-06,nan,nan,0.003384098570266363
10.90200000000031,0.3659518232668311,31.942470227793674,0.004914431287578962,0.12486793519844196,8.11950071770821e-06,nan,nan,0.0033794849858140167
10.912000000000313,0.3659542369325122,31.943179811461427,0.004903595446513367,0.12486525166516761,8.082686736796217e-06,nan,nan,0.0033748813700088744
10.922000000000317,0.3659566463082838,31.94388808898897,0.004892786145120414,0.12486257521463065,8.046045554502491e-06,nan,nan,0.0033702876981562564
10.93200000000032,0.3659590514006754,31.944595062579282,0.004882003316107002,0.1248599058187684,8.009576316092345e-06,nan,nan,0.003365703945591725
10.942000000000323,0.36596145221621285,31.945300734434344,0.004871246892361928,0.1248572434496801,7.973278242914879e-06,nan,nan,0.003361130087757604
10.952000000000327,0.36596384876141475,31.946005106754455,0.004860516806936876,0.1248545880794837,7.937150608916306e-06,nan,nan,0.0033565661001562362
10.96200000000033,0.36596624104279646,31.946708181739236,0.004849812993048969,0.12485193968041262,7.901192648349284e-06,nan,nan,0.0033520119583224273
10.972000000000333,0.36596862906686267,31.94740996158655,0.004839135384109906,0.12484929822520162,7.865403447393981e-06,nan,nan,0.003347467637929791
10.982000000000337,0.3659710128401152,31.94811044849335,0.004828483913670656,0.1248466636862152,7.829782455167926e-06,nan,nan,0.0033429331146561107
10.99200000000034,0.3659733923690504,31.94880964465504,0.004817858515489845,0.12484403603635942,7.794328734496591e-06,nan,nan,0.003338408364282371
11.002000000000344,0.36597576766015383,31.94950755226597,0.0048072591234616996,0.12484141524859091,7.759041572147749e-06,nan,nan,0.003333893362648331
11.012000000000347,0.36597813871991036,31.950204173518877,0.004796685671671818,0.12483880129585762,7.723920267901583e-06,nan,nan,0.003329388085661331
11.02200000000035,0.36598050555479483,31.950899510605392,0.004786138094371295,0.12483619415149244,7.688963973634258e-06,nan,nan,0.0033248925093079065
11.032000000000354,0.36598286817127834,31.951593565715637,0.004775616325974033,0.12483359378884394,7.654171981860317e-06,nan,nan,0.003320406609630196
11.042000000000357,0.3659852265758241,31.95228634103853,0.004765120301069389,0.12483100018137049,7.619543569093286e-06,nan,nan,0.0033159303627443228
11.05200000000036,0.36598758077489035,31.952977838761498,0.004754649954403271,0.12482841330271198,7.585077964006329e-06,nan,nan,0.0033114637448354895
11.062000000000364,0.3659899307749282,31.953668061070427,0.004744205220901382,0.12482583312663416,7.5507744383844695e-06,nan,nan,0.0033070067321386174
11.072000000000367,0.3659922765823824,31.95435701015009,0.004733786035653972,0.12482325962716509,7.5166322006221636e-06,nan,nan,0.003302559300988749
11.08200000000037,0.3659946182036927,31.95504468818354,0.004723392333908129,0.12482069277827434,7.48265059571283e-06,nan,nan,0.003298121427749154
11.092000000000374,0.3659969556452913,31.955731097352537,0.004713024051093639,0.12481813255420471,7.448828838860887e-06,nan,nan,0.0032936930888959716
11.102000000000377,0.3659992889136044,31.956416239837186,0.0047026811227933105,0.12481557892931877,7.415166210679421e-06,nan,nan,0.0032892742609243186
11.11200000000038,0.36600161801505265,31.95710011781646,0.004692363484756243,0.12481303187811207,7.38166198191905e-06,nan,nan,0.00328486492042911
11.122000000000384,0.36600394295604893,31.95778273346748,0.004682071072912383,0.12481049137521016,7.348315437804094e-06,nan,nan,0.003280465044047705
11.132000000000387,0.3660062637430015,31.958464088965997,0.00467180382333318,0.12480795739535325,7.31512586275844e-06,nan,nan,0.003276074608504944
11.14200000000039,0.36600858038231204,31.959144186486217,0.004661561672268697,0.12480542991346548,7.282092525019989e-06,nan,nan,0.0032716935905818556
11.152000000000394,0.3660108928803737,31.959823028200894,0.004651344556132187,0.1248029089046608,7.249214686614574e-06,nan,nan,0.0032673219671178096
11.162000000000397,0.3660132012435765,31.960500616281077,0.004641152411488151,0.12480039434398206,7.216491720173918e-06,nan,nan,0.0032629597150315754
11.1720000000004,0.3660155054783017,31.96117695289615,0.004630985175083703,0.12479788620691266,7.183922795197403e-06,nan,nan,0.0032586068112820344
11.182000000000404,0.36601780559092545,31.9618520402143,0.0046208427838156175,0.12479538446876336,7.151507328908093e-06,nan,nan,0.0032542632329261123
11.192000000000407,0.3660201015878172,31.962525880401767,0.004610725174742013,0.12479288910517083,7.119244542171823e-06,nan,nan,0.003249928957073114
11.20200000000041,0.36602239347534,31.96319847562328,0.004600632285086447,0.12479040009186652,7.087133752240944e-06,nan,nan,0.003245603960873929
11.212000000000414,0.36602468125985044,31.963869828041855,0.004590564052238537,0.12478791740473447,7.055174252329684e-06,nan,nan,0.0032412882215812964
11.222000000000417,0.36602696494769954,31.96453993981903,0.00458052041372859,0.12478544101964623,7.0233654100622875e-06,nan,nan,0.0032369817164771583
11.23200000000042,0.36602924454523006,31.96520881311456,0.004570501307282933,0.12478297091291292,6.991706409052702e-06,nan,nan,0.003232684422935569
11.242000000000424,0.36603152005878037,31.965876450086444,0.004560506670756725,0.12478050706064509,6.9601966949144965e-06,nan,nan,0.003228396318369823
11.252000000000427,0.36603379149468146,31.966542852891347,0.0045505364421689655,0.12477804943919589,6.9288355384069295e-06,nan,nan,0.0032241173802802945
11.26200000000043,0.36603605885925794,31.967208023683817,0.004540590559709107,0.12477559802518874,6.897622199100495e-06,nan,nan,0.0032198475862016533
11.272000000000434,0.36603832215882837,31.967871964616933,0.004530668961722601,0.12477315279522634,6.866556057871878e-06,nan,nan,0.0032155869137628777
11.282000000000437,0.36604058139970425,31.968534677841856,0.004520771586705331,0.12477071372600405,6.835636456900961e-06,nan,nan,0.0032113353406357814
11.29200000000044,0.36604283658819103,31.969196165508308,0.004510898373322155,0.12476828079454155,6.804862637001021e-06,nan,nan,0.0032070928445540442
11.302000000000444,0.3660450877305876,31.969856429764004,0.004501049260389144,0.12476585397782615,6.774233997253168e-06,nan,nan,0.0032028594033246963
11.312000000000447,0.366047334833188,31.970515472754954,0.0044912241868716556,0.12476343325289777,6.743749892962307e-06,nan,nan,0.003198634994809387
11.32200000000045,0.3660495779022757,31.97117329662548,0.004481423091907883,0.12476101859722853,6.713409541572845e-06,nan,nan,0.0031944195969333864
11.332000000000454,0.3660518169441324,31.971829903518024,0.00447164591478897,0.12475860998814707,6.683212384944434e-06,nan,nan,0.0031902131876877337
11.342000000000457,0.3660540519650314,31.972485295573197,0.0044618925949522995,0.12475620740313705,6.653157751967729e-06,nan,nan,0.003186015745105617
11.35200000000046,0.3660562829712379,31.973139474929823,0.004452163072000596,0.12475381081997744,6.623244917056094e-06,nan,nan,0.0031818272473134552
11.362000000000464,0.36605850996901323,31.97379244372503,0.0044424572856770405,0.12475142021627958,6.593473340304274e-06,nan,nan,0.0031776476724697483
11.372000000000467,0.3660607329646115,31.974444204093807,0.004432775175896919,0.12474903557004322,6.563842262744773e-06,nan,nan,0.003173476998818133
11.38200000000047,0.36606295196427924,31.975094758169675,0.004423116682716798,0.12474665685930161,6.534351077484765e-06,nan,nan,0.0031693152046306182
11.392000000000474,0.36606516697425756,31.975744108084005,0.004413481746360037,0.1247442840622021,6.5049991325694384e-06,nan,nan,0.003165162268280245
11.402000000000477,0.3660673780007813,31.976392255966402,0.004403870307197286,0.12474191715701548,6.475785785518429e-06,nan,nan,0.003161018168160049
11.41200000000048,0.3660695850500769,31.97703920394448,0.004394282305741712,0.1247395561221112,6.446710407805158e-06,nan,nan,0.003156882882760571
11.422000000000484,0.36607178812836644,31.977684954144152,0.004384717682695451,0.12473720093620122,6.417772267615542e-06,nan,nan,0.0031527563905910344
11.432000000000487,0.36607398724186613,31.978329508689256,0.004375176378853695,0.12473485157760493,6.388970933543257e-06,nan,nan,0.0031486386702688504
11.44200000000049,0.3660761823967832,31.97897286970173,0.004365658335199061,0.12473250802513487,6.360305616324622e-06,nan,nan,0.0031445297004335545
11.452000000000494,0.36607837359931905,31.97961503930168,0.004356163492871304,0.12473017025781309,6.331775663557624e-06,nan,nan,0.0031404294597871005
11.462000000000497,0.36608056085566987,31.980256019607218,0.004346691793155347,0.12472783825455978,6.303380523869723e-06,nan,nan,0.003136337927114993
11.4720000000005,0.36608274417202286,31.980895812734342,0.004337243177481362,0.12472551199448463,6.275119539961701e-06,nan,nan,0.0031322550812399293
11.482000000000504,0.366084923554561,31.981534420797345,0.004327817587438935,0.12472319145685497,6.246992081653705e-06,nan,nan,0.003128180901029095
11.492000000000507,0.3660870990094611,31.982171845908418,0.0043184149647525205,0.1247208766209453,6.2189975629590526e-06,nan,nan,0.003124115365446112
11.50200000000051,0.3660892705428915,31.982808090177656,0.0043090352513070005,0.12471856746624366,6.191135327965555e-06,nan,nan,0.0031200584535053697
11.512000000000514,0.3660914381610146,31.98344315571347,0.004299678389137603,0.1247162639723551,6.1634047620566735e-06,nan,nan,0.0031160101442399223
11.522000000000517,0.3660936018699876,31.98407704462197,0.00429034432041883,0.12471396611886862,6.135805301595706e-06,nan,nan,0.0031119704168030738
11.53200000000052,0.36609576167595975,31.984709759007252,0.004281032987480364,0.12471167388567338,6.108336263644409e-06,nan,nan,0.003107939250337878
11.542000000000524,0.36609791758507265,31.985341300971605,0.004271744332802266,0.12470938725265086,6.080997086547855e-06,nan,nan,0.0031039166240942944
11.552000000000527,0.3661000696034655,31.98597167261509,0.004262478299005012,0.124707106199809,6.05378715333327e-06,nan,nan,0.003099902517361393
11.56200000000053,0.36610221773726553,31.986600876035766,0.004253234828864713,0.12470483070738622,6.026705827837086e-06,nan,nan,0.003095896909496713
11.572000000000534,0.3661043619925985,31.987228913329705,0.004244013865294888,0.12470256075542291,5.999752612620966e-06,nan,nan,0.0030918997798987428
11.582000000000537,0.3661065023755801,31.987855786590806,0.0042348153513571025,0.12470029632444513,5.972926772729168e-06,nan,nan,0.0030879111080294496
11.59200000000054,0.3661086388923209,31.988481497910968,0.004225639230268614,0.12469803739493213,5.946227773716422e-06,nan,nan,0.003083930873404326
11.602000000000544,0.3661107715489247,31.98910604937992,0.004216485445384636,0.12469578394739426,5.919655049023527e-06,nan,nan,0.0030799590556064055
11.612000000000547,0.3661129003514887,31.989729443085437,0.004207353940204281,0.12469353596252719,5.893207974455907e-06,nan,nan,0.003075995634254138
11.62200000000055,0.3661150253061037,31.990351681112983,0.004198244658372792,0.12469129342115226,5.866885961527796e-06,nan,nan,0.0030720405890559957
11.632000000000554,0.3661171464188537,31.990972765546093,0.00418915754368335,0.12468905630413589,5.84068844043553e-06,nan,nan,0.0030680938997438047
11.642000000000557,0.3661192636958164,31.99159269846611,0.0041800925400643785,0.12468682459255488,5.814614793345854e-06,nan,nan,0.0030641555461072213
11.65200000000056,0.3661213771430621,31.992211481952133,0.004171049591599374,0.12468459826741334,5.7886645031414586e-06,nan,nan,0.0030602255080219433
11.662000000000564,0.3661234867666561,31.99282911808131,0.00416202864250559,0.12468237730999632,5.762836923956027e-06,nan,nan,0.0030563037653718135
11.672000000000567,0.36612559257265564,31.993445608928617,0.004153029637149074,0.12468016170165357,5.737131496144643e-06,nan,nan,0.00305239029815016
11.68200000000057,0.3661276945671125,31.994060956566635,0.004144052520041678,0.1246779514238398,5.711547641432571e-06,nan,nan,0.003048485086344419
11.692000000000574,0.3661297927560706,31.99467516306606,0.004135097235828774,0.12467574645803184,5.686084822170043e-06,nan,nan,0.0030445881100514467
11.702000000000577,0.3661318871455688,31.99528823049527,0.004126163729305761,0.12467354678595718,5.6607424088799575e-06,nan,nan,0.003040699349412956
11.71200000000058,0.366133977741639,31.99590016092039,0.004117251945402884,0.1246713523892626,5.6355199051619885e-06,nan,nan,0.003036818784571433
11.722000000000584,0.3661360645503059,31.996510956405533,0.004108361829178729,0.12466916324973686,5.610416729718022e-06,nan,nan,0.0030329463957957195
11.732000000000587,0.3661381475775863,31.997120619012534,0.004099493325866976,0.12466697934952198,5.585432226622889e-06,nan,nan,0.003029082163362393
11.74200000000059,0.3661402268294935,31.9977291508008,0.004090646380816914,0.1246648006705222,5.560565957646836e-06,nan,nan,0.003025226067629113
11.752000000000594,0.3661423023120333,31.998336553827894,0.004081820939518869,0.12466262719492079,5.535817302566574e-06,nan,nan,0.0030213780889833592
11.762000000000597,0.36614437403120315,31.99894283014894,0.00407301694761364,0.12466045890502409,5.511185694485522e-06,nan,nan,0.003017538207886328
11.7720000000006,0.3661464419929953,31.999547981816768,0.0040642343508648805,0.12465829578311466,5.486670623737891e-06,nan,nan,0.0030137064048401615
11.782000000000604,0.3661485062033959,32.000152010882154,0.004055473095188792,0.1246561378115908,5.4622715322955745e-06,nan,nan,0.0030098826603917844
11.792000000000607,0.3661505666683833,32.000754919393394,0.004046733126637725,0.12465398497312075,5.437987809640938e-06,nan,nan,0.0030060669551640424
11.80200000000061,0.3661526233939295,32.00135670939668,0.004038014391400848,0.12465183725032919,5.413818962039355e-06,nan,nan,0.003002259269840872
11.812000000000614,0.3661546763860009,32.00195738293592,0.004029316835796905,0.12464969462582426,5.389764477174948e-06,nan,nan,0.0029984595850981563
11.822000000000617,0.3661567256505573,32.00255694205274,0.004020640406296364,0.1246475570825728,5.36582372587867e-06,nan,nan,0.0029946678817387973
11.83200000000062,0.36615877119354995,32.00315538878643,0.004011985049489806,0.12464542460341728,5.3419962420881155e-06,nan,nan,0.002990884140568424
11.842000000000624,0.366160813020925,32.003752725174024,0.004003350712122271,0.12464329717145178,5.3182814362325855e-06,nan,nan,0.0029871083424680284
11.852000000000627,0.3661628511386222,32.00434895325018,0.003994737341065164,0.12464117476977232,5.294678800491913e-06,nan,nan,0.002983340468362251
11.86200000000063,0.3661648855525737,32.00494407504758,0.003986144883327778,0.1246390573816345,5.271187779251899e-06,nan,nan,0.0029795804992184434
11.872000000000634,0.36616691626870707,32.005538092596076,0.003977573286062482,0.12463694499032274,5.247807865845425e-06,nan,nan,0.0029758284160756694
11.882000000000637,0.3661689432929402,32.00613100792354,0.0039690224965387684,0.12463483757919258,5.224538537169717e-06,nan,nan,0.0029720842000246065
11.89200000000064,0.3661709666311874,32.00672282305552,0.003960492462171733,0.12463273513180227,5.201379224680751e-06,nan,nan,0.0029683478321663455
11.902000000000644,0.3661729862893541,32.00731354001504,0.003951983130505861,0.12463063763167034,5.178329453346724e-06,nan,nan,0.0029646192937162435
11.912000000000647,0.36617500227334104,32.00790316082298,0.00394349444923837,0.12462854506256357,5.155388642364059e-06,nan,nan,0.0029608985658850545
11.92200000000065,0.3661770145890404,32.00849168749784,0.003935026366174341,0.1246264574081871,5.1325563265994376e-06,nan,nan,0.0029571856299815155
11.932000000000654,0.36617902324233936,32.0090791220555,0.003926578829267186,0.12462437465239846,5.109831964648143e-06,nan,nan,0.0029534804673155388
11.942000000000657,0.366181028239118,32.009665466509915,0.003918151786597325,0.12462229677912172,5.087215046688424e-06,nan,nan,0.002949783059287839
11.95200000000066,0.3661830295852499,32.010250722872364,0.003909745186387285,0.12462022377251177,5.064705012586412e-06,nan,nan,0.0029460933873339773
11.962000000000664,0.3661850272866017,32.01083489315178,0.003901358976975984,0.1246181556165438,5.042301440253042e-06,nan,nan,0.00294241143293876
11.972000000000667,0.36618702134903247,32.01141797935494,0.0038929931068530472,0.12461609229554055,5.020003731376668e-06,nan,nan,0.002938737177623931
11.98200000000067,0.3661890117783982,32.01199998348583,0.003884647524621435,0.12461403379372286,4.9978114424045646e-06,nan,nan,0.002935070602998358
11.992000000000674,0.3661909985805437,32.01258090754646,0.003876322179030138,0.12461198009554045,4.975724020866144e-06,nan,nan,0.002931411690678842
