t,error,base_angle_deg,base_omega,effort,smoothness,mu,lambda,manipulability
0.002,0.6084514857315472,0.0010542621556940822,0.009090824351641012,0.22535100516253542,2253.510051625354,nan,0.04,0.14248908107260377
0.012,0.6077915799235615,0.02331814864128807,0.05756005471755594,0.22425942775294122,0.06252652646427788,nan,0.04,0.14245294209794224
0.022000000000000006,0.6065483248030037,0.06794770064049181,0.08923111543887721,0.22224275271181107,0.2091416271161976,nan,0.04,0.14242159448576322
0.032000000000000015,0.6050303586912644,0.12543980858843626,0.10648976152849599,0.21983642308604487,0.30421840275538764,nan,0.04,0.14240105468388134
0.04200000000000002,0.603375663339302,0.18986647929015213,0.11578671787676449,0.21727729931715778,0.3584523503052293,nan,0.04,0.14238548692052994
0.05200000000000003,0.6016536165971931,0.25808136514240726,0.12093864602951424,0.21468260087443772,0.3874836109680937,nan,0.04,0.14237130671903966
0.06200000000000004,0.5998997656176729,0.32845603993062894,0.12395313252449738,0.2121110726077023,0.4023155835014396,nan,0.04,0.14235672831776808
0.07200000000000005,0.5981323805591926,0.4001509722095179,0.12586660792103105,0.20959201565801805,0.409502540387778,nan,0.04,0.14234091907287766
0.08200000000000006,0.596360856754917,0.4727332077371657,0.12721238791620074,0.20713988229809752,0.4126681245744116,nan,0.04,0.1423235229349717
0.09200000000000007,0.5945900245925934,0.545979043494982,0.12826478478214315,0.20476164979678355,0.41374623789626996,nan,0.04,0.142304418548853
0.10200000000000008,0.5928223647932688,0.6197724791381419,0.12916492193825618,0.20246054028485622,0.4137512677755414,nan,0.04,0.14228359908996344
0.11200000000000009,0.5910591479305434,0.6940529762183545,0.12998543004214458,0.20023789437987916,0.4132105397036952,nan,0.04,0.14226111300541583
0.1220000000000001,0.58930102093135,0.7687885750321738,0.13076370444784682,0.19809411381723044,0.41239671019534546,nan,0.04,0.14223703490676667
0.1320000000000001,0.5875483091157091,0.8439620528056958,0.13151900522178023,0.1960291352032105,0.4114501109061047,nan,0.04,0.1422114513177903
0.1420000000000001,0.585801171833116,0.9195637916349365,0.13226125315029477,0.19404266780117588,0.41044252464981806,nan,0.04,0.14218445371755115
0.1520000000000001,0.5840596827062196,0.9955881005895352,0.13299555658078588,0.19213431262202083,0.4094102754105706,nan,0.04,0.14215613515672818
0.16200000000000012,0.5823238710270044,1.0720313171865714,0.13372454244165038,0.19030362183212204,0.4083713610847302,nan,0.04,0.14212658861970573
0.17200000000000013,0.5805937431240467,1.1488908261959465,0.1344495572618465,0.18855012816508962,0.40733431723638497,nan,0.04,0.14209590623733265
0.18200000000000013,0.5788692933970411,1.2261645517799153,0.13517128634999728,0.18687335926740176,0.4063028022721435,nan,0.04,0.14206417891298923
0.19200000000000014,0.5771505100174907,1.3038506941191825,0.1358900732074404,0.1852728444850931,0.40527796979292696,nan,0.04,0.14203149614878713
0.20200000000000015,0.5754373778743264,1.3819475924432614,0.13660608440852082,0.1837481178654301,0.4042596964259967,nan,0.04,0.14199794596828588
0.21200000000000016,0.5737298800956027,1.4604536535334562,0.13731939476901267,0.18229871927026078,0.4032472174791967,nan,0.04,0.1419636148855176
0.22200000000000017,0.5720279988338057,1.5393673141871944,0.1380300313717594,0.18092419455388442,0.4022394560699449,nan,0.04,0.14192858789608634
0.23200000000000018,0.5703317156701342,1.618687021335759,0.1387379963434471,0.17962409528391865,0.4012351934990071,nan,0.04,0.1418929484786744
0.2420000000000002,0.5686410118215277,1.6984112213695053,0.13944327865012515,0.17839797824520387,0.4002331573731203,nan,0.04,0.1418567786013697
0.25200000000000017,0.5669558682455558,1.7785383542885105,0.1401458602140982,0.17724540484702805,0.3992320670861925,nan,0.04,0.14182015873018713
0.2620000000000002,0.5652762656924224,1.8590668504062626,0.14084571909242893,0.17616594049383003,0.3982306572020423,nan,0.04,0.1417831678385015
0.2720000000000002,0.5636021847296098,1.9399951283849144,0.14154283113403218,0.17515915394934656,0.3972276893760736,nan,0.04,0.1417458834168267
0.2820000000000002,0.5619336057523932,2.021321594021261,0.1422371708485654,0.17422461670904754,0.39622195834821056,nan,0.04,0.14170838148265552
0.2920000000000002,0.5602705089871013,2.1030446394224325,0.1429287118667506,0.17336190238811894,0.39521229486837767,nan,0.04,0.14167073659024731
0.3020000000000002,0.558612874490689,2.1851626424050226,0.143617427188826,0.17257058612847834,0.3941975670435756,nan,0.04,0.14163302184030596
0.3120000000000002,0.5569606821484707,2.2676739660408884,0.14430328932310701,0.17185024402641555,0.39317668088357394,nan,0.04,0.1415953088895207
0.32200000000000023,0.5553139116709872,2.3505769582798166,0.14498627036756362,0.17120045258151748,0.3921485804365422,nan,0.04,0.14155766795997685
0.33200000000000024,0.553672542590502,2.4338699516222078,0.14566634206187784,0.17062078816709236,0.39111224773261505,nan,0.04,0.14152016784841334
0.34200000000000025,0.552036554257392,2.5175512628472214,0.14634347582424714,0.17011082652207626,0.3900667026310441,nan,0.04,0.1414828759353426
0.35200000000000026,0.5504059258365662,2.601619192754227,0.1470176427803435,0.16967014226430152,0.38901100263298316,nan,0.04,0.14144585819403566
0.36200000000000027,0.5487806363039955,2.6860720259465665,0.1476888137882786,0.16929830842498617,0.387944242680754,nan,0.04,0.14140917919936108
0.3720000000000003,0.5471606644433672,2.7709080306268437,0.14835695946157762,0.16899489600425566,0.3868655549630898,nan,0.04,0.14137290213649378
0.3820000000000003,0.5455459888429155,2.856125458414854,0.1490220501911934,0.16875947354753415,0.38577410872167534,nan,0.04,0.1413370888094866
0.3920000000000003,0.5439365878924125,2.9417225441872037,0.14968405616709787,0.16859160674262583,0.3846691100714828,nan,0.04,0.14130179964971376
0.4020000000000003,0.5423324397803416,3.0276975059257514,0.15034294739972323,0.16849085803732822,0.38354980182562937,nan,0.04,0.14126709372418028
0.4120000000000003,0.540733522491249,3.1140485445966317,0.1509986937413876,0.16845678627740956,0.38241546332982923,nan,0.04,0.14123302874370813
0.4220000000000003,0.5391398138032768,3.2007738440303832,0.15165126490777187,0.1684889463648032,0.38126541029863387,nan,0.04,0.14119966107099094
0.43200000000000033,0.5375512912858862,3.28787157082775,0.15230063049947395,0.16858688893586182,0.3800989946572581,nan,0.04,0.14116704572852715
0.44200000000000034,0.5359679322977582,3.3753398742777874,0.15294676002364632,0.16875016005952306,0.3789156043817238,nan,0.04,0.14113523640643266
0.45200000000000035,0.5343897139848842,3.46317688628722,0.15358962291572045,0.16897830095524977,0.3777146633412144,nan,0.04,0.14110428547012308
0.46200000000000035,0.532816613278844,3.5513807213283726,0.1542291885612003,0.16927084773057924,0.37649563113178947,nan,0.04,0.14107424396788856
0.47200000000000036,0.5312486068952679,3.6399494764019207,0.1548654263175228,0.1696273311381575,0.3752580029111098,nan,0.04,0.14104516163833705
0.4820000000000004,0.5296856713324922,3.7288812310113713,0.15549830553596544,0.17004727635208866,0.37400130921963093,nan,0.04,0.1410170869177293
0.4920000000000004,0.528127782870396,3.818174047152822,0.15612779558359013,0.17053020276345687,0.3727251157984479,nan,0.04,0.140990066947197
0.5020000000000003,0.5265749175694289,3.907825969316899,0.15675386586520948,0.1710756237948671,0.37142902339374567,nan,0.04,0.14096414757984024
0.5120000000000003,0.5250270512698307,3.9978349779978903,0.1573760776355576,0.17168304673383403,0.3701126675497543,nan,0.04,0.1409393733877183
0.5220000000000004,0.5234841066649704,4.088195352836096,0.1579833456306215,0.17235248857876256,0.36895972000108046,nan,0.04,0.14091553756451142
0.5320000000000004,0.5219458309246973,4.178901418716677,0.15858757283343095,0.17308496066458096,0.36832441920308223,nan,0.04,0.14089201189374675
0.5420000000000004,0.5204120049626964,4.2699553189967725,0.15919791919370085,0.17388080660676122,0.367946162577089,nan,0.04,0.14086856604924206
0.5520000000000004,0.5188825154076053,4.361362053657445,0.15982177772710615,0.17473982546858668,0.3676065269333589,nan,0.04,0.14084523715218958
0.5620000000000004,0.517357484434337,4.453131074153852,0.16045603191446167,0.1756599683912985,0.36668304653031036,nan,0.04,0.14082284454720506
0.5720000000000004,0.5158371251151878,4.545259051639732,0.16107828080980424,0.17663983002026395,0.3653854739965733,nan,0.04,0.14080180079818352
0.5820000000000004,0.5143215388584956,4.637739195496477,0.1616896767998703,0.17767874632568753,0.36398470878724,nan,0.04,0.14078217360314893
0.5920000000000004,0.512810765172882,4.730566394737361,0.16229325018029503,0.17877612288431696,0.3625257880279165,nan,0.04,0.14076400449490195
0.6020000000000004,0.511304812266178,4.823736859753105,0.16289084632603826,0.17993137802872247,0.3610257569397485,nan,0.04,0.1407473304089487
0.6120000000000004,0.509803671734226,4.917247538906257,0.16348345839234696,0.18114393296019082,0.3594932637269436,nan,0.04,0.14073218584547936
0.6220000000000004,0.508307326211364,5.011095770529666,0.16407160551028116,0.18241320753628806,0.35793291797270343,nan,0.04,0.14071860345962006
0.6320000000000005,0.5068157534370752,5.105279094093224,0.16465555224737213,0.1837386179527322,0.3563472157161945,nan,0.04,0.1407066143461229
0.6420000000000005,0.5053289284271915,5.199795149164064,0.16523542717833367,0.18511957543896382,0.3547375383813583,nan,0.04,0.1406962481954451
0.6520000000000005,0.5038468246353347,5.2946416214610705,0.1658112863113416,0.18655548554517148,0.353104684446444,nan,0.04,0.14068753338201295
0.6620000000000005,0.5023694145754425,5.38981621409817,0.16638314699498857,0.1880457477792243,0.3514491535787567,nan,0.04,0.14068049701532345
0.6720000000000005,0.500896670156382,5.48531663228073,0.166951006061536,0.18958975545237122,0.3497712985690361,nan,0.04,0.14067516497057847
0.6820000000000005,0.4994285628626298,5.581140575224356,0.16751484954847398,0.1911868956514488,0.34807140652602214,nan,0.04,0.14067156190799177
0.6920000000000005,0.4979650638526129,5.677285731939909,0.16807465791678267,0.192836549289782,0.3463497421673321,nan,0.04,0.1406697112858236
0.7020000000000005,0.49650614401298987,5.773749779091337,0.16863040885877495,0.1945380912090583,0.3446065707819137,nan,0.04,0.1406696353699207
0.7120000000000005,0.4950517739893806,5.8705303799833235,0.16918207881439842,0.19629089031608987,0.3428421702698092,nan,0.04,0.140671355241284
0.7220000000000005,0.49360192420452104,5.967625184151817,0.16972964379474342,0.1980943097450771,0.341056837308262,nan,0.04,0.1406748908025122
0.7320000000000005,0.4921565648697363,6.065031827283782,0.17027307983347273,0.1999477070398508,0.33925089034972117,nan,0.04,0.14068026078357715
0.7420000000000005,0.4907156659928972,6.16274793132505,0.17081236323812907,0.20185043435273675,0.33742467090291645,nan,0.04,0.14068748274719817
0.7520000000000006,0.4892791973845607,6.260771104689159,0.1713474707336071,0.2038018386579679,0.3355785438817138,nan,0.04,0.14069657309394495
0.7620000000000006,0.4878471286631986,6.359098942526127,0.1718783795473688,0.205801261978267,0.33371289744458293,nan,0.04,0.14070754706715233
0.7720000000000006,0.48641942926001763,6.457729027029685,0.17240506746305603,0.20784804162360793,0.33182814254548115,nan,0.04,0.14072041875769145
0.7820000000000006,0.48499606842362697,6.556658927767103,0.17292751285684818,0.20994151044140535,0.3299247123261701,nan,0.04,0.14073520110861945
0.7920000000000006,0.48357701522468954,6.655886202028582,0.1734456947242891,0.21208099707750408,0.32800306141445335,nan,0.04,0.14075190591971873
0.8020000000000006,0.48216223856064344,6.755408395186791,0.17395959270174582,0.21426582624738105,0.3260636651611094,nan,0.04,0.14077054385194043
0.8120000000000006,0.48075170716052035,6.855223041071626,0.1744691870847434,0.2164953190170512,0.324107018843649,nan,0.04,0.1407911244317483
0.8220000000000006,0.47934538958989154,6.955327662351911,0.17497445884438043,0.21876879309312505,0.32213363683791385,nan,0.04,0.14081365605537646
0.8320000000000006,0.4779432542559392,7.055719770927183,0.17547538964247866,0.2210855631215536,0.32014405177873123,nan,0.04,0.14083814599298977
0.8420000000000006,0.4765452694126625,7.156396868325876,0.17597196184581126,0.2234449409945161,0.31813881369834507,nan,0.04,0.14086460039275858
0.8520000000000006,0.475151403166222,7.257356446117452,0.17646415853959585,0.22584623616496896,0.3161184891577821,nan,0.04,0.1408930242848418
0.8620000000000007,0.4737616234804078,7.358595986322809,0.17695196354034542,0.2282887559683153,0.3140836603635811,nan,0.04,0.1409234215852933
0.8720000000000007,0.4723758981822452,7.460112961839673,0.1774353614081323,0.23077180595073626,0.3120349242839511,nan,0.04,0.1409557950998664
0.8820000000000007,0.4709941949677233,7.561904836870927,0.1779143374582833,0.2332946902036286,0.3099728917526864,nan,0.04,0.1409901465277433
0.8920000000000007,0.46961648140764306,7.6639690673614265,0.1783888777725173,0.23585671170364828,0.3078981865694023,nan,0.04,0.1410264764651786
0.9020000000000007,0.46824272495358693,7.7663031014389015,0.17885896920953154,0.23845717265787097,0.3058114446012262,nan,0.04,0.1410647844090558
0.9120000000000007,0.4668728929440022,7.8689043798629985,0.17932459941503173,0.24109537485353136,0.3037133128771301,nan,0.04,0.1411050687603596
0.9220000000000007,0.4655069526103953,7.97177033647708,0.17978575683120582,0.24377062001183758,0.30160444868488456,nan,0.04,0.14114732682757278
0.9320000000000007,0.46414487108362723,8.074898398668669,0.18024243070564033,0.24648221014537727,0.29948551867126033,nan,0.04,0.14119155482998225
0.9420000000000007,0.46278661540031696,8.178285987830941,0.18069461109967275,0.24922944791857612,0.2973571979409578,nan,0.04,0.14123774790091145
0.9520000000000007,0.46143215250933756,8.281930519833617,0.18114228889618034,0.2520116370107331,0.2952201691625712,nan,0.04,0.1412859000908691
0.9620000000000007,0.46008144927840633,8.385829405492151,0.1815854558068028,0.25482808248113464,0.29307512167997923,nan,0.04,0.1413360043706215
0.9720000000000008,0.45873447250076305,8.489980051045311,0.1820241043785971,0.2576780911357495,0.29092275063024947,nan,0.04,0.14138805263418297
0.9820000000000008,0.4573911889019306,8.594379858636348,0.1824582280001231,0.26056097189502564,0.28876375606949894,nan,0.04,0.14144203570173564
0.9920000000000008,0.4560515651465568,8.699026226792096,0.18288782090696123,0.2634760361623227,0.2865988421110279,nan,0.04,0.1414979433224651
1.0020000000000007,0.454715567845327,8.803916550913591,0.18331287818666114,0.26642259819249114,0.2844287160708734,nan,0.04,0.14155576417732926
1.0120000000000007,0.45338316356195213,8.909048223761223,0.1837333957831224,0.2693999754601581,0.2822540876290025,nan,0.04,0.14161548588174658
1.0220000000000007,0.4520543188202161,9.014418635946363,0.18414937050041072,0.27240748902726136,0.2800756680030807,nan,0.04,0.14167709498821593
1.0320000000000007,0.4507290001110859,9.12002517642436,0.18456080000600905,0.27544446390938787,0.2778941691363708,nan,0.04,0.1417405769888647
1.0420000000000007,0.44940717389987883,9.225865232988287,0.18496768283351098,0.2785102294405058,0.2757103029045576,nan,0.04,0.14180591631792103
1.0520000000000007,0.4480888066334784,9.331936192765378,0.18537001838475295,0.2816041196356365,0.27352478033475985,nan,0.04,0.14187309635412587
1.0620000000000007,0.446773845490882,9.43823230462537,0.18574729865526826,0.2847255816853963,0.2713522494021734,nan,0.04,0.14194209075041783
1.0720000000000007,0.44546096091392556,9.544729504662584,0.18611095544858094,0.2878809429049223,0.2700935455260008,nan,0.04,0.14201235975578025
1.0820000000000007,0.44414759038105406,9.65149243124289,0.18666465427311751,0.2910821801495016,0.2705160293027,nan,0.04,0.14208309617926737
1.0920000000000007,0.4428340577343987,9.758608158455525,0.1872794133459286,0.29432553844522225,0.2705373373384932,nan,0.04,0.14215472165656232
1.1020000000000008,0.4415218876079638,9.86604353183004,0.18780447788503965,0.29760287233452204,0.2694912019843602,nan,0.04,0.14222775791943315
1.1120000000000008,0.4402119227276046,9.97375534144326,0.18826575402552606,0.3009101106430468,0.2679210434841594,nan,0.04,0.14230235682781395
1.1220000000000008,0.4389046256497928,10.081716300711904,0.18868813110538496,0.3042447400706927,0.2660654230726124,nan,0.04,0.1423785789370345
1.1320000000000008,0.43760024399790476,10.189909681897676,0.18908641654817424,0.3076050534964772,0.26405054163164865,nan,0.04,0.14245644662442708
1.1420000000000008,0.43629890360667734,10.298324845862906,0.18946904693011152,0.31098980389486797,0.261947470824805,nan,0.04,0.14253596123842313
1.1520000000000008,0.43500066129690623,10.406954612804311,0.18984081014475415,0.31439801231769043,0.2597967298971984,nan,0.04,0.14261711177373473
1.1620000000000008,0.43370553474705076,10.515793767992514,0.1902044270592326,0.3178288581259528,0.2576215897847504,nan,0.04,0.14269987972581966
1.1720000000000008,0.4324135194181365,10.624838215361754,0.19056144800603392,0.3212816159719704,0.25543555288126685,nan,0.04,0.1427842418515782
1.1820000000000008,0.4311245981576981,10.734084497788682,0.19091275986261033,0.32475561961479305,0.2532465807396616,nan,0.04,0.142870171744679
1.1920000000000008,0.42983874665877025,10.843529524941864,0.19125887311994946,0.32825024117148294,0.25105948659305044,nan,0.04,0.1429576407360936
1.2020000000000008,0.4285559365688124,10.953170418763692,0.19160008460602082,0.33176487925818227,0.24887729058408126,nan,0.04,0.14304661840979552
1.2120000000000009,0.42727613726428376,11.063004425707543,0.1919365698482112,0.3352989522556778,0.24670198820821534,nan,0.04,0.14313707289870548
1.2220000000000009,0.42599931686648723,11.173028866911356,0.19226843556908133,0.3388518945310683,0.24453498650335348,nan,0.04,0.14322897105498825
1.2320000000000009,0.42472544282535063,11.28324110995421,0.19259574956301306,0.3424231543653416,0.24237735190716464,nan,0.04,0.14332227854841278
1.2420000000000009,0.423454482256801,11.393638552915041,0.19291855772190897,0.34601219286517243,0.24022995123216806,nan,0.04,0.14341695992347173
1.252000000000001,0.422186402139396,11.504218615446941,0.1932368937495932,0.3496184834418843,0.23809353191649044,nan,0.04,0.14351297863281814
1.262000000000001,0.42092116943044744,11.614978733859818,0.19355078471076406,0.35324151161618633,0.23596876772491757,nan,0.04,0.14361029705708958
1.272000000000001,0.4196587511360061,11.725916358495306,0.19386025420342012,0.35688077500891585,0.23385628478430867,nan,0.04,0.1437088765168755
1.282000000000001,0.4183991143543621,11.837028952411362,0.19416532417343116,0.36053578343663295,0.23175667640270833,nan,0.04,0.14380867728015662
1.292000000000001,0.41714222630431236,11.948313990819567,0.19446601595213522,0.3642060590649446,0.22967051149287604,nan,0.04,0.1439096585671206
1.302000000000001,0.4158880543446392,12.05976896095068,0.1947623508486603,0.36789113659222045,0.22759833935532853,nan,0.04,0.14401177855344294
1.312000000000001,0.41463656598850396,12.171391362162202,0.1950543504866399,0.3715905634476759,0.22554069237643973,nan,0.04,0.14411499437268263
1.322000000000001,0.41338774389035154,12.283168136734846,0.1952725083260755,0.37452739524467377,0.20030774337891638,nan,0.04,0.14421925671341462
1.332000000000001,0.41214237842592977,12.394950052119448,0.1951518830403961,0.3760739873945038,0.18224341445288483,nan,0.04,0.14432434782566106
1.342000000000001,0.4109019121509197,12.506610474997773,0.19489134108176429,0.37764548945462034,0.18032235613616937,nan,0.04,0.14443020264387146
1.352000000000001,0.4096671807220874,12.618098258703723,0.19456350099418632,0.3792393198740251,0.1780252592847431,nan,0.04,0.14453692226531545
1.362000000000001,0.40843862509918155,12.72938640581356,0.19419913104996572,0.3808536093483501,0.17551750622309134,nan,0.04,0.14464456442797902
1.372000000000001,0.4072164612463807,12.840460286200926,0.19381539310452575,0.38248696205645916,0.1729024088390888,nan,0.04,0.14475314486709837
1.382000000000001,0.40600077432304166,12.951312381755061,0.1934222572163132,0.38413827529072075,0.17024090855626242,nan,0.04,0.14486265296227696
1.392000000000001,0.4047915733473846,13.061939326979601,0.19302554128304858,0.38580662860481707,0.167568697545733,nan,0.04,0.14497306206172692
1.402000000000001,0.403588823212886,13.17234018344573,0.1926286352611645,0.38749121718823476,0.1649066593764646,nan,0.04,0.14508433564115547
1.412000000000001,0.4023924634895871,13.282515427894142,0.19223350529035685,0.38919131188130435,0.16226700279068096,nan,0.04,0.14519643094287576
1.422000000000001,0.40120241948361696,13.392466357587768,0.19184128115464877,0.3909062351450329,0.159656848214184,nan,0.04,0.14530930112976925
1.432000000000001,0.40001860875268647,13.502194740260627,0.1914526006314529,0.392635346586795,0.1570803246380486,nan,0.04,0.14542289656553348
1.442000000000001,0.39884094495002004,13.611702607706336,0.19106781165860864,0.3943780342133424,0.1545397966845044,nan,0.04,0.14553716558036803
1.452000000000001,0.39766934009499605,13.720992133843541,0.19068709121240943,0.39613370911871704,0.15203658363292297,nan,0.04,0.1456520549331362
1.462000000000001,0.3965037059156735,13.830065562549319,0.1903105153200787,0.397901802233165,0.1495713814625873,nan,0.04,0.14576751009418618
1.472000000000001,0.39534395464283395,13.938925164860459,0.18993810035852127,0.3996817623088,0.1471445110823009,nan,0.04,0.145883475421995
1.482000000000001,0.39418999947926314,14.04757321353089,0.18956982745450748,0.4014730546471533,0.14475606471080835,nan,0.04,0.14599989427680982
1.492000000000001,0.3930417548763313,14.156011967871159,0.18920565692424346,0.4032751602712151,0.1424059924850891,nan,0.04,0.14611670909679417
1.5020000000000011,0.3918991366959581,14.264243664687381,0.18884553683263333,0.40508757536314793,0.14009415393873642,nan,0.04,0.14623386145177342
1.5120000000000011,0.3907620623041907,14.372270512849163,0.1884894080756189,0.4069098108601035,0.13782034880005553,nan,0.04,0.1463512920835324
1.5220000000000011,0.38963045062384694,14.480094690022733,0.18813720740343032,0.40874139214344274,0.13558433559425886,nan,0.04,0.1464689409379643
1.5320000000000011,0.388504222162511,14.587718340698023,0.18778886922246196,0.4105818587824556,0.13338584303730996,nan,0.04,0.14658674719224316
1.5420000000000011,0.38738329902560925,14.695143574997692,0.18744432667149802,0.41243076430924314,0.13122457716055155,nan,0.04,0.14670464927889587
1.5520000000000012,0.38626760492035705,14.802372467956815,0.18710351226608574,0.41428767601080535,0.12910022589772607,nan,0.04,0.14682258490789787
1.5620000000000012,0.38515706515404957,14.909407059091128,0.1867663582854535,0.41615217473004995,0.12701246215830378,nan,0.04,0.14694049108747584
1.5720000000000012,0.38405160662878207,15.016249352143538,0.18643279700565304,0.41802385467086306,0.12496094599221524,nan,0.04,0.14705830414401255
1.5820000000000012,0.38295115783387135,15.122901314942764,0.18610276084065977,0.4199023232044265,0.1229453262025623,nan,0.04,0.14717595974131037
1.5920000000000012,0.38185564883672857,15.229364879335765,0.18577618242824695,0.4217872006752519,0.12096524162121146,nan,0.04,0.14729339289936472
1.6020000000000012,0.3807650112726712,15.335641941166125,0.18545299468262655,0.42367812020612255,0.11902032217188892,nan,0.04,0.14741053801273601
1.6120000000000012,0.3796791783339599,15.441734360289368,0.1851331308270135,0.4255747275016078,0.11711018979695022,nan,0.04,0.1475273288685868
1.6220000000000012,0.3785980847582539,15.547643960609152,0.18481652441399907,0.427476680650067,0.11523445929123657,nan,0.04,0.14764369866441904
1.6320000000000012,0.377521666816605,15.65337253013366,0.18450310933846836,0.4293836499242293,0.11339273907071692,nan,0.04,0.14775958002554576
1.6420000000000012,0.3764498623010739,15.758921821047222,0.18419281984591118,0.43129531758053136,0.11158463189249891,nan,0.04,0.14787490502231085
1.6520000000000012,0.37538261051203664,15.86429354979366,0.1838855905378428,0.43321137765742335,0.1098097355335476,nan,0.04,0.14798960518707568
1.6620000000000013,0.37431985224521763,15.969489397169916,0.183581356375376,0.4351315357729147,0.1080676434376048,nan,0.04,0.14810361153098522
1.6720000000000013,0.3732615297784964,16.074511008429052,0.18328005268157274,0.4370555089215981,0.10635794532980401,nan,0.04,0.14821685456052625
1.6820000000000013,0.37220758685850636,16.17935999339286,0.18298161514296227,0.4389830252714427,0.10468022780591019,nan,0.04,0.1483292642938818
1.6920000000000013,0.3711579686870667,16.28403792656948,0.18268597981045995,0.4409138239605841,0.1030340748925056,nan,0.04,0.14844077027710148
1.7020000000000013,0.3701126219074576,16.388546347280375,0.18239308309983518,0.442847654894397,0.10141906858527727,nan,0.04,0.14855130160008564
1.7120000000000013,0.3690714945905757,16.492886759792118,0.182102861791819,0.4447842785430542,0.09983478935936256,nan,0.04,0.14866078691240064
1.7220000000000013,0.3680345362209762,16.59706063345487,0.18181525303191132,0.44672346573984284,0.09828081665963538,nan,0.04,0.14876915443892746
1.7320000000000013,0.3670016976828288,16.701069402844734,0.18153019432992637,0.44866499748043026,0.09675672936562595,nan,0.04,0.14887633199535616
1.7420000000000013,0.36597293124580715,16.804914467912912,0.18124762355930263,0.45060866472330496,0.09526210623523886,nan,0.04,0.1489822470035293
1.7520000000000013,0.364948190550927,16.908597194137634,0.1809674789561968,0.45255426819158695,0.09379652632636033,nan,0.04,0.1490868265066453
1.7620000000000013,0.363927430596347,17.01211891268077,0.1806896991183742,0.4545016181763834,0.09235956939618784,nan,0.04,0.14918999718433326
1.7720000000000014,0.36291060772315226,17.115480920547977,0.1804142230039095,0.4564505343418958,0.0909508162823204,nan,0.04,0.14929168536759493
1.7820000000000014,0.3618976796011339,17.218684480752426,0.1801409899297037,0.4584008455324125,0.08956984926112728,nan,0.04,0.14939181705363216
1.7920000000000014,0.3608886052145819,17.321730822481612,0.17986993956982802,0.46035238958137,0.08821625238856044,nan,0.04,0.1494903179205603
1.8020000000000014,0.35988334484809614,17.424621141265217,0.17960101195369957,0.4623050131226082,0.08688961182044483,nan,0.04,0.14958711334201943
1.8120000000000014,0.35888186007244366,17.52735659914789,0.17933414746409573,0.4642585714039683,0.08558951611532649,nan,0.04,0.14968212840168435
1.8220000000000014,0.35788411373045725,17.629938324862124,0.17906928683501416,0.46621292810336595,0.08431555651997968,nan,0.04,0.14977528790768402
1.8320000000000014,0.35689006992300054,17.732367414003143,0.17880637114938178,0.4681679551474441,0.08306732723640764,nan,0.04,0.1498665164069347
1.8420000000000014,0.35589969399500604,17.834644929206167,0.1785453418366188,0.4701235325329166,0.08184442567274566,nan,0.04,0.1499557381993954
1.8520000000000014,0.3549129525215927,17.936771900324374,0.17828614067006324,0.47207954815073455,0.08064645267961153,nan,0.04,0.15004287735224653
1.8620000000000014,0.3539298132942808,18.038749324606776,0.17802870976425886,0.4740358976131241,0.07947301276880418,nan,0.04,0.15012785771400183
1.8720000000000014,0.3529502453073054,18.140578166879422,0.1777729915721116,0.47599248408361555,0.07832371431850604,nan,0.04,0.15021060292856056
1.8820000000000014,0.35197421874404405,18.24225935972419,0.17751892888191825,0.4779492181101354,0.07719816976426061,nan,0.04,0.1502910364491989
1.8920000000000015,0.351001704963565,18.343793803660095,0.17726646481427094,0.47990601746123057,0.07609599577609966,nan,0.04,0.15036908155250983
1.9020000000000015,0.35003267648729963,18.445182367323437,0.17701554281884072,0.4818628069654867,0.07501681342184156,nan,0.04,0.15044466135229995
1.9120000000000015,0.3490671069858509,18.546425887648116,0.17676610667104398,0.4838195183542262,0.07396024831989782,nan,0.04,0.15051769881344115
1.9220000000000015,0.34810497126594653,18.64752517004636,0.1765181004685941,0.48577609010750716,0.07292593077798895,nan,0.04,0.15058811676568307
1.9320000000000015,0.34714624525753734,18.74848098858766,0.17627146862794085,0.48773246730349146,0.07191349592119498,nan,0.04,0.15065583791743958
1.9420000000000015,0.3461909060010522,18.849294086178237,0.17602615588060105,0.4896886014712271,0.07092258380993063,nan,0.04,0.15072078486953924
1.9520000000000015,0.3452389316348102,18.949965174739262,0.17578210726938168,0.4916444504468807,0.06995283954663464,nan,0.04,0.1507828801289564
1.9620000000000015,0.344290301382601,19.050494935383874,0.17553926814449866,0.4935999782334524,0.06900391337302032,nan,0.04,0.15084204612251906
1.9720000000000015,0.3433449955414352,19.150884018593057,0.17529758415959146,0.49555515486400403,0.06807546075769347,nan,0.04,0.15089820521060293
1.9820000000000015,0.342402995469467,19.251133044390482,0.17505700126763737,0.4975099562684349,0.06716714247562443,nan,0.04,0.15095127970080896
1.9920000000000015,0.34146428357409897,19.3512426025162,0.17481746571676512,0.49946436414381834,0.06627862467847784,nan,0.04,0.15100119186163533
2.002000000000001,0.34052884330026656,19.451213252597693,0.17457892404597014,0.5014183658283211,0.06540957895759818,nan,0.04,0.15104786393613984
2.012,0.3395966591189136,19.551045524320248,0.17434132308073189,0.503371954178743,0.06455968240019473,nan,0.04,0.15109121815559887
2.021999999999999,0.33866771651565036,19.65073991759515,0.1741046099285342,0.5053251274516299,0.06372861763575689,nan,0.04,0.15113117675317295
2.031999999999998,0.3377420019796133,19.750296902725662,0.17386873197429017,0.5072778891880626,0.0629160728806055,nan,0.04,0.15116766197756332
2.0419999999999967,0.3368195029925116,19.849716920570756,0.17363363687567074,0.5092302481020444,0.06212174197185643,nan,0.04,0.1512005961066853
2.0519999999999956,0.33590020801787945,19.949000382707837,0.17339927255833779,0.5111822179725417,0.06134532439810681,nan,0.04,0.15122990146134016
2.0619999999999945,0.3349841064905225,20.048147671591025,0.17316558721108266,0.5131338175391683,0.060586525324330114,nan,0.04,0.1512555004189052
2.0719999999999934,0.3340711888061722,20.14715914070947,0.1729325292808688,0.5150850704015286,0.0598450556121394,nan,0.04,0.15127731542702702
2.0819999999999923,0.33316144631133576,20.246035114740287,0.17270004746777817,0.5170360049221825,0.05912063183385177,nan,0.04,0.15129526901733875
2.091999999999991,0.3322548712933664,20.344775889701996,0.17246809071986277,0.5189866541332985,0.05841297628557106,nan,0.04,0.15130928381918107
2.10199999999999,0.33135145697072715,20.44338173310222,0.17223660822789785,0.5209370556469105,0.05772181699225033,nan,0.04,0.15131928257335678
2.111999999999989,0.3304511974834714,20.541852884084427,0.17200554942003862,0.5228872515688613,0.057046887713555976,nan,0.04,0.15132518814588733
2.121999999999988,0.3295540878839301,20.640189553570494,0.17177486395637825,0.5248372884163689,0.05638792794348407,nan,0.04,0.1513269235418026
2.131999999999987,0.3286601241276127,20.738391924401874,0.17154450172340444,0.5267872170392243,0.055744682907733364,nan,0.04,0.15132441191894724
2.1419999999999857,0.3277693030643209,20.836460151474956,0.17131441282835663,0.52873709254465,0.05511690356022425,nan,0.04,0.15131757660180806
2.1519999999999846,0.326881622429469,20.934394361875906,0.17108454759347946,0.530686974225781,0.05450434657531365,nan,0.04,0.15130634109536992
2.1619999999999835,0.3259970808356274,21.032194655010233,0.17085485655017124,0.53263692549376,0.05390677433850034,nan,0.04,0.1512906290989914
2.1719999999999824,0.32511567776427525,21.129861102729308,0.17062529043302618,0.5345870138134771,0.053323954936470866,nan,0.04,0.15127036452030931
2.1819999999999813,0.3242374135577679,21.227393749454308,0.17039580017376826,0.5365373106429252,0.05275566214482303,nan,0.04,0.15124547148916392
2.19199999999998,0.32336228941152234,21.324792612294704,0.17016633689507343,0.5384878913761716,0.052201675414686385,nan,0.04,0.1512158743715573
2.201999999999979,0.3224903073664166,21.42205768116527,0.16993685190427824,0.5404388352899391,0.05166177985840841,nan,0.04,0.15118149778363124
2.211999999999978,0.3216214703014061,21.519188918896525,0.1697072966869734,0.5423902254938253,0.05113576623583796,nan,0.04,0.15114226660567348
2.221999999999977,0.32075578192636184,21.616186261343795,0.16947762290047685,0.5443421488841089,0.050623430937968845,nan,0.04,0.15109810599614878
2.231999999999976,0.31989324677511544,21.713049617490523,0.16924778236718507,0.5462946961011802,0.05012457597192458,nan,0.04,0.1510489414057604
2.2419999999999747,0.31903387019873236,21.80977886954853,0.16901772706779966,0.5482479614905985,0.04963900894650967,nan,0.04,0.15099469859152959
2.2519999999999736,0.31817765835899553,21.906373873053248,0.1687874091344242,0.5502020430677448,0.04916654305575161,nan,0.04,0.1509353036309063
2.2619999999999725,0.31732461746497725,22.002834466514525,0.16855682129313013,0.5521570456669942,0.04870715429086127,nan,0.04,0.15087068285688005
2.2719999999999714,0.3164747503902651,22.09916048500247,0.1683259097038185,0.5541130941003568,0.048261472032817894,nan,0.04,0.15080076250076851
2.2819999999999703,0.31562806359902423,22.195351691130046,0.16809453935164276,0.5560703037494601,0.04782867945254551,nan,0.04,0.1507254694609142
2.291999999999969,0.31478456673751337,22.29140779843738,0.1678626526301216,0.5580287842178236,0.047408149951760056,nan,0.04,0.15064473129241077
2.301999999999968,0.3139442706534376,22.38732849833572,0.16763021670186756,0.5599886476618234,0.04699967382528482,nan,0.04,0.15055847598540284
2.311999999999967,0.3131071869363872,22.483113464962955,0.16739719985330273,0.561950010413489,0.046603127636259185,nan,0.04,0.1504666319249495
2.321999999999966,0.3122733278419724,22.578762353850443,0.16716356673527535,0.5639129930833322,0.04621839947781764,nan,0.04,0.15036912789855109
2.3319999999999648,0.3114427062993257,22.67427479983075,0.16692927849123224,0.5658777203844072,0.045845375122004255,nan,0.04,0.15026589311340582
2.3419999999999637,0.3106153359297725,22.769650415364158,0.1666942936980883,0.567844320955716,0.04548393772520749,nan,0.04,0.15015685721452493
2.3519999999999626,0.30979123106169476,22.864888789376202,0.1664585691984581,0.56981292723298,0.04513396986127921,nan,0.04,0.15004195030200038
2.3619999999999615,0.3089704067400915,22.959989486486265,0.16622206069689363,0.571783675363789,0.044795355416457815,nan,0.04,0.14992110294737565
2.3719999999999604,0.30815287873201125,23.054952046506138,0.1659847231601268,0.5737567051562925,0.04446798097382723,nan,0.04,0.14979424620934031
2.3819999999999593,0.3073386635291522,23.149775984116577,0.16574651107885235,0.5757321600520489,0.04415173675794025,nan,0.04,0.14966131164897434
2.391999999999958,0.3065277783486361,23.244460788658337,0.16550737863649867,0.5777101871163318,0.043846517268224125,nan,0.04,0.14952223134468481
2.401999999999957,0.30572024113264645,23.33900592399784,0.16526727981657932,0.5796909370413023,0.04355222170152161,nan,0.04,0.14937693790694626
2.411999999999956,0.30491607054739334,23.433410828438078,0.16502616846969395,0.5816745641590585,0.04326875423848205,nan,0.04,0.14922536449290702
2.421999999999955,0.30411528598172066,23.527674914657894,0.16478399835402757,0.5836612264625454,0.04299602423977892,nan,0.04,0.14906744482090883
2.4319999999999538,0.30331790754554444,23.62179756966763,0.164540723158409,0.5856510856330666,0.04273394638679659,nan,0.04,0.14890311318494154
2.4419999999999527,0.30252395606827587,23.715778154773357,0.1642962965138473,0.5876443070735565,0.042482440786103144,nan,0.04,0.14873230446904953
2.4519999999999516,0.3017334530972992,23.809616005544164,0.16405067199741769,0.5896410599470712,0.04224143305178364,nan,0.04,0.14855495416170136
2.4619999999999505,0.3009464208965812,23.903310431779012,0.1638038031310263,0.5916415172201663,0.042010854374916924,nan,0.04,0.14837099837012688
2.4719999999999493,0.3001628824454449,23.996860717471975,0.16355564337671075,0.5936458557109585,0.04179064158594323,nan,0.04,0.14818037383462215
2.4819999999999482,0.29938286143753606,24.090266120772238,0.16330614612956257,0.5956542561418243,0.04158073721686234,nan,0.04,0.14798301794281485
2.491999999999947,0.2986063822799956,24.183525873939676,0.16305526470897744,0.5976669031965787,0.04138108955908348,nan,0.04,0.14777886874390758
2.501999999999946,0.2978334700928705,24.276639183294318,0.16280295234870007,0.5996839855822214,0.041191652727006964,nan,0.04,0.14756786496287294
2.511999999999945,0.297064150708746,24.369605229158843,0.16254916218596413,0.6017056960952519,0.04101238672363699,nan,0.04,0.1473499460146147
2.521999999999944,0.2962984506726359,24.462423165794565,0.1622938472499224,0.6037322316925507,0.04084325750898916,nan,0.04,0.1471250520180825
2.5319999999999427,0.2955363972421114,24.55509212132943,0.1620369604494949,0.6057637935669558,0.040684237075824525,nan,0.04,0.14689312381033987
2.5419999999999416,0.2947780183876994,24.647611197678987,0.1617784545607114,0.6078005872275682,0.0405353035294628,nan,0.04,0.14665410296057396
2.5519999999999405,0.2940233427935262,24.739979470458962,0.16151828221359976,0.6098428225848656,0.04039644117348217,nan,0.04,0.14640793178405592
2.5619999999999394,0.2932723998582426,24.83219598888906,0.16125639587864485,0.6118907140407135,0.04026764060212797,nan,0.04,0.14615455335603234
2.5719999999999383,0.29252521969621503,24.92425977569008,0.160992747852836,0.6139444805833786,0.04014889879920744,nan,0.04,0.14589391152555323
2.5819999999999372,0.29178183313899103,25.016169826969783,0.16072729024530613,0.6160043458876601,0.040040219245159374,nan,0.04,0.14562595092922134
2.591999999999936,0.2910422717370487,25.107925112101967,0.16045997496256229,0.6180705384202057,0.03994161202976266,nan,0.04,0.14535061700486984
2.601999999999935,0.2903065677618324,25.19952457359514,0.160190753693303,0.6201432915501641,0.039853093973943786,nan,0.04,0.14506785600514935
2.611999999999934,0.289574754208081,25.290967126952562,0.15991957789281291,0.6222228436652533,0.03977468875868897,nan,0.04,0.1447776150110312
2.621999999999933,0.2888468647964532,25.382251660521284,0.15964639876692763,0.6243094382934358,0.03970642706433122,nan,0.04,0.1444798419452084
2.6319999999999317,0.2881229339764551,25.47337703533268,0.15937116725555384,0.6264033242302487,0.03964834671598845,nan,0.04,0.14417448558539953
2.6419999999999306,0.28740299692968474,25.564342084932505,0.15909383401573393,0.6285047556719605,0.03960049283970129,nan,0.04,0.14386149557754133
2.6519999999999295,0.28668708957338107,25.65514561519886,0.15881434940424174,0.63061399235475,0.03956291802957223,nan,0.04,0.1435408224488658
2.6619999999999284,0.2859752485643075,25.745786404152014,0.1585326634596937,0.6327312996999435,0.03953568252157045,nan,0.04,0.14321241762085904
2.6719999999999273,0.2852675113029608,25.83626320175077,0.15824872588416097,0.6348569489655266,0.03951885437973379,nan,0.04,0.14287623342208913
2.681999999999926,0.28456391593811653,25.92657472967903,0.15796248602426952,0.6369912174041503,0.03951250969523098,nan,0.04,0.1425322231008967
2.691999999999925,0.2838645013717223,26.016719681119753,0.15767389285176722,0.6391343884276494,0.03951673279208153,nan,0.04,0.1421803408379461
2.701999999999924,0.28316930726414224,26.106696720517288,0.15738289494354588,0.6412867517783645,0.03953161644850336,nan,0.04,0.1418205417586273
2.711999999999923,0.28247837403976755,26.19650448332775,0.15708944046109985,0.6434486037073966,0.039557262129065775,nan,0.04,0.14145278194529817
2.721999999999922,0.281791742892992,26.286141575755504,0.15679347712940409,0.6456202471599981,0.03959378023041678,nan,0.04,0.14107701844936005
2.7319999999999207,0.28110945579457125,26.37560657447835,0.15649495221519308,0.6478019919682348,0.03964129033844957,nan,0.04,0.14069320930316853
2.7419999999999196,0.2804315554983699,26.464898026357343,0.15619381250462555,0.6499941550512338,0.03969992150365873,nan,0.04,0.14030131353175013
2.7519999999999185,0.2797580855485075,26.55401444813478,0.15589000428031113,0.6521970606230376,0.03976981252453969,nan,0.04,0.13990129116434602
2.7619999999999174,0.2790890902869138,26.642954326116307,0.15558347329768688,0.6544110404084493,0.03985111225252237,nan,0.04,0.139493103245747
2.7719999999999163,0.27842461486130426,26.731716115839752,0.15527416476071973,0.6566364338669858,0.03994397990912758,nan,0.04,0.13907671184742676
2.781999999999915,0.2777647052335844,26.820298241727983,0.15496202329691697,0.6588735884251612,0.04004858541965068,nan,0.04,0.1386520800784628
2.791999999999914,0.2771094081886968,26.90869909672716,0.1546469929316261,0.6611228597173805,0.040165109765919915,nan,0.04,0.1382191720962317
2.801999999999913,0.2764587713439263,26.996917041928317,0.1543290170616019,0.6633846118355786,0.040293745353637785,nan,0.04,0.13777795311687435
2.811999999999912,0.2758128431586608,27.08495040617318,0.15400803842782254,0.6656592175879441,0.0404346964013185,nan,0.04,0.13732838942552344
2.821999999999911,0.2751716729446392,27.172797485643326,0.15368399908753436,0.6679470587669297,0.040588179347781084,nan,0.04,0.13687044838627263
2.8319999999999097,0.2745353108766862,27.260456543431086,0.15335684038550207,0.6702485264267152,0.04075442327640248,nan,0.04,0.13640409845189846
2.8419999999999086,0.273903808003952,27.34792580909377,0.15302650292444853,0.6725640211705491,0.04093367036648134,nan,0.04,0.13592930917330218
2.8519999999999075,0.2732772162616691,27.435203478188622,0.15269292653465766,0.6748939534479947,0.041126176358233915,nan,0.04,0.13544605120868428
2.8619999999999064,0.2726555884834422,27.522287711790103,0.15235605024272567,0.6772387438625693,0.04133221104838111,nan,0.04,0.13495429633242081
2.8719999999999053,0.27203897841407815,27.609176635986117,0.1520158122394354,0.6795988234898419,0.041552058802086234,nan,0.04,0.13445401744365265
2.881999999999904,0.27142744072298763,27.695868341356125,0.15167214984673627,0.6819746342063593,0.0417860190929173,nan,0.04,0.1339451885745583
2.891999999999903,0.27082103101814975,27.78236088242699,0.15132499948380854,0.684366629029605,0.042034407065897526,nan,0.04,0.13342778489831694
2.901999999999902,0.2702198058606747,27.868652277108758,0.1509742966321932,0.6867752724693004,0.042297554127762,nan,0.04,0.13290178273673894
2.911999999999901,0.26962382277997204,27.95474050610858,0.15061997579996694,0.689201040890222,0.0425758085614588,nan,0.04,0.13236715956756187
2.9219999999999,0.26903314028953773,28.04062351232172,0.1502619704849461,0.6916444228868907,0.04286953617111686,nan,0.04,0.13182389403139616
2.9319999999998987,0.2684478179033828,28.12629920019989,0.1499002131368984,0.6941059196702287,0.04317912095055717,nan,0.04,0.1312719659383196
2.9419999999998976,0.26786791615311534,28.21176543509567,0.1495346351187513,0.6965860454666023,0.04350496578683794,nan,0.04,0.13071135627409314
2.9519999999998965,0.26729349660569346,28.29702004258294,0.14916516666677618,0.6990853279292939,0.043847493187040024,nan,0.04,0.1301420472060093
2.9619999999998954,0.26672462188186663,28.382060807751483,0.14879173684973854,0.701604308562738,0.044207146040177614,nan,0.04,0.1295640220883449
2.9719999999998943,0.2661613556753195,28.466885474476733,0.14841427352700076,0.7041435431596627,0.04458438840772499,nan,0.04,0.1289772654674175
2.981999999999893,0.2656037627725435,28.551491744662066,0.14803270330556673,0.7067036022512401,0.044979706343848444,nan,0.04,0.12838176308623603
2.991999999999892,0.26505190907343523,28.63587727745442,0.14764695149606372,0.7092850715705528,0.04539360875218628,nan,0.04,0.12777750188872913
3.001999999999891,0.2645058616126689,28.720039688431672,0.14725694206765447,0.7118885525293314,0.04582662827021762,nan,0.04,0.12716447002354284
3.01199999999989,0.26396568858181335,28.8039765487613,0.1468625976018769,0.7145146627080458,0.0462793221849638,nan,0.04,0.1265426568474119
3.0219999999998888,0.2634314593522659,28.887685384329025,0.14646383924542,0.7171640363595738,0.04675227338791814,nan,0.04,0.12591205292806457
3.0319999999998877,0.2629032444989704,28.971163674838156,0.14606058666183366,0.7198373249260407,0.04724609134790387,nan,0.04,0.12527265004669258
3.0419999999998866,0.26238111582496526,29.0544088528764,0.14565275798219376,0.7225351975692407,0.04776141313136226,nan,0.04,0.1246244411999366
3.0519999999998855,0.26186514638675906,29.137418302951847,0.14524026975473187,0.7252583417140592,0.048298904438065754,nan,0.04,0.12396742060141037
3.0619999999998844,0.2613554105205615,29.22018936049535,0.14482303689345785,0.7280074636049076,0.04885926067306538,nan,0.04,0.12330158368273562
3.0719999999998833,0.26085198386937525,29.302719310830003,0.14440097262580537,0.7307832888747567,0.049443208042246015,nan,0.04,0.12262692709409428
3.081999999999882,0.26035494341095694,29.385005388105874,0.14397398843933987,0.7335865631263851,0.05005150467302266,nan,0.04,0.12194344870427895
3.091999999999881,0.25986436748667097,29.467044774199422,0.14354199402757778,0.7364180525252481,0.05068494175474201,nan,0.04,0.12125114760024477
3.10199999999988,0.2593803358312326,29.548834597577194,0.1431048972349771,0.7392785444033204,0.05134434469764069,nan,0.04,0.12055002408615195
3.111999999999879,0.2589029296033562,29.630371932123015,0.1426626040011702,0.7421688478730321,0.05203057430285997,nan,0.04,0.11984007968189793
3.1219999999998778,0.2584322314173088,29.711653795926537,0.1422150183045254,0.7450897944502223,0.05274452793809789,nan,0.04,0.11912131712113687
3.1319999999998767,0.25796832537537945,29.792677150035864,0.14176204210513868,0.748042238685011,0.05348714071762295,nan,0.04,0.11839374034877458
3.1419999999998756,0.2575112971012454,29.87343889716832,0.14130357528737175,0.7510270587988928,0.054259386666448015,nan,0.04,0.11765735451795929
3.1519999999998745,0.25706123377426854,29.95393588038386,0.14083951560207786,0.7540451573264818,0.05506227987297291,nan,0.04,0.1169121659865425
3.1619999999998734,0.2566182241646654,30.034164881718137,0.14036975860867412,0.7570974617597186,0.05589687560675441,nan,0.04,0.11615818231303826
3.1719999999998723,0.256182358669587,30.114122620773582,0.13989419761724703,0.7601849251921938,0.056764271395867795,nan,0.04,0.1153954122520662
3.181999999999871,0.2557537293500586,30.19380575327086,0.1394127236309043,0.7633085269607074,0.05766560804191967,nan,0.04,0.11462386574929927
3.19199999999987,0.2553324299687731,30.27321086955846,0.13892522528862047,0.7664692732807974,0.05860207055720527,nan,0.04,0.11384355393591838
3.201999999999869,0.25491855602870905,30.352334493079987,0.1384315888088575,0.7696681978724321,0.059574889000809074,nan,0.04,0.11305448912258972
3.211999999999868,0.2545122048125279,30.43117307880057,0.13793169793428373,0.7729063625715034,0.06058533918913817,nan,0.04,0.1122566847929815
3.2219999999998667,0.2541134754227159,30.50972301159114,0.13742543387795836,0.7761848579219465,0.06163474324627162,nan,0.04,0.11145015559684077
3.2319999999998656,0.25372246882241634,30.58798060457128,0.13691267527140297,0.7795048037427422,0.06272446996592472,nan,0.04,0.11063491734265324
3.2419999999998645,0.2533392878768745,30.66594209741086,0.13639329811503728,0.7828673496631077,0.06385593494177177,nan,0.04,0.10981098698991627
3.2519999999998634,0.2529640373954412,30.7436036545916,0.13586717573152043,0.7862736756180246,0.06503060041332723,nan,0.04,0.10897838264106285
3.2619999999998623,0.25259682417402424,30.820961363629,0.1353341787226178,0.7897249922955099,0.06624997478659199,nan,0.04,0.10813712353307162
3.2719999999998612,0.25223775703788776,30.898011233255872,0.13479417493028872,0.7932225415253049,0.06751561175056736,nan,0.04,0.10728723002882061
3.28199999999986,0.2518869468846829,30.974749191569835,0.1342470294027907,0.7967675965976155,0.06882910893206154,nan,0.04,0.1064287236082302
3.291999999999859,0.2515445067275549,31.0511710841456,0.1336926043666957,0.8003614624986259,0.07019210599559043,nan,0.04,0.10556162685926894
3.301999999999858,0.2512105452790162,31.127271462029384,0.13312181500035178,0.8033445239417092,0.045825005725980264,nan,0.04,0.10468597083840656
3.311999999999857,0.25088426910678296,31.20303728745832,0.13254780368887378,0.8043135123409123,0.012021635000186607,nan,0.04,0.10380261163483531
3.3219999999998557,0.25056392037221364,31.278506035344662,0.13206804877531222,0.8053006738368008,0.012423142300612318,nan,0.04,0.10291258450973251
3.3319999999998546,0.2502483862878105,31.35372661562108,0.1316643997626644,0.8063105247660891,0.01294063311023005,nan,0.04,0.10201609527570615
3.3419999999998535,0.24993690741421168,31.42873439554087,0.13131415033486274,0.8073463867356752,0.01354929598228292,nan,0.04,0.10111326352869733
3.3519999999998524,0.24962894840883346,31.503553961122186,0.1310009260827406,0.808410752693414,0.014232279621255834,nan,0.04,0.1002042017500207
3.3619999999998513,0.24932413031368683,31.578202286344535,0.13071323536777443,0.809505533232712,0.014977851653677439,nan,0.04,0.09928902023962824
3.3719999999998502,0.24902218435999435,31.652691008338742,0.13044302382669207,0.8106322249880307,0.01577767321877644,nan,0.04,0.09836782791687294
3.381999999999849,0.24872291958150666,31.727028021628612,0.1301846443614723,0.8117920281183778,0.016625735360203113,nan,0.04,0.09744073278884696
3.391999999999848,0.24842620004127525,31.80121859443882,0.12993413685850672,0.8129859282389335,0.017517638283549044,nan,0.04,0.09650784231089221
3.401999999999847,0.24813192880266507,31.87526615107249,0.1296887246478715,0.8142147532583937,0.01845008665504089,nan,0.04,0.09556926366845007
3.411999999999846,0.24784003663709872,31.949172820802463,0.12944646215945335,0.8154792124330372,0.019420528599508033,nan,0.04,0.09462510399720628
3.4219999999998447,0.2475504740603113,32.02293982334524,0.12920598815929266,0.8167799227628664,0.020426892574217766,nan,0.04,0.09367547055568187
3.4319999999998436,0.24726320570844487,32.096567739855864,0.12896635279783814,0.8181174263231714,0.021467391925431196,nan,0.04,0.09272047086194442
3.4419999999998425,0.24697820635936124,32.170056703664486,0.12872689631498666,0.8194922010484383,0.022540376679428157,nan,0.04,0.09176021280385824
3.4519999999998414,0.2466954581108222,32.24340653470809,0.128487163931271,0.8209046667280053,0.023644218426884016,nan,0.04,0.09079480473033642
3.4619999999998403,0.24641494837194594,32.31661683444083,0.12824684611016784,0.8223551874386688,0.02477721836235203,nan,0.04,0.08982435552945155
3.471999999999839,0.24613666842604467,32.389687052992784,0.12800573662361148,0.8238440712618725,0.025937531414109722,nan,0.04,0.08884897469796507
3.481999999999838,0.2458606123943517,32.46261653683798,0.12776370312031674,0.8253715678656348,0.027123101412790916,nan,0.04,0.08786877240583967
3.491999999999837,0.2455867764803983,32.53540456277525,0.1275206664816672,0.826937864340878,0.02833160366967485,nan,0.04,0.08688385955851143
3.501999999999836,0.2453151584100978,32.608050362301626,0.12727658635911937,0.8285430795458061,0.029560392378196913,nan,0.04,0.08589434785912377
3.511999999999835,0.24504575700743625,32.68055313924897,0.1270314510638837,0.8301872571138174,0.030806451010441556,nan,0.04,0.08490034987248653
3.5219999999998337,0.2447785718631515,32.75291208270668,0.12678527052409672,0.8318703572093845,0.03206634447301521,nan,0.04,0.08390197909219266
3.5319999999998326,0.24451360306607245,32.82512637665609,0.12653807140655826,0.8335922470636132,0.033336172227338486,nan,0.04,0.08289935001211593
3.5419999999998315,0.24425085097544114,32.89719520732428,0.12628989376810196,0.83535269028216,0.034611521973624604,nan,0.04,0.08189257820332436
3.5519999999998304,0.24399031601860294,32.96911776897022,0.12604078878984748,0.8371513348880225,0.035887423813043655,nan,0.04,0.08088178039735457
3.5619999999998293,0.24373199850272662,33.04089326860809,0.1257908172797777,0.8389877000383467,0.03715830512084429,nan,0.04,0.07986707457670755
3.571999999999828,0.24347589843218867,33.112520930028786,0.12554004872197724,0.8408611613353647,0.03841794666162744,nan,0.04,0.07884858007340106
3.581999999999827,0.24322201532533486,33.18399999737653,0.12528856071614763,0.8427709346361929,0.039659440817716614,nan,0.04,0.07782641767637329
3.591999999999826,0.24297034802577372,33.255329738466706,0.12503643869687175,0.8447160582529318,0.04087515315074634,nan,0.04,0.0768007097485556
3.601999999999825,0.24272089450434653,33.32650944797999,0.12478377585428813,0.846695373423447,0.042056688941708865,nan,0.04,0.07577158035442483
3.611999999999824,0.24247365164857132,33.39753845063112,0.1245306732003792,0.84870750292361,0.04319486683231532,nan,0.04,0.07473915539887983
3.6219999999998227,0.2422286150367962,33.46841610438964,0.12427723974081405,0.85075082768385,0.04427970226155876,nan,0.04,0.07370356277830448
3.6319999999998216,0.2419857786945842,33.53914180380733,0.12402359272319241,0.852823461266618,0.04530040406566473,nan,0.04,0.07266493254471672
3.6419999999998205,0.24174513483097876,33.60971498349899,0.12376985794001243,0.8549232220570051,0.04624538840592369,nan,0.04,0.07162339708393982
3.6519999999998194,0.2415066735524007,33.680135121814544,0.12351617006969581,0.8570476030168304,0.047102315136389794,nan,0.04,0.07057909130875806
3.6619999999998183,0.24127038255191,33.75040174473086,0.12326267304223967,0.8591937388535245,0.04785815283982145,nan,0.04,0.0695321528680645
3.671999999999817,0.24103624677156393,33.82051442999436,0.12300952041799039,0.8613583704598158,0.04849928007173632,nan,0.04,0.0684827223730214
3.681999999999816,0.24080424803551656,33.89047281153525,0.12275687576898447,0.8635378064894981,0.04901163188647689,nan,0.04,0.06743094364130257
3.691999999999815,0.2405743646514536,33.960276584178416,0.12250491305249675,0.8657278819497488,0.04938090251193691,nan,0.04,0.06637696396047671
3.701999999999814,0.2403465709778394,34.02992550867118,0.1222538169660281,0.8679239137127549,0.049592817101932404,nan,0.04,0.06532093437161353
3.711999999999813,0.24012083695438557,34.09941941704767,0.12200378327205702,0.8701206528804775,0.049633487860703034,nan,0.04,0.06426300997417692
3.7219999999998117,0.23989712759305795,34.166321771649955,0.10202965800593618,0.8723122339782883,0.04948987252573807,nan,0.04,0.06320335025324893
3.7319999999998106,0.24002256511505643,34.18920177515434,0.06297743091069354,0.8706695322331053,0.032207158147778595,nan,0.04,0.06247719059124147
3.7419999999998095,0.24092659333236247,34.170129642789426,0.10072581997303111,0.864309301518534,0.3979616763740751,nan,0.04,0.06186713741513642
3.7519999999998084,0.24242364608453895,34.127729347961214,0.12509832636898638,0.8553595714238913,0.8046202849771481,nan,0.04,0.06119134021368166
3.7619999999998073,0.24426251644103594,34.07414859939089,0.1346189007998163,0.8453107911633688,1.051964925755712,nan,0.04,0.06044448248575193
3.771999999999806,0.24627152036649175,34.01615137649335,0.13622782711257397,0.8350043829749939,1.1541680701350256,nan,0.04,0.05964965608553958
3.781999999999805,0.24835236513518957,33.95714008130016,0.13437981207651745,0.8248564953748754,1.1700025555427338,nan,0.04,0.05882686224809876
3.791999999999804,0.250454448898854,33.898641732193425,0.13139170245815954,0.8150451851838979,1.1448366524121956,nan,0.04,0.0579891054159332
3.801999999999803,0.2525544778823928,33.841209129506254,0.1283352229059998,0.8056273294735727,1.104681249014339,nan,0.04,0.057144027756048925
3.8119999999998018,0.2546436245809158,33.78492484241197,0.1256346776526339,0.7966035298922889,1.06227761076005,nan,0.04,0.05629588485204784
3.8219999999998007,0.25672015481994925,33.729668868421136,0.12340343271582287,0.7879516722019064,1.0229860794032453,nan,0.04,0.055446950766792444
3.8319999999997996,0.2587854313248154,33.675253756674174,0.12161981665276897,0.779643190127696,0.9885002306001509,nan,0.04,0.05459838941884051
3.8419999999997985,0.2608418620207994,33.62148819416533,0.1202138432823077,0.771650280102376,0.9588668252549274,nan,0.04,0.05375076452078065
3.8519999999997974,0.26289192060653843,33.56820336047059,0.11910700989391451,0.763948601445365,0.9334981264374648,nan,0.04,0.05290432814278745
3.8619999999997963,0.26493773535133636,33.51526079742315,0.11822852730155316,0.7565178573696938,0.9116452936551227,nan,0.04,0.05205917962070722
3.871999999999795,0.2669809645811431,33.462551766444314,0.11752034454301537,0.7493414780857698,0.8926000045007704,nan,0.04,0.05121535049505862
3.881999999999794,0.2690228062376428,33.409996774034006,0.11690260194697195,0.7411619600148076,0.8885821739342481,nan,0.04,0.05037284813180766
3.891999999999793,0.27105696159640735,33.35784482667972,0.11530270110321159,0.7191517203917386,2.8556755767081503,nan,0.04,0.04953442577320092
3.901999999999792,0.2730629486957099,33.30663161134201,0.11301488550881063,0.6979678317888569,2.7869673443464884,nan,0.04,0.04870794277635262
3.9119999999997908,0.27503007289721626,33.25660571703904,0.11051757505601745,0.6776910101983926,2.691807517042722,nan,0.04,0.0478971045137132
3.9219999999997897,0.27695399120113956,33.207863297525414,0.1079802472726592,0.6583305363200208,2.588113696380635,nan,0.04,0.04710323389644303
3.9319999999997886,0.27883295769719557,33.16043315815873,0.10546630893491125,0.63986815858985,2.483045444721962,nan,0.04,0.04632681319451621
3.9419999999997875,0.28066640895533995,33.114312740109916,0.1029991374348789,0.622274761466024,2.3795992077526282,nan,0.04,0.04556798393776677
3.9519999999997864,0.28245436442533745,33.069484153066234,0.10058929577230444,0.6055172855295282,2.279019421769913,nan,0.04,0.04482673269986949
3.9619999999997852,0.2841971691875222,33.02592131469165,0.09823840603108668,0.5895615419911584,2.1818308306560357,nan,0.04,0.04410297427247821
3.971999999999784,0.2858953233791795,32.98359758207467,0.09594013571740177,0.5743740361148851,2.088074198666094,nan,0.04,0.043396551116005634
3.981999999999783,0.2875493755443889,32.9424874676099,0.09369003464163632,0.5599227764572475,1.9975622417839143,nan,0.04,0.04270727286692164
3.991999999999782,0.2891598992968266,32.90256642429895,0.09148554066574208,0.5461772557559378,1.910100719932143,nan,0.04,0.04203493596554666
4.001999999999781,0.29072749164189315,32.863810543743064,0.08932526955157785,0.5331082867749106,1.8255297208898555,nan,0.04,0.04137932750193056
4.01199999999978,0.2922527736689883,32.82619634436928,0.08720849209001844,0.5206878514556799,1.743722113499775,nan,0.04,0.04074022580785558
4.021999999999779,0.29373639033626475,32.78970063896911,0.08513483341417367,0.5088889821150803,1.6645764044184173,nan,0.04,0.04011740064237076
4.031999999999778,0.2951790093399861,32.754300452389685,0.08310411106354021,0.497685668777817,1.5880107750813708,nan,0.04,0.03951061348305546
4.041999999999777,0.2965813194501506,32.719972969472465,0.08111624739062433,0.48705278579438843,1.513958675885348,nan,0.04,0.03891961794914354
4.051999999999776,0.2979440285846447,32.68669550203623,0.07917121988416437,0.4769660330622071,1.4423654663608556,nan,0.04,0.03834416031392794
4.061999999999775,0.29926786177205794,32.65444546880538,0.07726903083116614,0.46740188880051514,1.37318570438398,nan,0.04,0.03778398007204756
4.071999999999774,0.30055355908038345,32.623200384802225,0.0754096872183338,0.45833757175187295,1.306380865677528,nan,0.04,0.03723881054075291
4.0819999999997725,0.30180187355189686,32.592937858024705,0.0735931864548286,0.44975101117351596,1.2419173857187416,nan,0.04,0.03670837948270274
4.091999999999771,0.3030135691669945,32.56363559188351,0.0718195057376482,0.44162082325937185,1.1797649710184135,nan,0.04,0.0361924097420759
4.10199999999977,0.30418941885158723,32.53527139222891,0.070088593940269,0.43392629281160494,1.119895151905368,nan,0.04,0.035690619887807834
4.111999999999769,0.30533021327600096,32.50781954971864,0.06842166529617351,0.421934602637384,1.2472951690164098,nan,0.04,0.03520274710210331
4.121999999999768,0.30643694390684706,32.481239390596734,0.06684105976273719,0.40863572305990814,1.3565377612139484,nan,0.04,0.03472862834370777
4.131999999999767,0.3075107425087378,32.455494091447406,0.06532770870990387,0.39594217256898273,1.2866891499180233,nan,0.04,0.03426797633628076
4.141999999999766,0.308552638387612,32.43055413063999,0.06386204915090495,0.38382640609843016,1.220130367102869,nan,0.04,0.03382046578256996
4.151999999999765,0.30956348451397186,32.40640005290033,0.06242655184867799,0.3722637099241862,1.156393988540432,nan,0.04,0.033385739248853546
4.161999999999764,0.310543969999901,32.3830181515686,0.06101483310032998,0.361231844700147,1.0950850896097382,nan,0.04,0.0329634607025321
4.171999999999763,0.3114947054438684,32.36039653006004,0.05962664733055238,0.3507099537552365,1.0360252800106435,nan,0.04,0.03255332118558439
4.1819999999997615,0.31241628454926385,32.33852304309799,0.05826421005459567,0.34067783955080105,0.9791768466318289,nan,0.04,0.03215502800252406
4.19199999999976,0.3133093143202618,32.31738446903955,0.05693028532286938,0.3311156444194464,0.9245611816493656,nan,0.04,0.03176829618370198
4.201999999999759,0.31417442522957456,32.296966337301754,0.05562735916690118,0.3220037698248834,0.8722110057174952,nan,0.04,0.03139284386449104
4.211999999999758,0.3150122710821842,32.27725305671787,0.05435736426854436,0.3133229072880052,0.8221482119391114,nan,0.04,0.031028390340844012
4.221999999999757,0.3158235244428803,32.258228154049206,0.05312165291885382,0.3050541092682681,0.7743761286922608,nan,0.04,0.030674655611505543
4.231999999999756,0.31660887072283656,32.23987452907314,0.051921066212095544,0.29717886485110734,0.7288788165204031,nan,0.04,0.03033136064711593
4.241999999999755,0.3173690023941052,32.22217468550033,0.05075602909984925,0.289679165344095,0.6856233233036423,nan,0.04,0.02999822796058987
4.251999999999754,0.31810461392961203,32.20511092393513,0.049626641741313156,0.2825375550838895,0.6445628540919353,nan,0.04,0.029674982258341327
4.261999999999753,0.31881639763087566,32.18866549584855,0.04853275685583257,0.2757371674419712,0.6056399231818793,nan,0.04,0.029361351067168345
4.2719999999997516,0.3195050403067637,32.17282072288296,0.0474740413030817,0.26926174787520935,0.5687891235040906,nan,0.04,0.029057065292914814
4.2819999999997505,0.3201712206895399,32.15755908743856,0.04645002348006279,0.2630956663637919,0.5339394196563502,nan,0.04,0.028761859697981867
4.291999999999749,0.3208156074568929,32.14286330042261,0.04546012912619534,0.25722392147700285,0.5010159886838219,nan,0.04,0.028475473299267768
4.301999999999748,0.32143885773744013,32.12871635127979,0.04450370812473028,0.2516321379851972,0.4699416748173445,nan,0.04,0.0281976496940889
4.311999999999747,0.32204161599562137,32.11510154447984,0.043580054518409475,0.24630655957176759,0.440638131429898,nan,0.04,0.027928137323351032
4.321999999999746,0.32262451321197094,32.10200252573916,0.042688421504876804,0.24123403786665734,0.41302671609706265,nan,0.04,0.027666689680979337
4.331999999999745,0.32318816629291763,32.089403300482985,0.041828032759058754,0.23640201874625505,0.38702919303311334,nan,0.04,0.027413065477605116
4.341999999999744,0.32373317765944765,32.07728824644018,0.04099809108350459,0.231798526626579,0.362568285294795,nan,0.04,0.027167028765296065
4.351999999999743,0.32426013497601347,32.0656421217785,0.04019778511725208,0.2274121473086645,0.33956810918444996,nan,0.04,0.02692834902896647
4.361999999999742,0.324769610990349,32.05445006982931,0.03942629462995601,0.22323200980859978,0.31795451519752876,nan,0.04,0.026696801249109524
4.3719999999997405,0.32526216346188197,32.04369762117709,0.03868279477786866,0.21924776750920671,0.2976553538702696,nan,0.04,0.026472165939704022
4.381999999999739,0.3257383351616484,32.03337069369401,0.037966459589407864,0.2154495788987558,0.27860068038287017,nan,0.04,0.026254229164514094
4.391999999999738,0.3261986539305302,32.0234555909496,0.037276464870105136,0.21182808810786777,0.26072290853565383,nan,0.04,0.026042782534477657
4.401999999999737,0.32664363278546177,32.01393899932637,0.03661199066138717,0.20837440541417782,0.24395692239554773,nan,0.04,0.02583762318852389
4.411999999999736,0.3270737700653884,32.00480798408987,0.03597222334859778,0.20508008785197496,0.22824015223924776,nan,0.04,0.025638553759822515
4.421999999999735,0.32748954961034116,31.99604998461025,0.03535635748628398,0.20193712003812142,0.21351262024970924,nan,0.04,0.025445382329259473
4.431999999999734,0.32789144096814493,31.987652808889585,0.03476359738966257,0.19893789530526168,0.19971696044366494,nan,0.04,0.025257922367697302
4.441999999999733,0.32827989962419235,31.979604627520704,0.034193158527855975,0.19607519721582667,0.18679841676287445,nan,0.04,0.025075992668462322
4.451999999999732,0.3286553672504042,31.97189396717897,0.033644268745214964,0.19334218151618193,0.17470482267112453,nan,0.04,0.024899417271319942
4.461999999999731,0.3290182719700279,31.964509703735498,0.033116169330636845,0.1907323585783953,0.163386565172746,nan,0.04,0.02472802537911092
4.4719999999997295,0.329369028635371,31.957441055062734,0.032608115950317484,0.18823957636628133,0.15279653590871808,nan,0.04,0.02456165126811433
4.481999999999728,0.329708039115928,31.95067757359639,0.032119379456281495,0.18585800395395055,0.14289007157406708,nan,0.04,0.024400134193085857
4.491999999999727,0.33003569259464466,31.944209138708594,0.03164924658086768,0.18358211561686186,0.13362488575859272,nan,0.04,0.02424331828786956
4.501999999999726,0.3303523658703409,31.938025948940517,0.031197020525845182,0.1814066755091323,0.12496099396835163,nan,0.04,0.024091052462367014
4.511999999999725,0.33065842366451764,31.932118514135812,0.030762021453742773,0.17932672293474386,0.11686063346314497,nan,0.04,0.023943190296608356
4.521999999999724,0.33095421893098836,31.926477647513536,0.030343586888220107,0.1773375582152991,0.10928817931137162,nan,0.04,0.023799589932577827
4.531999999999723,0.3312400931669333,31.921094457713377,0.02994107202976887,0.17543472915297437,0.10221005785714385,nan,0.04,0.023660113964393634
4.541999999999722,0.33151637672415557,31.91596034084171,0.02955384999257737,0.1736140180833008,0.09559465870548386,nan,0.04,0.02352462932737879
4.551999999999721,0.33178338911943883,31.91106697254633,0.029181311968100726,0.17187142950951953,0.089412246116911,nan,0.04,0.02339300718651645
4.56199999999972,0.33204143934305175,31.90640630014055,0.028822867320605697,0.17020317830768894,0.08363487059415486,nan,0.04,0.02326512282471585
4.5719999999997185,0.3322908261645617,31.901970534798576,0.028477943619746093,0.1686056784894593,0.07823628133370554,nan,0.04,0.02314085553127906
4.581999999999717,0.33253183843522466,31.89775214383893,0.028145986615040905,0.1670755325078588,0.07319184007678524,nan,0.04,0.02302008849091115
4.591999999999716,0.33276475538630623,31.893743843111167,0.02782646015694617,0.16560952109005972,0.06847843681446533,nan,0.04,0.02290270867357526
4.601999999999715,0.33298984692280664,31.88993858949915,0.027518846069052694,0.1642045935798065,0.06407440773394124,nan,0.04,0.02278860672546712
4.611999999999714,0.3332073739205898,31.88632956643585,0.02722268775230375,0.1628578587855568,0.05995945470163786,nan,0.04,0.02267767688218415
4.621999999999713,0.33341758988308556,31.882910020602818,0.026937847491329422,0.1615665727446615,0.05611488792013036,nan,0.04,0.022569818043119895
4.631999999999712,0.3336207431377741,31.87967335052268,0.026663674913503903,0.1603281172699349,0.052524296401639,nan,0.04,0.022464931989990267
4.641999999999711,0.3338170723862279,31.87661332205081,0.026399494368841,0.15914001227795765,0.049170627251769544,nan,0.04,0.0223629221089584
4.65199999999971,0.3340068056510634,31.87372402012736,0.0261447490985625,0.1579999187319406,0.046037123750098594,nan,0.04,0.022263695064126864
4.661999999999709,0.33419016113905864,31.870999819880765,0.025898940104391577,0.15690562811455006,0.04310842070776342,nan,0.04,0.02216716068989105
4.6719999999997075,0.33436734812624846,31.86843533604944,0.025661667456238806,0.15585505284919718,0.04037040657551656,nan,0.04,0.022073232054273948
4.681999999999706,0.33453856823372835,31.866025370138335,0.025432590745057892,0.15484621518640662,0.03781027397372626,nan,0.04,0.0219818254069115
4.691999999999705,0.33470401640378167,31.863764880614653,0.025211395476236458,0.1538772375660404,0.03541633543235956,nan,0.04,0.021892859940178828
4.701999999999704,0.3348638814692378,31.861648968558768,0.024997777825823967,0.15294633537046828,0.03317779239934425,nan,0.04,0.0218062575877996
4.711999999999703,0.33501834646769785,31.85967287145363,0.024791439446399194,0.1520518112910798,0.031084582414723068,nan,0.04,0.021721942878934954
4.721999999999702,0.3351675888250727,31.857831960765555,0.02459208660109071,0.1511920506219941,0.02912728773554332,nan,0.04,0.021639842828409177
4.731999999999701,0.3353117804802777,31.85612174102458,0.024399430843673887,0.1503655170798716,0.02729707816604365,nan,0.04,0.02155988684701715
4.7419999999997,0.3354510879881283,31.85453784927197,0.024213190076218014,0.14957074894192232,0.025585670988736424,nan,0.04,0.02148200666254102
4.751999999999699,0.3355856726182409,31.853076054343354,0.024033089549017762,0.14880635539951848,0.02398529911329807,nan,0.04,0.02140613624658122
4.761999999999698,0.3357156904578775,31.85173225576896,0.0238588626690242,0.1480710130788971,0.02248868311713131,nan,0.04,0.021332211744741522
4.7719999999996965,0.33584129252160766,31.85050248222658,0.023690251596880204,0.14736346270673584,0.02108900520946816,nan,0.04,0.021260171408994975
4.781999999999695,0.33596262486823963,31.849382889561035,0.02352700765102545,0.14668250591110063,0.019779884263464977,nan,0.04,0.021189955531675936
4.791999999999694,0.33607982872425496,31.84836975841756,0.023368891547263182,0.1460270021539482,0.01855535160393593,nan,0.04,0.02112150638089756
4.801999999999693,0.3361930406125024,31.847459491554556,0.023215673502292682,0.14539586579374805,0.017409827472982933,nan,0.04,0.021054768137315705
4.811999999999692,0.33630239248472926,31.846648610900377,0.023067133226926308,0.14478806327733998,0.016338098208940686,nan,0.04,0.020989686832256556
4.821999999999691,0.3364080118565729,31.845933754418045,0.02292305983130782,0.1442026104600473,0.015335294200796708,nan,0.04,0.020926210287253343
4.83199999999969,0.33651002194371743,31.845311672835457,0.02278325166122851,0.14363857005243458,0.014396868692775002,nan,0.04,0.020864288055033237
4.841999999999689,0.33660854179811733,31.844779226290417,0.022647516081691774,0.14309504919147215,0.01351857749886445,nan,0.04,0.020803871362018785
4.851999999999688,0.33670368644332205,31.844333380933357,0.022515669221280205,0.14257119713332111,0.012696459665148228,nan,0.04,0.020744913052369897
4.861999999999687,0.33679556700812835,31.843971205522845,0.022387535688563377,0.14206620306427534,0.011926819112395345,nan,0.04,0.020687367533600797
4.8719999999996855,0.3368842908579156,31.8436898680423,0.02226294826975214,0.14157929402601022,0.011206207264053669,nan,0.04,0.02063119072379383
4.881999999999684,0.3369699617231963,31.84348663236083,0.022141747615055676,0.14110973295084692,0.010531406659329638,nan,0.04,0.02057634000041192
4.891999999999683,0.33705267982499126,31.843358854955884,0.022023781919681955,0.14065681680258887,0.00989941553014793,nan,0.04,0.020522774150714868
4.901999999999682,0.337132541996775,31.84330398170969,0.021908906604151072,0.14021987481832568,0.009307433316814976,nan,0.04,0.020470453323751102
4.911999999999681,0.3372096418028142,31.843319544790713,0.02179698399750523,0.13979826684636887,0.008752847096412362,nan,0.04,0.020419338983927723
4.92199999999968,0.3372840696527788,31.843403159625506,0.021687883026139155,0.13939138177568705,0.008233218876945569,nan,0.04,0.020369393866118288
4.931999999999679,0.3373559129125942,31.843552521964515,0.02158147891024073,0.13899863605211255,0.007746273723217737,nan,0.04,0.020320581932279095
4.941999999999678,0.33742525601151985,31.84376540504643,0.021477652869265982,0.13861947227672256,0.007289888669593593,nan,0.04,0.020272868329546966
4.951999999999677,0.3374921805454815,31.84403965685805,0.02137629183740814,0.138253357881973,0.006862082374348526,nan,0.04,0.020226219349777846
4.961999999999676,0.3375567653767302,31.84437319749298,0.021277288189669705,0.13789978388125193,0.006461005474997312,nan,0.04,0.02018060239047613
4.9719999999996745,0.33761908672989216,31.844764016604593,0.02118053947885678,0.1375582636877075,0.006084931600968271,nan,0.04,0.020135985917098843
4.981999999999673,0.3376792182845139,31.845210170953347,0.021085948183620536,0.13722833199843787,0.005732249000502646,nan,0.04,0.020092339426663133
4.991999999999672,0.3377372312642015,31.84570978204551,0.020993421467499544,0.13690954374023778,0.005401452744847995,nan,0.04,0.020049633412632765
5.001999999999671,0.33779319452246376,31.846261033859125,0.02090287094880336,0.13660147307333806,0.005091137469798635,nan,0.04,0.020007839331049614
5.01199999999967,0.3378471746253722,31.84686217065669,0.02081421248109461,0.13630371244978823,0.004799990617622886,nan,0.04,0.019966929567840526
5.021999999999669,0.337899235931153,31.847511494879484,0.020727365943974254,0.13601587172325041,0.0045267861477008954,nan,0.04,0.01992687740728701
5.031999999999668,0.33794944066683075,31.84820736512117,0.020642255043823596,0.13573757730720554,0.004270378682010514,nan,0.04,0.019887657001601684
5.041999999999667,0.3379978490020223,31.848948194177968,0.020558807124143597,0.13546847137872667,0.004029698055534262,nan,0.04,0.019849243341573793
5.051999999999666,0.3380445191200095,31.849732447171384,0.020476952985108696,0.13520821112513456,0.003803744244375437,nan,0.04,0.01981161222826
5.0619999999996645,0.33808950728617904,31.850558639741728,0.020396626711961813,0.1349564680310928,0.0035915826421633722,nan,0.04,0.019774740245654277
5.0719999999996634,0.33813286791395475,31.851425336308335,0.02031776551185657,0.13471292720365355,0.0033923396660944147,nan,0.04,0.01973860473433437
5.081999999999662,0.33817465362829846,31.852331148395173,0.020240309558784506,0.13447728673317869,0.0032051986622061318,nan,0.04,0.019703183766022477
5.091999999999661,0.33821491577694995,31.85327476040362,0.020163355834070657,0.13424925556965164,0.0030294210729627925,nan,0.04,0.01966845577543659
5.10199999999966,0.3382537043086371,31.85425492708468,0.02008610391955752,0.1340285565122587,0.0028641944756332373,nan,0.04,0.019634399590675842
5.111999999999659,0.3382910658839709,31.85527034634796,0.02000933634780776,0.13381493016540874,0.0027087386787820363,nan,0.04,0.019600996297398747
5.121999999999658,0.3383270469212474,31.8563197458197,0.019933412551602574,0.1336081203277195,0.0025626236685513002,nan,0.04,0.019568226902259966
5.131999999999657,0.3383616926172307,31.85740190838265,0.01985848049396378,0.13340787914533278,0.002425309847466999,nan,0.04,0.019536072723480805
5.141999999999656,0.33839504655532765,31.8585156703601,0.019784591686670905,0.1332139689735221,0.00229624004425347,nan,0.04,0.019504515642162885
5.151999999999655,0.3384271507205137,31.859659915717263,0.019711752049082903,0.13302616223000557,0.002174886274486717,nan,0.04,0.01947353813954835
5.1619999999996535,0.33845804559634096,31.8608335709241,0.019639945685152534,0.13284424082381716,0.002060757554169554,nan,0.04,0.019443123280694894
5.171999999999652,0.33848777026128424,31.862035601092153,0.019569146444195582,0.13266799556954154,0.0019533981862960726,nan,0.04,0.019413254688661865
5.181999999999651,0.3385163624694211,31.86326500713905,0.019499323678766944,0.13249722566829536,0.0018523844373139616,nan,0.04,0.019383916519641893
5.19199999999965,0.338543858716632,31.86452082365658,0.01943044514936504,0.13233173825636055,0.0017573214294314757,nan,0.04,0.019355093440752622
5.201999999999649,0.3385702942962057,31.8658021172308,0.019362478493600548,0.13217134800703453,0.001667840537368517,nan,0.04,0.01932677061022406
5.211999999999648,0.33859570334711714,31.86710798505022,0.019295391961603812,0.13201587677249266,0.0015835972170409557,nan,0.04,0.019298933659393287
5.221999999999647,0.3386201188973305,31.868437553698513,0.01922915477224006,0.1318651532557395,0.0015042691622733756,nan,0.04,0.01927156867604472
5.231999999999646,0.3386435729035788,31.869789978068553,0.01916373727203119,0.13171901270619976,0.0014295546951666146,nan,0.04,0.019244662188761842
5.241999999999645,0.3386660962886039,31.871164440360815,0.01909911099117981,0.1315772966344906,0.0013591713336733075,nan,0.04,0.019218201152084103
5.251999999999644,0.3386877189763948,31.87256014914323,0.019035248646181686,0.1314398525436396,0.0012928544918458754,nan,0.04,0.01919217293232242
5.2619999999996425,0.3387084699258101,31.873976338459094,0.01897212411513234,0.13130653367462522,0.0012303562917240338,nan,0.04,0.01916656529395367
5.271999999999641,0.33872837716280657,31.875412266974482,0.018909712399603523,0.13117719876493553,0.0011714444655037384,nan,0.04,0.019141366386524326
5.28199999999964,0.33874746781141346,31.876867217160246,0.018847989580468624,0.1310517118190471,0.0011159013384010462,nan,0.04,0.019116564732039345
5.291999999999639,0.3387657681235718,31.878340494505036,0.018786932771606903,0.13092994188995632,0.0010635228833503934,nan,0.04,0.019092149212786316
5.301999999999638,0.3387833035078939,31.87983142675744,0.0187265200735614,0.13081176287112461,0.00101411783949665,nan,0.04,0.01906810905958504
5.311999999999637,0.33880009855742116,31.88133936319438,0.01866673052821843,0.13069705329812517,0.0009675068914861566,nan,0.04,0.01904443384044719
5.321999999999636,0.33881617707640654,31.882863673915516,0.01860754407504956,0.13058569615955093,0.0009235219021161219,nan,0.04,0.019021113449604415
5.331999999999635,0.338831562106184,31.88440374916199,0.01854894150915552,0.13047757871659343,0.0008820051970422051,nan,0.04,0.018998138096931013
5.341999999999634,0.338846275950143,31.885958998658488,0.01849090444119507,0.1303725923308759,0.0008428088959592147,nan,0.04,0.018975498297701687
5.351999999999633,0.3388603401978603,31.887528850977855,0.018433415259204267,0.13027063230010974,0.0008057942878504267,nan,0.04,0.01895318486270876
5.3619999999996315,0.3388737757484051,31.889112752926682,0.018376457092259112,0.13017159770113446,0.000770831247477141,nan,0.04,0.018931188888700802
5.37199999999963,0.33888660283285554,31.890710168952907,0.018320013775918555,0.13007539124003542,0.0007377976893048904,nan,0.04,0.01890950174915024
5.381999999999629,0.33889884103605883,31.892320580572136,0.01826406981937302,0.12998191910890278,0.0007065790577540153,nan,0.04,0.01888811508532045
5.391999999999628,0.3389105093176493,31.893943485814283,0.018208610374216425,0.12989109084892428,0.0006770678504143164,nan,0.04,0.018867020797639043
5.401999999999627,0.3389216260323692,31.895578398687714,0.018153621204768922,0.1298028192195608,0.0006491631714897186,nan,0.04,0.018846211037350645
5.411999999999626,0.3389322089496986,31.89722484866296,0.018099088659863816,0.12971702007336822,0.0006227703155836102,nan,0.04,0.01882567819845507
5.421999999999625,0.338942275272833,31.898882380171894,0.018044999646036244,0.1296336122363215,0.0005978003770561676,nan,0.04,0.018805414909906667
5.431999999999624,0.3389518416570244,31.90055055212473,0.017991341602032168,0.1295525173933034,0.0005741698852165071,nan,0.04,0.018785414028074446
5.441999999999623,0.3389609242273101,31.902228937443315,0.01793810247457424,0.12947365997848945,0.0005518004632461412,nan,0.04,0.018765668629451983
5.451999999999622,0.3389695385956485,31.903917122608746,0.017885270695320803,0.12939696707044615,0.0005306185085870743,nan,0.04,0.018746172003614142
5.4619999999996205,0.3389776998774914,31.905614707225542,0.01783283515895643,0.1293223682917007,0.0005105548938467025,nan,0.04,0.018726917646386333
5.471999999999619,0.3389854227077965,31.907321303598934,0.017780785202352285,0.12924979571251846,0.0004915446875401021,nan,0.04,0.018707899253266082
5.481999999999618,0.33899272125651686,31.90903653632703,0.017729110584745765,0.1291791837587531,0.00047352689190515335,nan,0.04,0.018689110713041232
5.491999999999617,0.33899960924357325,31.91076004190599,0.017677801468884334,0.12911046912353943,0.00045644419799774263,nan,0.04,0.018670546101625003
5.501999999999616,0.33900609995333514,31.91249146834866,0.017626848403084393,0.12904359068266283,0.00044024275615227163,nan,0.04,0.01865219967609474
5.511999999999615,0.33901220624861783,31.914230474815074,0.017576242304160158,0.12897848941343232,0.0004248719611089819,nan,0.04,0.018634065868919227
5.521999999999614,0.339017940584227,31.915976731255714,0.017525974441174617,0.1289151083168618,0.00041028425107076055,nan,0.04,0.01861613928238372
5.531999999999613,0.33902331502004845,31.917729918066684,0.017476036419974302,0.12885339234307794,0.00039643491899843446,nan,0.04,0.018598414683192305
5.541999999999612,0.33902834123371295,31.919489725755227,0.0174264201684628,0.1287932883197353,0.0003832819362960251,nan,0.04,0.018580886997244084
5.551999999999611,0.3390330305328469,31.921255854617225,0.017377117922581908,0.12873474488333958,0.0003707857875240503,nan,0.04,0.018563551304587263
5.5619999999996095,0.33903739386691634,31.923028014424695,0.017328122212958395,0.12867771241331633,0.0003589093156245172,nan,0.04,0.018546402834528138
5.571999999999608,0.33904144183868806,31.924805924123568,0.01727942585218511,0.12862214296876073,0.0003476175766019011,nan,0.04,0.018529436960907735
5.581999999999607,0.3390451847153134,31.926589311541466,0.0172310219227049,0.12856799022765977,0.00033687770392373166,nan,0.04,0.01851264919753011
5.591999999999606,0.3390486324390509,31.928377913105056,0.017182903765265534,0.12851520942857786,0.00032665878073485894,nan,0.04,0.018496035193728073
5.601999999999605,0.33905179463763985,31.930171473566265,0.01713506496791791,0.12846375731459198,0.00031693172087497327,nan,0.04,0.01847959073009191
5.611999999999604,0.3390546806343381,31.93196974573773,0.017087499355526083,0.12841359207945538,0.0003076691567430232,nan,0.04,0.018463311714320637
5.621999999999603,0.33905729945762764,31.933772490236567,0.01704020097977091,0.12836467331586765,0.0002988453344181068,nan,0.04,0.018447194177216145
5.631999999999602,0.3390596598506103,31.935579475236896,0.016993164109617244,0.1283169619657562,0.00029043601531795126,nan,0.04,0.01843123426879722
5.641999999999601,0.33906177028009493,31.93739047623012,0.016946383222220873,0.12827042027246768,0.0002824183840934339,nan,0.04,0.01841542825455336
5.6519999999996,0.3390636389453949,31.939205275792332,0.01689985299425542,0.12822501173479894,0.0002747709622052451,nan,0.04,0.01839977251180957
5.6619999999995985,0.339065273786835,31.941023663360774,0.01685356829363825,0.1281807010628228,0.00026747352662627276,nan,0.04,0.0183842635262049
5.671999999999597,0.33906668249398425,31.942845435015908,0.016807524171634218,0.12813745413537886,0.000260507034002577,nan,0.04,0.018368897888294503
5.681999999999596,0.3390678725136321,31.94467039327144,0.016761715855319687,0.12809523795914332,0.0002538535494813834,nan,0.04,0.018353672290257427
5.691999999999595,0.3390688510574857,31.946498346871074,0.016716138740389533,0.1280540206293387,0.00024749617935143436,nan,0.04,0.01833858352270039
5.701999999999594,0.339069625109646,31.948329110591192,0.01667078838428737,0.1280137712918369,0.0002414190088096764,nan,0.04,0.018323628471582934
5.711999999999593,0.3390702014338199,31.950162505050915,0.016625660499646828,0.12797446010671937,0.0002356070427818727,nan,0.04,0.018308804115222975
5.721999999999592,0.33907058658031347,31.951998356527167,0.0165807509480261,0.1279360582131996,0.00023004615080092784,nan,0.04,0.01829410752141258
5.731999999999591,0.3390707868927967,31.953836496776365,0.01653605573392143,0.12789853769584417,0.00022472301512385662,nan,0.04,0.018279535844611085
5.74199999999959,0.33907080851484883,31.955676762861756,0.016491570999048227,0.12786187155206175,0.00021962508205315034,nan,0.04,0.018265086323241597
5.7519999999995886,0.3390706573962972,31.95751899698611,0.0164472930168731,0.12782603366075113,0.00021474051645782976,nan,0.04,0.01825075627707263
5.7619999999995875,0.3390703392993473,31.95936304633002,0.016403218187391037,0.1277909987521583,0.00021005815863270045,nan,0.04,0.01823654310466871
5.771999999999586,0.33906985980452437,31.961208762894724,0.01635934303212636,0.12775674237878687,0.00020556748437275353,nan,0.04,0.018222444280943332
5.781999999999585,0.33906922431641506,31.96305600335127,0.016315664189356587,0.1277232408873987,0.00020125856697822295,nan,0.04,0.018208457354774124
5.791999999999584,0.33906843806923587,31.96490462889299,0.01627217840954121,0.12769047139201925,0.0001971220419372938,nan,0.04,0.018194579946699582
5.801999999999583,0.339067506132211,31.966754505093537,0.016228882550950206,0.12765841174793674,0.00019314907349978885,nan,0.04,0.018180809746690896
5.811999999999582,0.33906643341479065,31.968605501769574,0.016185773575480938,0.1276270405266132,0.00018933132358435521,nan,0.04,0.01816714451199209
5.821999999999581,0.3390652246716946,31.970457492847355,0.01614284854465174,0.1275963369915219,0.00018566092223987364,nan,0.04,0.018153582065029834
5.83199999999958,0.3390638845077988,31.97231035623406,0.01610010461577174,0.1275662810748382,0.0001821304401893836,nan,0.04,0.018140120291386445
5.841999999999579,0.33906241738286214,31.97416397369221,0.016057539038269356,0.1275368533549603,0.00017873286287552008,nan,0.04,0.018126757137844465
5.8519999999995775,0.33906082761610545,31.976018230719816,0.01601514915017902,0.12750803503485597,0.00017546156606327201,nan,0.04,0.018113490610486286
5.861999999999576,0.3390591193906473,31.97787301643268,0.01597293237477472,0.12747980792112112,0.00017231029315879307,nan,0.04,0.01810031877285599
5.871999999999575,0.3390572967577918,31.97972822345125,0.015930886217344627,0.12745215440385171,0.00016927313348251392,nan,0.04,0.018087239744181045
5.881999999999574,0.3390553636411836,31.981583747791095,0.015889008262101625,0.12742505743715907,0.00016634450230144677,nan,0.04,0.018074251697651974
5.891999999999573,0.33905332384083225,31.983439488756595,0.01584729616922178,0.12739850052041995,0.00016351912169280705,nan,0.04,0.018061352858748193
5.901999999999572,0.3390511810370061,31.985295348837898,0.01580574767200622,0.12737246768015298,0.00016079200281449794,nan,0.04,0.01804854150362614
5.911999999999571,0.3390489387940036,31.987151233611698,0.01576436057415851,0.12734694345253517,0.00015815842913536685,nan,0.04,0.018035815957554945
5.92199999999957,0.33904660056380476,31.989007051644656,0.015723132747175562,0.12732191286654318,0.00015561394059800286,nan,0.04,0.018023174593396748
5.931999999999569,0.3390441696896044,31.99086271440009,0.015682062127843288,0.12729736142765488,0.00015315431891774488,nan,0.04,0.01801061583014622
5.941999999999568,0.3390416494092385,31.992718136147374,0.015641146715835823,0.12727327510213335,0.00015077557360196792,nan,0.04,0.01799813813150371
5.9519999999995665,0.3390390428584976,31.994573233874707,0.015600384571413217,0.1272496403018557,0.0001484739288301168,nan,0.04,0.017985740004500442
5.961999999999565,0.33903635307433666,31.99642792720417,0.015559773813208508,0.12722644386963713,0.00014624581123441873,nan,0.04,0.01797341999816641
5.971999999999564,0.3390335829979809,31.99828213830956,0.015519312616105042,0.12720367306511282,0.0001440878381549537,nan,0.04,0.017961176702241267
5.981999999999563,0.3390307354779369,32.000135791837174,0.015478999209201257,0.12718131555104253,0.0001419968069504739,nan,0.04,0.01794900874591761
5.991999999999562,0.33902781327290954,32.00198881482868,0.015438831873852147,0.12715935938012343,0.00013996968459056426,nan,0.04,0.01793691479663715
6.001999999999561,0.33902481905461884,32.00384113664632,0.015398808941791436,0.12713779298224742,0.00013800359806511185,nan,0.04,0.01792489355891375
6.01199999999956,0.3390217554105365,32.00569268890129,0.01535892879332772,0.12711660515218193,0.0001360958253456242,nan,0.04,0.01791294377319727
6.021999999999559,0.3390186248465312,32.00754340538317,0.015319189855609596,0.12709578503766647,0.0001342437868280765,nan,0.04,0.017901064214776996
6.031999999999558,0.33901542978943006,32.00939322199283,0.015279590600961793,0.12707532212794187,0.00013244503725903562,nan,0.04,0.017889253692709467
6.041999999999557,0.3390121725895017,32.01124207667644,0.015240129545282876,0.12705520624261873,0.00013069725826630335,nan,0.04,0.017877511048793097
6.0519999999995555,0.33900885552285964,32.01308990936204,0.015200805246507498,0.12703542752097205,0.00012899825115204592,nan,0.04,0.017865835156563818
6.061999999999554,0.33900548079378867,32.01493666189821,0.015161616303127269,0.12701597641156898,0.000127345930227991,nan,0.04,0.01785422492032604
6.071999999999553,0.3390020505370022,32.01678227799438,0.015122561352766564,0.1269968436622209,0.0001257383165930225,nan,0.04,0.017842679274217944
6.081999999999552,0.33899856681981905,32.01862670316303,0.015083639070816713,0.12697802031034938,0.00012417353200324998,nan,0.04,0.01783119718129815
6.091999999999551,0.3389950316442825,32.0204698846641,0.015044848169122011,0.12695949767359307,0.00012264979344970338,nan,0.04,0.017819777632670685
6.10199999999955,0.338991446949208,32.02231177145053,0.015006187394711382,0.126941267340759,0.00012116540788270008,nan,0.04,0.017808419646625925
6.111999999999549,0.33898781461216043,32.02415231411627,0.014967655528582598,0.12692332116310648,0.00011971876709463691,nan,0.04,0.01779712226781932
6.121999999999548,0.338984136451382,32.02599146484505,0.01492925138452987,0.1269056512458622,0.0001183083432656079,nan,0.04,0.017785884566468815
6.131999999999547,0.3389804142276459,32.02782917736145,0.014890973808016949,0.12688824994006997,0.00011693268437076032,nan,0.04,0.017774705637579744
6.141999999999546,0.3389766496460613,32.02966540688342,0.014852821675091497,0.1268711098346708,0.00011559041017509164,nan,0.04,0.01776358460019438
6.1519999999995445,0.3389728443578157,32.031500110075726,0.014814793891340982,0.12685422374888197,0.00011428020821643194,nan,0.04,0.017752520596663938
6.161999999999543,0.33896899996186564,32.03333324500582,0.014776889390887556,0.1268375847247979,0.00011300083018505774,nan,0.04,0.017741512791941617
6.171999999999542,0.33896511800657386,32.0351647710999,0.014739107135416832,0.1268211860202479,0.00011175108843841043,nan,0.04,0.017730560372905206
6.181999999999541,0.33896119999129076,32.036994649101814,0.01470144611324686,0.1268050211019034,0.00011052985268919621,nan,0.04,0.01771966254768706
6.19199999999954,0.3389572473678955,32.03882284103155,0.01466390533842946,0.12678908363857158,0.00010933604700461045,nan,0.04,0.017708818545038783
6.201999999999539,0.33895326154227745,32.04064931014665,0.014626483849883168,0.1267733674947464,0.00010816864682115774,nan,0.04,0.017698027613712895
6.211999999999538,0.3389492438757784,32.04247402090366,0.014589180710561821,0.1267578667243851,0.00010702667615843103,nan,0.04,0.01768728902185224
6.221999999999537,0.33894519568658604,32.044296938921406,0.014551995006648248,0.12674257556481947,0.00010590920519266392,nan,0.04,0.017676602056414588
6.231999999999536,0.3389411182510877,32.046118030945195,0.01451492584678067,0.126727488430942,0.00010481534765122845,nan,0.04,0.01766596602260412
6.241999999999535,0.33893701280517663,32.04793726481233,0.014477972361305802,0.1267125999095391,0.00010374425857616835,nan,0.04,0.017655380243326708
6.2519999999995335,0.3389328805455196,32.04975460941814,0.014441133701558912,0.12669790475381945,0.00010269513216637999,nan,0.04,0.017644844058657048
6.261999999999532,0.33892872263078455,32.05157003468414,0.014404409039171716,0.12668339787814095,0.0001016671996543666,nan,0.04,0.017634356825323827
6.271999999999531,0.3389245401828301,32.053383511525794,0.014367797565401252,0.12666907435286573,0.00010065972747002054,nan,0.04,0.01762391791621758
6.28199999999953,0.3389203342878558,32.05519501182281,0.014331298490485967,0.12665492939941778,9.967201533780518e-05,nan,0.04,0.017613526719902333
6.291999999999529,0.33891610599752137,32.05700450838884,0.014294911043022123,0.12664095838549824,9.870339455742248e-05,nan,0.04,0.017603182640150962
6.301999999999528,0.3389118563300223,32.058811974943545,0.014258634469364281,0.12662715682043477,9.775322641714261e-05,nan,0.04,0.01759288509549361
6.311999999999527,0.3389075862711398,32.06061738608424,0.014222468033047896,0.1266135203507089,9.68209005872251e-05,nan,0.04,0.017582633518772994
6.321999999999526,0.33890329677525194,32.062420717259606,0.014186411014228644,0.12660004475560827,9.590583373063539e-05,nan,0.04,0.017572427356727646
6.331999999999525,0.3388989887663199,32.064221944743245,0.014150462709144575,0.12658672594302323,9.500746810038675e-05,nan,0.04,0.017562266069572396
6.341999999999524,0.33889466313883304,32.0660210456087,0.014114622429596192,0.1265735599453973,9.412527020401815e-05,nan,0.04,0.017552149130603087
6.3519999999995225,0.3388903207587361,32.06781799770493,0.014078889502442713,0.12656054291577487,9.325872966520783e-05,nan,0.04,0.0175420760258099
6.361999999999521,0.3388859624643177,32.069612779632806,0.014043263269119678,0.12654767112400359,9.240735797957224e-05,nan,0.04,0.017532046253497042
6.37199999999952,0.33888158906707677,32.07140537072194,0.014007743085171147,0.12653494095304696,9.157068746611675e-05,nan,0.04,0.01752205932392803
6.381999999999519,0.33887720135256016,32.07319575100868,0.013972328319797417,0.12652234889543196,9.074827018655433e-05,nan,0.04,0.017512114758964633
6.391999999999518,0.33887280008117016,32.07498390121437,0.013937018355420381,0.12650989154977768,8.993967703769894e-05,nan,0.04,0.017502212091732892
6.401999999999517,0.33886838598895463,32.07676980272503,0.013901812587262984,0.12649756561747896,8.914449672519398e-05,nan,0.04,0.01749235086628633
6.411999999999516,0.3388639597883661,32.07855343757043,0.013866710422940737,0.12648536789944695,8.836233500838546e-05,nan,0.04,0.01748253063729053
6.421999999999515,0.33885952216899956,32.080334788405054,0.013831711282071021,0.12647329529299944,8.759281374236293e-05,nan,0.04,0.01747275096971098
6.431999999999514,0.33885507379830393,32.082113838489015,0.013796814595895185,0.1264613447888393,8.683557016151681e-05,nan,0.04,0.017463011438508744
6.441999999999513,0.3388506153222792,32.083890571669535,0.013762019806910742,0.12644951346809816,8.609025615671041e-05,nan,0.04,0.01745331162834997
6.4519999999995115,0.33884614736614077,32.08566497236347,0.013727326368518538,0.1264377984995141,8.535653752079437e-05,nan,0.04,0.017443651133329494
6.46199999999951,0.3388416705349728,32.087437025539586,0.013692733744680973,0.12642619713669048,8.463409329110962e-05,nan,0.04,0.017434029556686877
6.471999999999509,0.3388371854143535,32.08920671670238,0.013658241409593663,0.12641470671541924,8.39226151535558e-05,nan,0.04,0.017424446510547316
6.481999999999508,0.3388326925709675,32.09097403187549,0.01362384884736415,0.1264033246511311,8.322180678570902e-05,nan,0.04,0.017414901615659038
6.491999999999507,0.3388281925531933,32.09273895758635,0.013589555551705742,0.12639204843637472,8.253138337394868e-05,nan,0.04,0.01740539450115442
6.501999999999506,0.33882368589167616,32.09450148085059,0.013555361025639203,0.12638087563842654,8.185107097875233e-05,nan,0.04,0.01739592480429238
6.511999999999505,0.33881917309988163,32.096261589157635,0.013521264781205895,0.12636980389694807,8.118060608714787e-05,nan,0.04,0.01738649217023583
6.521999999999504,0.33881465467463134,32.09801927045634,0.013487266339187938,0.12635883092172,8.051973514171686e-05,nan,0.04,0.01737709625182027
6.531999999999503,0.3388101310966243,32.09977451314127,0.013453365228841777,0.12634795449045627,7.98682140282613e-05,nan,0.04,0.01736773670933431
6.5419999999995015,0.3388056028309361,32.10152730603886,0.0134195609876382,0.12633717244668977,7.922580767513303e-05,nan,0.04,0.017358413210303604
6.5519999999995004,0.3388010703275105,32.103277638395134,0.013385853161009612,0.12632648269771388,7.85922896562603e-05,nan,0.04,0.01734912542928894
6.561999999999499,0.33879653402163223,32.1050254998626,0.013352241302109198,0.12631588321259973,7.79674417526483e-05,nan,0.04,0.017339873047676892
6.571999999999498,0.338791994334379,32.10677088048813,0.013318724971574537,0.126305372020256,7.735105365747611e-05,nan,0.04,0.017330655753499253
6.581999999999497,0.3387874516730717,32.108513770701315,0.013285303737302911,0.12629494720759743,7.67429225186061e-05,nan,0.04,0.017321473241228274
6.591999999999496,0.3387829064316992,32.11025416130294,0.013251977174230038,0.12628460691770832,7.614285272041163e-05,nan,0.04,0.017312325211605695
6.601999999999495,0.3387783589913345,32.111992043454016,0.013218744864119543,0.12627434934812085,7.555065546469686e-05,nan,0.04,0.01730321137145983
6.611999999999494,0.3387738097205404,32.11372740866455,0.013185606395358259,0.12626417274910995,7.496614854316902e-05,nan,0.04,0.01729413143353513
6.621999999999493,0.3387692589757578,32.11546024878371,0.01315256136275409,0.12625407542204695,7.438915603171951e-05,nan,0.04,0.017285085116327936
6.631999999999492,0.33876470710168416,32.117190555989716,0.013119609367349966,0.1262440557178478,7.381950796066852e-05,nan,0.04,0.017276072143919182
6.6419999999994905,0.3387601544316385,32.11891832277932,0.013086750016234269,0.12623411203539298,7.325704015996229e-05,nan,0.04,0.017267092245825212
6.651999999999489,0.33875560128792,32.12064354195918,0.013053982922362815,0.1262242428200725,7.2701593929903e-05,nan,0.04,0.01725814515683942
6.661999999999488,0.33875104798214833,32.122366206636364,0.01302130770438465,0.1262144465623326,7.215301584508376e-05,nan,0.04,0.017249230616889922
6.671999999999487,0.33874649481559754,32.12408631020914,0.01298872398647468,0.12620472179628742,7.161115750880021e-05,nan,0.04,0.017240348370891403
6.681999999999486,0.3387419420795208,32.1258038463589,0.012956231398171925,0.12619506709836076,7.107587537296755e-05,nan,0.04,0.017231498168613135
6.691999999999485,0.3387373900554581,32.127518809041305,0.012923829574221632,0.12618548108597685,7.054703051562505e-05,nan,0.04,0.017222679764540023
6.701999999999484,0.3387328390155446,32.12923119247852,0.012891518154423588,0.12617596241630236,7.00244884437848e-05,nan,0.04,0.017213892917744483
6.711999999999483,0.3387282892228015,32.130940991151014,0.012859296783484447,0.12616650978501295,6.950811894088519e-05,nan,0.04,0.017205137391761497
6.721999999999482,0.3387237409314191,32.1326481997904,0.012827165110876854,0.12615712192511835,6.899779582737621e-05,nan,0.04,0.017196412954459856
6.731999999999481,0.3387191943870349,32.134352813371585,0.012795122790699227,0.1261477976057661,6.849339692291436e-05,nan,0.04,0.017187719377935912
6.7419999999994795,0.338714649826998,32.13605482710595,0.012763169481546394,0.12613853563120023,6.799480370545645e-05,nan,0.04,0.017179056438382884
6.751999999999478,0.33871010748062796,32.137754236434176,0.01273130484637732,0.1261293348396143,6.75019013397424e-05,nan,0.04,0.017170423915992692
6.761999999999477,0.3387055675694657,32.13945103701984,0.012699528552392333,0.12612019410215417,6.70145784105482e-05,nan,0.04,0.017161821594838516
6.771999999999476,0.33870103030751536,32.141145224742274,0.012667840270910752,0.12611111232185898,6.653272687743466e-05,nan,0.04,0.017153249262779082
6.781999999999475,0.3386964959014818,32.14283679569111,0.012636239677255912,0.12610208843272885,6.605624183604923e-05,nan,0.04,0.017144706711343556
6.791999999999474,0.3386919645509948,32.14452574615946,0.012604726450641346,0.12609312139874243,6.558502151191224e-05,nan,0.04,0.01713619373564626
6.801999999999473,0.33868743644882965,32.146212072638235,0.012573300274060784,0.12608421021293814,6.511896706879746e-05,nan,0.04,0.017127710134285667
6.811999999999472,0.3386829117811249,32.147895771810454,0.012541960834182428,0.12607535389653354,6.465798250728435e-05,nan,0.04,0.017119255709248913
6.821999999999471,0.3386783907275851,32.14957684054552,0.01251070782124735,0.12606655149806328,6.420197456216623e-05,nan,0.04,0.017110830265824307
6.83199999999947,0.3386738734616819,32.15125527589397,0.01247954092896992,0.12605780209253392,6.375085260585434e-05,nan,0.04,0.017102433612512315
6.8419999999994685,0.3386693601508524,32.152931075082066,0.012448459854440137,0.12604910478061707,6.330452855120499e-05,nan,0.04,0.01709406556094529
6.851999999999467,0.33866485095668253,32.15460423550682,0.012417464298033505,0.1260404586878631,6.286291673301805e-05,nan,0.04,0.01708572592579888
6.861999999999466,0.33866034603509027,32.156274754730966,0.012386553963317979,0.1260318629639343,6.242593386184782e-05,nan,0.04,0.017077414524717286
6.871999999999465,0.3386558455365045,32.15794263047841,0.012355728556970287,0.1260233167818934,6.199349887314914e-05,nan,0.04,0.017069131178233974
6.881999999999464,0.33865134960603505,32.159607860629244,0.012324987788687276,0.1260148193374596,6.156553292374495e-05,nan,0.04,0.017060875709695555
6.891999999999463,0.3386468583836389,32.16127044321553,0.012294331371108202,0.12600636984833874,6.114195924107057e-05,nan,0.04,0.017052647945188702
6.901999999999462,0.33864237200427905,32.16293037641688,0.012263759019733358,0.12599796755353662,6.072270311059528e-05,nan,0.04,0.017044447713475103
6.911999999999461,0.3386378905980838,32.1645876585562,0.012233270452848324,0.1259896117127288,6.030769173655034e-05,nan,0.04,0.01703627484591218
6.92199999999946,0.3386334142904933,32.1662422880956,0.012202865391448303,0.1259813016056112,5.9896854253563385e-05,nan,0.04,0.01702812917639965
6.931999999999459,0.3386289432024099,32.16789426363237,0.01217254355916959,0.12597303653131944,5.949012156838214e-05,nan,0.04,0.0170200105413017
6.9419999999994575,0.3386244774503353,32.16954358389532,0.012142304682217225,0.12596481580780738,5.908742639125445e-05,nan,0.04,0.0170119187793966
6.951999999999456,0.33862001714651163,32.17119024774079,0.012112148489298345,0.12595663877129906,5.868870309964779e-05,nan,0.04,0.017003853731805737
6.961999999999455,0.3386155623990543,32.17283425414927,0.012082074711556864,0.12594850477572353,5.8293887723479604e-05,nan,0.04,0.016995815241940933
6.971999999999454,0.3386111133120767,32.17447560222161,0.012052083082511164,0.12594041319218696,5.790291786368724e-05,nan,0.04,0.016987803155445222
6.981999999999453,0.33860666998581956,32.17611429117599,0.012022173337990938,0.12593236340843636,5.751573267930513e-05,nan,0.04,0.01697981732013737
6.991999999999452,0.33860223251676813,32.17775032034418,0.011992345216082521,0.12592435482838693,5.7132272763405986e-05,nan,0.04,0.01697185758595702
7.001999999999451,0.3385978009977738,32.17938368916863,0.011962598457065654,0.12591638687159873,5.675248019248294e-05,nan,0.04,0.016963923804913024
7.01199999999945,0.33859337551816177,32.18101439719947,0.011932932803361692,0.12590845897283084,5.637629837621474e-05,nan,0.04,0.016956015831033875
7.021999999999449,0.3385889561638468,32.182642444091144,0.011903347999478333,0.12590057058156592,5.6003672111361214e-05,nan,0.04,0.0169481335203173
7.031999999999448,0.33858454301743673,32.184267829599555,0.011873843791958329,0.12589272116158456,5.563454744004753e-05,nan,0.04,0.016940276730681218
7.0419999999994465,0.33858013615833554,32.185890553579696,0.011844419929328212,0.12588491019050907,5.52688717114823e-05,nan,0.04,0.01693244532191987
7.051999999999445,0.3385757356628439,32.187510615982134,0.011815076162049765,0.12587713715942275,5.4906593430330835e-05,nan,0.04,0.01692463915565623
7.061999999999444,0.33857134160425606,32.18912801685101,0.011785812242473655,0.12586940157243673,5.4547662322754914e-05,nan,0.04,0.016916858095298068
7.071999999999443,0.3385669540529548,32.19074275632109,0.011756627924792701,0.12586170294630547,5.419202924104656e-05,nan,0.04,0.01690910200599919
7.081999999999442,0.33856257307650134,32.192354834615436,0.01172752296499574,0.1258540408100551,5.3839646132413657e-05,nan,0.04,0.016901370754614994
7.091999999999441,0.338558198739724,32.19396425204267,0.011698497120827427,0.1258464147046167,5.349046601397071e-05,nan,0.04,0.016893664209660778
7.10199999999944,0.33855383110480197,32.195571008995024,0.011669550151743879,0.1258388241824568,5.314444295740891e-05,nan,0.04,0.016885982241278758
7.111999999999439,0.3385494702313511,32.19717510594588,0.011640681818874761,0.12583126880725648,5.280153200596113e-05,nan,0.04,0.016878324721190267
7.121999999999438,0.33854511617650246,32.198776543447394,0.011611891884982682,0.12582374815355107,5.246168921533015e-05,nan,0.04,0.01687069152267098
7.131999999999437,0.3385407689949791,32.200375322128465,0.011583180114425985,0.12581626180642572,5.212487155825907e-05,nan,0.04,0.016863082520506473
7.1419999999994355,0.3385364287391729,32.201971442692596,0.011554546273120582,0.12580880936118893,5.179103694677777e-05,nan,0.04,0.0168554975909631
7.151999999999434,0.33853209545921753,32.20356490591612,0.011525990128505316,0.12580139042307834,5.146014416821379e-05,nan,0.04,0.016847936611750134
7.161999999999433,0.33852776920305766,32.205155712645634,0.01149751144950741,0.12579400460696175,5.1132152876487854e-05,nan,0.04,0.016840399461987402
7.171999999999432,0.33852345001652034,32.2067438637969,0.011469110006509575,0.1257866515370505,5.080702357465122e-05,nan,0.04,0.016832886022178094
7.181999999999431,0.3385191379433784,32.20832936035213,0.011440785571316704,0.12577933084662593,5.048471757413234e-05,nan,0.04,0.01682539617417138
7.19199999999943,0.3385148330254164,32.2099122033588,0.011412537917123574,0.12577204217776744,5.01651969832898e-05,nan,0.04,0.01681792980113977
7.201999999999429,0.3385105353024929,32.211492393927564,0.011384366818486195,0.12576478518110148,4.984842466288382e-05,nan,0.04,0.016810486787541053
7.211999999999428,0.3385062448125996,32.21306993323089,0.01135627205129233,0.1257575595155324,4.9534364257897856e-05,nan,0.04,0.01680306701909959
7.221999999999427,0.3385019615919223,32.21464482250114,0.011328253392732244,0.12575036484802135,4.9222980103794406e-05,nan,0.04,0.016795670382772368
7.2319999999994256,0.33849768567489597,32.21621706302877,0.0113003106212702,0.12574320085333102,4.891423726354737e-05,nan,0.04,0.016788296766722718
7.2419999999994245,0.3384934170942592,32.21778665616144,0.011272443516618135,0.1257360672137963,4.8608101495296745e-05,nan,0.04,0.016780946060301023
7.251999999999423,0.3384891558811096,32.219353603301755,0.01124465185971101,0.12572896361912214,4.8304539198129536e-05,nan,0.04,0.01677361815400734
7.261999999999422,0.338484902064952,32.22091790590632,0.01121693543268035,0.12572188976615317,4.800351744404695e-05,nan,0.04,0.016766312939478
7.271999999999421,0.3384806556737546,32.22247956548417,0.011189294018828788,0.12571484535865435,4.770500394515795e-05,nan,0.04,0.0167590303094581
7.28199999999942,0.33847641673398976,32.224038583595316,0.011161727402607723,0.12570783010713416,4.740896701120828e-05,nan,0.04,0.01675177015777517
7.291999999999419,0.3384721852706875,32.2255949618494,0.011134235369594302,0.12570084372862692,4.711537556289115e-05,nan,0.04,0.016744532379322795
7.301999999999418,0.3384679613074765,32.227148701904476,0.011106817706468429,0.12569388594651715,4.6824199107717765e-05,nan,0.04,0.01673731687003102
7.311999999999417,0.33846374486663144,32.228699805465745,0.011079474200991533,0.1256869564903441,4.653540771724004e-05,nan,0.04,0.01673012352685452
7.321999999999416,0.3384595359691128,32.23024827428423,0.01105220464198715,0.12568005509563965,4.624897201564254e-05,nan,0.04,0.016722952247740383
7.3319999999994145,0.33845533463461147,32.231794110155676,0.01102500881931778,0.1256731815037263,4.5964863187411254e-05,nan,0.04,0.016715802931621483
7.341999999999413,0.3384511408815874,32.233337314919495,0.010997886523866622,0.12566633546157885,4.5683052917524654e-05,nan,0.04,0.016708675478383325
7.351999999999412,0.3384469547273082,32.23487789045715,0.010970837547518195,0.12565951672164732,4.5403513427700514e-05,nan,0.04,0.01670156978885687
7.361999999999411,0.338442776187888,32.236415838691734,0.01094386168314019,0.1256527250417021,4.5126217421171346e-05,nan,0.04,0.016694485764790414
7.37199999999941,0.33843860527832176,32.237951161586594,0.010916958724565414,0.1256459601846813,4.485113810318638e-05,nan,0.04,0.0166874233088368
7.381999999999409,0.3384344420125232,32.239483861144016,0.010890128466573742,0.12563922191853955,4.45782491516881e-05,nan,0.04,0.016680382324536037
7.391999999999408,0.33843028640335937,32.24101393940485,0.010863370704876791,0.12563251001610662,4.43075247205376e-05,nan,0.04,0.01667336271629842
7.401999999999407,0.33842613846267994,32.242541398446775,0.01083668523609989,0.1256258242549569,4.403893938081985e-05,nan,0.04,0.016666364389381908
7.411999999999406,0.33842199820135577,32.24406624038422,0.010810071857767101,0.1256191644172489,4.37724681995697e-05,nan,0.04,0.016659387249885572
7.421999999999405,0.33841786562930415,32.24558846736656,0.010783530368285273,0.1256125302896326,4.350808662311002e-05,nan,0.04,0.016652431204725215
7.4319999999994035,0.3384137407555229,32.247108081577984,0.01075706056692992,0.1256059216630838,4.324577056203795e-05,nan,0.04,0.016645496161625254
7.441999999999402,0.3384096235881183,32.24862508523606,0.010730662253828375,0.12559933833280448,4.29854963184963e-05,nan,0.04,0.016638582029097213
7.451999999999401,0.3384055141343338,32.25013948059121,0.010704335229949603,0.12559278009809924,4.27272405919917e-05,nan,0.04,0.016631688716431704
7.4619999999994,0.3384014124005781,32.251651269925695,0.010678079297088371,0.12558624676225721,4.24709804878575e-05,nan,0.04,0.01662481613367946
7.471999999999399,0.33839731839245174,32.25316045555311,0.010651894257851024,0.12557973813243561,4.2216693491423e-05,nan,0.04,0.016617964191639443
7.481999999999398,0.33839323211477135,32.25466703981716,0.010625779915643275,0.12557325401956174,4.1964357456929135e-05,nan,0.04,0.016611132801844664
7.491999999999397,0.33838915357159816,32.256171025091454,0.01059973607466011,0.12556679423821923,4.171395061081983e-05,nan,0.04,0.016604321876551673
7.501999999999396,0.338385082766259,32.257672413778124,0.010573762539870106,0.125560358606547,4.1465451537519584e-05,nan,0.04,0.01659753132872525
7.511999999999395,0.33838101970137163,32.25917120830771,0.010547859117006257,0.12555394694614816,4.1218839162147984e-05,nan,0.04,0.01659076107202626
7.521999999999394,0.3383769643788696,32.260667411138115,0.010522025612553016,0.12554755908197146,4.0974092775219376e-05,nan,0.04,0.016584011020801134
7.5319999999993925,0.3383729168000178,32.26216102475403,0.010496261833736309,0.12554119484225065,4.0731191973661834e-05,nan,0.04,0.0165772810900699
7.541999999999391,0.33836887696544315,32.2636520516663,0.010470567588512497,0.12553485405838535,4.0490116698181995e-05,nan,0.04,0.016570571195511873
7.55199999999939,0.33836484487514773,32.26514049441126,0.010444942685557818,0.12552853656487242,4.0250847206749724e-05,nan,0.04,0.016563881253458156
7.561999999999389,0.3383608205285324,32.26662635555012,0.01041938693425769,0.12552224219920655,4.0013364071553156e-05,nan,0.04,0.016557211180883293
7.571999999999388,0.3383568039244164,32.26810963766826,0.010393900144698837,0.1255159708018085,3.9777648165262845e-05,nan,0.04,0.016550560895384696
7.581999999999387,0.3383527950610571,32.26959034337475,0.010368482127657574,0.1255097222159358,3.95436806716101e-05,nan,0.04,0.01654393031518315
7.591999999999386,0.33834879393616485,32.27106847530191,0.01034313269459119,0.12550349628761953,3.9311443049849666e-05,nan,0.04,0.016537319359107374
7.601999999999385,0.3383448005469254,32.2725440361044,0.01031785165762998,0.125497292865578,3.908091705925312e-05,nan,0.04,0.016530727946581062
7.611999999999384,0.33834081489001305,32.27401702845887,0.010292638829567135,0.12549111180113087,3.885208475433059e-05,nan,0.04,0.01652415599762608
7.621999999999383,0.33833683696161193,32.27548745506366,0.01026749402385162,0.1254849529481673,3.862492842120262e-05,nan,0.04,0.016517603432835908
7.6319999999993815,0.3383328667574274,32.27695531863802,0.0102424170545786,0.12547881616303314,3.839943066675744e-05,nan,0.04,0.016511070173381978
7.64199999999938,0.3383289042727054,32.27842062192124,0.010217407736482232,0.12547270130449464,3.817557432465825e-05,nan,0.04,0.01650455614099255
7.651999999999379,0.33832494950224556,32.279883367673065,0.010192465884928859,0.1254666082336581,3.795334250754788e-05,nan,0.04,0.016498061257954857
7.661999999999378,0.3383210024404182,32.28134355867252,0.01016759131590718,0.12546053681391606,3.77327185693024e-05,nan,0.04,0.01649158544709793
7.671999999999377,0.33831706308117804,32.28280119771767,0.01014278384602082,0.12545448691088065,3.751368611830568e-05,nan,0.04,0.01648512863179057
7.681999999999376,0.3383131314180737,32.28425628762513,0.010118043292484844,0.1254484583923318,3.7296229004108425e-05,nan,0.04,0.01647869073592816
7.691999999999375,0.3383092074442706,32.28570883122968,0.010093369473115253,0.12544245112814434,3.7080331320313826e-05,nan,0.04,0.016472271683930347
7.701999999999374,0.33830529115255425,32.28715883138371,0.010068762206323975,0.1254364649902512,3.686597738370169e-05,nan,0.04,0.01646587140072905
7.711999999999373,0.3383013825353485,32.28860629095706,0.01004422131111282,0.1254304998525825,3.665315174356689e-05,nan,0.04,0.016459489811762387
7.721999999999372,0.338297481584727,32.290051212836325,0.010019746607065458,0.12542455559100849,3.644183917952471e-05,nan,0.04,0.016453126842969828
7.7319999999993705,0.3382935882924249,32.29149359992451,0.00999533791434084,0.12541863208328916,3.623202468709707e-05,nan,0.04,0.016446782420779994
7.741999999999369,0.3382897026498494,32.29293345514101,0.009970995053669525,0.12541272920903662,3.6023693470576126e-05,nan,0.04,0.01644045647210793
7.751999999999368,0.33828582464809254,32.2943707814207,0.009946717846345942,0.12540684684965148,3.581683096315608e-05,nan,0.04,0.016434148924349017
7.761999999999367,0.33828195427794067,32.29580558171376,0.00992250611422433,0.12540098488828547,3.56114227891818e-05,nan,0.04,0.016427859705369193
7.771999999999366,0.3382780915298853,32.29723785898547,0.009898359679712209,0.12539514320980702,3.5407454772460224e-05,nan,0.04,0.016421588743496533
7.781999999999365,0.3382742363941357,32.29866761621583,0.009874278365764301,0.1253893217007227,3.520491296688184e-05,nan,0.04,0.016415335967523845
7.791999999999364,0.3382703888606245,32.30009485639904,0.00985026199587955,0.12538352024917598,3.500378358350977e-05,nan,0.04,0.016409101306693694
7.801999999999363,0.33826654891902036,32.301519582543285,0.009826310394093207,0.12537773874488392,3.480405305084634e-05,nan,0.04,0.016402884690696663
7.811999999999362,0.3382627165587371,32.30294179767042,0.009802423384974088,0.12537197707909262,3.460570798363354e-05,nan,0.04,0.01639668604966535
7.821999999999361,0.3382588917689417,32.304361504815546,0.009778600793619214,0.125366235144559,3.440873516436404e-05,nan,0.04,0.01639050531416472
7.8319999999993595,0.33825507453856324,32.30577870702701,0.009754842445648322,0.1253605128354924,3.421312158107421e-05,nan,0.04,0.01638434241519321
7.841999999999358,0.3382512648563029,32.30719340736559,0.009731148167200578,0.12535481004752952,3.4018854382732875e-05,nan,0.04,0.0163781972841707
7.851999999999357,0.33824746271063977,32.30860560890469,0.009707517784929185,0.12534912667769643,3.382592090333022e-05,nan,0.04,0.01637206985293795
7.861999999999356,0.3382436680898401,32.31001531472981,0.009683951125997722,0.12534346262437962,3.363430863393034e-05,nan,0.04,0.01636596005374928
7.871999999999355,0.338239880981966,32.31142252793838,0.009660448018074983,0.1253378177872757,3.344400526214173e-05,nan,0.04,0.016359867819265853
7.881999999999354,0.3382361013748803,32.31282725163929,0.009637008289332371,0.12533219206738241,3.3254998604893076e-05,nan,0.04,0.01635379308255573
7.891999999999353,0.3382323292562586,32.31422948895279,0.009613631768438574,0.1253265853669408,3.306727668034112e-05,nan,0.04,0.01634773577708336
7.901999999999352,0.3382285646135901,32.31562924301017,0.009590318284556103,0.125320997589439,3.2880827627730655e-05,nan,0.04,0.016341695836707165
7.911999999999351,0.3382248078565664,32.317026511790985,0.009567070874112947,0.1253154270561709,3.2697614092885825e-05,nan,0.04,0.016335672989400748
7.92199999999935,0.33822106307272043,32.31842126440188,0.009543899115718176,0.12530985819823176,3.253434407016232e-05,nan,0.04,0.016329665187181996
7.9319999999993485,0.33821733357539335,32.31981347299898,0.009520792669446321,0.1253042782228858,3.2386667578393815e-05,nan,0.04,0.016323670801175676
7.941999999999347,0.3382136204055076,32.32120312692306,0.00949774302900267,0.1252986829899875,3.2244308924289664e-05,nan,0.04,0.016317689303055712
7.951999999999346,0.33820992376014686,32.32259022564694,0.009474747924029093,0.12529307162968034,3.2103751661097786e-05,nan,0.04,0.01631172055213333
7.961999999999345,0.3382062435332339,32.32397477360072,0.009451807690298415,0.12528744444997544,3.1963821209784086e-05,nan,0.04,0.016305764537517777
7.971999999999344,0.3382025795084589,32.32535677751703,0.009428923242082155,0.12528180218354842,3.182411885426093e-05,nan,0.04,0.016299821291398335
7.981999999999343,0.33819893142967833,32.32673624515996,0.009406095384829189,0.12527614571372636,3.168450801786844e-05,nan,0.04,0.016293890859810384
7.991999999999342,0.3381952990279632,32.32811318471363,0.009383324679340638,0.12527047597032795,3.1544944781504165e-05,nan,0.04,0.016287973292463565
8.001999999999342,0.33819168203269645,32.329487604483084,0.009360611473671508,0.12526479388757586,3.1405420157491686e-05,nan,0.04,0.016282068638996495
8.011999999999345,0.33818808017638324,32.3308595127449,0.00933795596471474,0.12525910038610705,3.126593925320563e-05,nan,0.04,0.016276176947505983
8.021999999999348,0.33818449319681054,32.33222891767302,0.009315358250313696,0.12525339636501556,3.112651324832687e-05,nan,0.04,0.016270298263948935
8.031999999999352,0.3381809208379792,32.33359582730338,0.009292818365756144,0.12524768269846595,3.0987155914023154e-05,nan,0.04,0.01626443263190102
8.041999999999355,0.3381773628504617,32.33496024951797,0.00927033630736863,0.12524196023442588,3.084788214090452e-05,nan,0.04,0.016258580092481698
8.051999999999358,0.33817381899147375,32.33632219204054,0.00924791204716692,0.1252362297944656,3.0708707165635184e-05,nan,0.04,0.016252740684354543
8.061999999999362,0.3381702890248008,32.33768166243593,0.009225545541748745,0.1252304921740694,3.0569646229216635e-05,nan,0.04,0.01624691444376416
8.071999999999365,0.33816677272065754,32.33903866811366,0.009203236737628852,0.12522474814321619,3.0430714393455872e-05,nan,0.04,0.016241101404592923
8.081999999999368,0.33816326985552325,32.34039321633209,0.009180985574416,0.12521899844704168,3.0291926460955816e-05,nan,0.04,0.016235301598426143
8.091999999999372,0.3381597802119556,32.341745314202896,0.009158791986711979,0.1252132438065826,3.0153296919369727e-05,nan,0.04,0.016229515054619153
8.101999999999375,0.33815630357841275,32.34309496869605,0.00913665590525036,0.1252074849194816,3.0014839936551102e-05,nan,0.04,0.01622374180036397
8.111999999999378,0.3381528397490753,32.34444218664467,0.009114577257592234,0.12520172246071762,2.987656934844031e-05,nan,0.04,0.016217981860761115
8.121999999999382,0.33814938852366777,32.34578697474981,0.009092555968561082,0.1251959570833026,2.9738498639655312e-05,nan,0.04,0.016212235258881158
8.131999999999385,0.3381459497072981,32.347129339584534,0.009070591960527013,0.12519018941893792,2.960064098364608e-05,nan,0.04,0.016206502015835567
8.141999999999388,0.33814252311028953,32.34846928759882,0.009048685153602052,0.1251844200787055,2.94630091793449e-05,nan,0.04,0.01620078215082588
8.151999999999392,0.33813910854803086,32.34980682512344,0.009026835465779825,0.12517864965363784,2.9325615737944577e-05,nan,0.04,0.016195075681224066
8.161999999999395,0.33813570584082203,32.351141958373574,0.009005042813047905,0.12517287871538807,2.9188472792354924e-05,nan,0.04,0.016189382622612335
8.171999999999398,0.33813231481373235,32.35247469345352,0.008983307109477808,0.12516710781676452,2.905159217916608e-05,nan,0.04,0.01618370298885241
8.181999999999402,0.3381289352964573,32.3538050363593,0.008961628267308232,0.12516133749234376,2.8914985371264972e-05,nan,0.04,0.01617803679213373
8.191999999999405,0.3381255671231889,32.355132992983286,0.008940006197012733,0.12515556825897622,2.8778663550169443e-05,nan,0.04,0.016172384043034168
8.201999999999408,0.3381222101324734,32.356458569117045,0.008918440807367768,0.12514980061635136,2.8642637551535916e-05,nan,0.04,0.016166744750561065
8.211999999999412,0.33811886416709885,32.35778177045464,0.008896932005517019,0.12514403504750976,2.8506917879727297e-05,nan,0.04,0.016161118922212055
8.221999999999415,0.3381155290739614,32.35910260259594,0.008875479697029207,0.1251382720193219,2.8371514739871637e-05,nan,0.04,0.016155506564019463
8.231999999999418,0.33811220470395087,32.36042107105007,0.008854083785956974,0.12513251198298828,2.823643801581702e-05,nan,0.04,0.01614990768059634
8.241999999999422,0.33810889091183394,32.36173718123771,0.008832744174891048,0.1251267553745158,2.8101697263410273e-05,nan,0.04,0.01614432227518626
8.251999999999425,0.3381055875561414,32.36305093849482,0.008811460765014972,0.12512100261516027,2.7967301742106966e-05,nan,0.04,0.01613875034970049
8.261999999999428,0.33810229449906076,32.36436234807462,0.00879023345615575,0.12511525411186927,2.783326040871187e-05,nan,0.04,0.016133191904773313
8.271999999999432,0.3380990116063292,32.365671415151034,0.008769062146834037,0.12510951025772027,2.7699581909246463e-05,nan,0.04,0.016127646939790408
8.281999999999435,0.3380957387471331,32.366978144821,0.00874794673431414,0.1251037714323264,2.7566274594914247e-05,nan,0.04,0.016122115452940157
8.291999999999438,0.33809247579400686,32.36828254210707,0.008726887114650361,0.12509803800225927,2.743334652075542e-05,nan,0.04,0.01611659744124521
8.301999999999442,0.3380892226227367,32.36958461195982,0.008705883182731184,0.1250923103214159,2.7300805460792874e-05,nan,0.04,0.016111092900606878
8.311999999999445,0.3380859791122685,32.370884359260536,0.008684934832326002,0.12508658873141185,2.7168658904547407e-05,nan,0.04,0.016105601825838686
8.321999999999449,0.3380827451446154,32.37218178882302,0.008664041956126441,0.12508087356194814,2.7036914062551564e-05,nan,0.04,0.016100124210704433
8.331999999999452,0.33807952060477087,32.37347690539649,0.008643204445790137,0.12507516513117878,2.6905577866366287e-05,nan,0.04,0.016094660047951386
8.341999999999455,0.33807630538062006,32.37476971366718,0.008622422191980068,0.12506946374604697,2.6774656977790063e-05,nan,0.04,0.016089209329343098
8.351999999999459,0.33807309936286284,32.37606021826102,0.008601695084403,0.12506376970261926,2.6644157817384596e-05,nan,0.04,0.01608377204569967
8.361999999999462,0.3380699024449262,32.377348423745154,0.008581023011849707,0.12505808328642995,2.6514086514388458e-05,nan,0.04,0.016078348186917984
8.371999999999465,0.33806671452289,32.37863433463023,0.008560405862230606,0.12505240477278004,2.6384448976582787e-05,nan,0.04,0.01607293774201141
8.381999999999469,0.3380635354954121,32.37991795537234,0.008539843522612122,0.12504673442706138,2.6255250841795555e-05,nan,0.04,0.016067540699138304
8.391999999999472,0.3380603652636494,32.38119929037482,0.0085193358792523,0.12504107250504026,2.612649752604066e-05,nan,0.04,0.01606215704563065
8.401999999999475,0.33805720373119125,32.38247834398993,0.00849888281763461,0.12503541925316852,2.5998194185005865e-05,nan,0.04,0.01605678676801817
8.411999999999479,0.33805405080398715,32.38375512052079,0.008478484222499487,0.1250297749088448,2.587034576658912e-05,nan,0.04,0.01605142985206438
8.421999999999482,0.3380509063902813,32.38502962422294,0.008458139977878197,0.12502413970069773,2.5742956981890398e-05,nan,0.04,0.01604608628278372
8.431999999999485,0.33804777040054546,32.38630185930631,0.008437849967123077,0.12501851384885596,2.5616032322374578e-05,nan,0.04,0.016040756044475357
8.441999999999489,0.3380446427474153,32.38757182993621,0.008417614072936275,0.12501289756519338,2.548957606424012e-05,nan,0.04,0.016035439120743775
8.451999999999492,0.3380415233456297,32.388839540235494,0.008397432177401755,0.12500729105359454,2.536359227851034e-05,nan,0.04,0.016030135494523243
8.461999999999495,0.33803841211196956,32.39010499428551,0.008377304162012517,0.12500169451019078,2.523808482182851e-05,nan,0.04,0.016024845148102877
8.471999999999499,0.3380353089652023,32.39136819612819,0.008357229907695747,0.12499610812357784,2.5113057369323825e-05,nan,0.04,0.016019568063149112
8.481999999999502,0.33803221382602266,32.39262914976666,0.00833720929484171,0.1249905320750721,2.498851338995871e-05,nan,0.04,0.016014304220729438
8.491999999999505,0.33802912661699663,32.3938878591673,0.008317242203330747,0.12498496653893003,2.486445615030063e-05,nan,0.04,0.016009053601327615
8.501999999999509,0.33802604726251356,32.39514432826071,0.008297328512555591,0.12497941168254222,2.4740888761568173e-05,nan,0.04,0.016003816184873346
8.511999999999512,0.3380229756887292,32.39639856094273,0.008277468101447196,0.12497386766665596,2.4617814140131178e-05,nan,0.04,0.015998591950757143
8.521999999999515,0.33801991182351765,32.39765056107642,0.008257660848499361,0.12496833464557915,2.4495235027859376e-05,nan,0.04,0.015993380877851314
8.531999999999519,0.3380168555964228,32.39890033249247,0.008237906631790031,0.12496281276737793,2.4373153995241918e-05,nan,0.04,0.015988182944527116
8.541999999999522,0.33801380693861127,32.400147878990936,0.008218205329003069,0.12495730217406265,2.42515734531156e-05,nan,0.04,0.015982998128675523
8.551999999999525,0.3380107657828256,32.40139320434196,0.00819855681745216,0.12495180300176696,2.4130495659235712e-05,nan,0.04,0.015977826407726315
8.561999999999529,0.3380077320633409,32.402636312286866,0.008178960974099706,0.12494631538094379,2.4009922699029195e-05,nan,0.04,0.01597266775866342
8.571999999999532,0.3380047057159188,32.40387720653949,0.008159417675577707,0.12494083943653084,2.3889856515184378e-05,nan,0.04,0.01596752215803969
8.581999999999535,0.3380016866777707,32.40511589078715,0.008139926798207641,0.1249353752881218,2.3770298902749585e-05,nan,0.04,0.015962389581996805
8.591999999999539,0.33799867488751095,32.406352368691145,0.00812048821801993,0.12492992305012397,2.365125152141797e-05,nan,0.04,0.015957270006281034
8.601999999999542,0.3379956702851225,32.40758664388847,0.00810110181077124,0.12492448283192732,2.3532715882860334e-05,nan,0.04,0.015952163406256346
8.611999999999545,0.33799267281191353,32.40881871999204,0.008081767451962919,0.12491905473804758,2.341469336921724e-05,nan,0.04,0.015947069756920257
8.621999999999549,0.3379896824104847,32.41004860059181,0.008062485016860212,0.12491363886829238,2.3297185229836634e-05,nan,0.04,0.015941989032920593
8.631999999999552,0.3379866990246919,32.411276289255866,0.008043254380505198,0.12490823531789992,2.3180192586289125e-05,nan,0.04,0.015936921208564138
8.641999999999555,0.33798372259960613,32.41250178953102,0.008024075417737362,0.12490284417767546,2.3063716444936878e-05,nan,0.04,0.0159318662578342
8.651999999999559,0.33798075308148845,32.413725104943616,0.008004948003206842,0.12489746553411842,2.294775769862367e-05,nan,0.04,0.015926824154406615
8.661999999999562,0.33797779041774983,32.41494623900036,0.00798587201139002,0.12489209946958885,2.283231709951096e-05,nan,0.04,0.015921794871653953
8.671999999999565,0.3379748345569193,32.41616519518899,0.007966847316606058,0.12488674606240482,2.2717395319984138e-05,nan,0.04,0.015916778382667935
8.681999999999569,0.3379718854486179,32.417381976979165,0.007947873793029128,0.1248814053869792,2.2602992907378886e-05,nan,0.04,0.015911774660262303
8.691999999999572,0.3379689430435201,32.418596587822975,0.007928951314704745,0.12487607751395247,2.248911029856782e-05,nan,0.04,0.01590678367699001
8.701999999999575,0.3379660072933346,32.4198090311557,0.007910079755561433,0.12487076251028303,2.2375747855168724e-05,nan,0.04,0.015901805405153718
8.711999999999579,0.33796307815076654,32.42101931039652,0.007891258989424076,0.12486546043938757,2.226290581532262e-05,nan,0.04,0.015896839816817034
8.721999999999582,0.33796015556949505,32.42222742894904,0.007872488890028445,0.12486017136124478,2.2150584332977045e-05,nan,0.04,0.015891886883810998
8.731999999999585,0.3379572395041444,32.4234333902021,0.007853769331031293,0.12485489533249296,2.2038783475801154e-05,nan,0.04,0.01588694657775246
8.741999999999589,0.3379543299102578,32.424637197530046,0.007835100186024098,0.12484963240655354,2.1927503209004924e-05,nan,0.04,0.01588201887004261
8.751999999999592,0.33795142674427375,32.42583885429341,0.00781648132854319,0.12484438263370812,2.1816743435264165e-05,nan,0.04,0.015877103731891426
8.761999999999595,0.3379485299634981,32.42703836383985,0.00779791263208263,0.12483914606122125,2.1706503950360976e-05,nan,0.04,0.015872201134312824
8.771999999999599,0.3379456395260851,32.428235729503996,0.007779393970103854,0.12483392273342189,2.1596784484525444e-05,nan,0.04,0.015867311048140372
8.781999999999602,0.33794275539100754,32.42943095460844,0.007760925216046334,0.1248287126917969,2.1487584690718015e-05,nan,0.04,0.01586243344403851
8.791999999999605,0.3379398775180408,32.43062404246433,0.007742506243337727,0.12482351597508436,2.1378904144808384e-05,nan,0.04,0.015857568292506084
8.801999999999609,0.3379370058677363,32.43181499637125,0.0077241369254048755,0.12481833261935661,2.1270742352838277e-05,nan,0.04,0.01585271556388749
8.811999999999612,0.33793414040140285,32.4330038196184,0.00770581713568199,0.12481316265812048,2.1163098743526092e-05,nan,0.04,0.015847875228378477
8.821999999999615,0.33793128108108433,32.43419051548455,0.007687546747621053,0.12480800612237133,2.1055972695136172e-05,nan,0.04,0.01584304725603548
8.831999999999619,0.33792842786954075,32.43537508723862,0.007669325634700954,0.12480286304069586,2.094936350958123e-05,nan,0.04,0.015838231616786016
8.841999999999622,0.33792558073022794,32.43655753814009,0.007651153670434646,0.12479773343934417,2.084327042694882e-05,nan,0.04,0.015833428280429003
8.851999999999626,0.33792273962727937,32.437737871439495,0.007633030728379194,0.12479261734229669,2.073769263626504e-05,nan,0.04,0.015828637216645455
8.861999999999629,0.33791990452548776,32.43891609037862,0.007614956682142472,0.12478751477133965,2.0632629265232486e-05,nan,0.04,0.015823858395010965
8.871999999999632,0.3379170753902872,32.440092198191174,0.007596931405393099,0.12478242574614662,2.0528079380280094e-05,nan,0.04,0.015819091784991718
8.881999999999636,0.3379142521877341,32.441266198102646,0.007578954771867335,0.12477735028434173,2.0424041995387138e-05,nan,0.04,0.015814337355956387
8.891999999999639,0.3379114348844937,32.44243809333129,0.007561026655374905,0.12477228840155107,2.0320516086971354e-05,nan,0.04,0.015809595077186073
8.901999999999642,0.3379086234478206,32.4436078870879,0.007543146929808141,0.1247672401114891,2.02175005673478e-05,nan,0.04,0.015804864917871458
8.911999999999646,0.33790581784554596,32.44477558257642,0.00752531546914752,0.12476220542600334,2.0114994312273583e-05,nan,0.04,0.015800146847129364
8.921999999999649,0.3379030180460582,32.445941182994176,0.0075075321474693335,0.12475718435515329,2.001299613474265e-05,nan,0.04,0.015795440833996508
8.931999999999652,0.337900224018293,32.44710469153233,0.007489796838951934,0.12475217690724691,1.9911504831466266e-05,nan,0.04,0.01579074684744593
8.941999999999656,0.33789743573171394,32.44826611137579,0.007472109417882496,0.12474718308891947,1.981051912918805e-05,nan,0.04,0.015786064856384063
8.951999999999659,0.33789465315630113,32.449425445703845,0.007454469758662975,0.12474220290517443,1.971003773132946e-05,nan,0.04,0.01578139482966115
8.961999999999662,0.33789187626253675,32.45058269769042,0.007436877735814388,0.12473723635944714,1.9610059295321342e-05,nan,0.04,0.015776736736073278
8.971999999999666,0.33788910502139347,32.45173787050414,0.007419333223984617,0.12473228345364117,1.9510582451982727e-05,nan,0.04,0.01577209054437089
8.981999999999669,0.33788633940431745,32.4528909673085,0.007401836097953457,0.12472734418820206,1.9411605779690243e-05,nan,0.04,0.015767456223258033
8.991999999999672,0.33788357938322156,32.45404199126249,0.007384386232637063,0.12472241856214124,1.9313127839914083e-05,nan,0.04,0.01576283374140038
9.001999999999676,0.33788082493046667,32.45519094552047,0.0073669835030931875,0.12471750657310635,1.9215147146170667e-05,nan,0.04,0.015758223067428564
9.011999999999679,0.33787807601885655,32.45633783323255,0.007349627784527205,0.12471260821740862,1.911766219552776e-05,nan,0.04,0.015753624169943903
9.021999999999682,0.3378753326216192,32.45748265754478,0.00733231895229732,0.12470772349008635,1.9020671439603286e-05,nan,0.04,0.015749037017521447
9.031999999999686,0.3378725947124035,32.45862542159922,0.007315056881917449,0.124702852384924,1.8924173321852744e-05,nan,0.04,0.01574446157871209
9.041999999999689,0.33786986226526206,32.45976612853433,0.007297841449062088,0.12469799489452438,1.8828166230262706e-05,nan,0.04,0.015739897822048696
9.051999999999692,0.3378671352546441,32.46090478148514,0.007280672529571085,0.12469315101030996,1.8732648565239897e-05,nan,0.04,0.015735345716051712
9.061999999999696,0.3378644136553836,32.46204138358324,0.007263549999455726,0.12468832072261743,1.8637618654514778e-05,nan,0.04,0.015730805229224803
9.071999999999699,0.33786169744269035,32.46317593795708,0.007246473734899294,0.12468350402067539,1.8543074848033636e-05,nan,0.04,0.0157262763300699
9.081999999999702,0.3378589865921397,32.464308447732286,0.007229443612262431,0.12467870089267939,1.844901544944202e-05,nan,0.04,0.01572175898708188
9.091999999999706,0.3378562810796637,32.46543891603147,0.007212459508087749,0.12467391132582893,1.835543873721139e-05,nan,0.04,0.015717253168754223
9.101999999999709,0.3378535808815417,32.46656734597467,0.007195521299103818,0.12466913530634298,1.8262342980152816e-05,nan,0.04,0.015712758843582215
9.111999999999712,0.3378508859743929,32.467693740679316,0.007178628862226133,0.12466437281950682,1.8169726429875795e-05,nan,0.04,0.01570827598006611
9.121999999999716,0.33784819633516383,32.468818103260425,0.007161782074562373,0.1246596238496983,1.8077587309616074e-05,nan,0.04,0.015703804546714675
9.131999999999719,0.3378455119411241,32.469940436830896,0.007144980813416886,0.12465488838043005,1.798592382787122e-05,nan,0.04,0.015699344512046843
9.141999999999722,0.3378428327698577,32.471060744501266,0.007128224956291365,0.12465016639436567,1.789473418645485e-05,nan,0.04,0.01569489584459681
9.151999999999726,0.3378401587992534,32.47217902938043,0.007111514380889279,0.124645457873365,1.780401655564618e-05,nan,0.04,0.01569045851291314
9.161999999999729,0.33783749000749846,32.4732952945749,0.00709484896511808,0.12464076279850039,1.771376910645586e-05,nan,0.04,0.015686032485563297
9.171999999999732,0.3378348263730698,32.47440954318978,0.007078228587093062,0.12463608115009725,1.7623989981486535e-05,nan,0.04,0.015681617731134957
9.181999999999736,0.3378321678747294,32.47552177832823,0.007061653125139545,0.12463141290774662,1.7534677326301676e-05,nan,0.04,0.015677214218243536
9.191999999999739,0.3378295144915142,32.47663200309202,0.007045122457795168,0.12462675805034908,1.744582925629577e-05,nan,0.04,0.015672821915523192
9.201999999999742,0.33782686620273167,32.47774022058139,0.007028636463813059,0.1246221165561224,1.735744389350617e-05,nan,0.04,0.015668440791645477
9.211999999999746,0.3378242229879519,32.47884643389493,0.0070121950221636664,0.12461748840264203,1.7269519334978827e-05,nan,0.04,0.015664070815304514
9.221999999999749,0.3378215848270021,32.47995064613018,0.00699579801203795,0.12461287356685981,1.7182053672502663e-05,nan,0.04,0.015659711955229368
9.231999999999752,0.3378189516999598,32.48105286038341,0.006979445312849542,0.12460827202511923,1.70950449943391e-05,nan,0.04,0.0156553641801843
9.241999999999756,0.33781632358714625,32.482153079749665,0.006963136804235247,0.12460368375318245,1.70084913761244e-05,nan,0.04,0.015651027458971803
9.251999999999759,0.3378137004691212,32.48325130732283,0.006946872366059493,0.12459910872627482,1.6922390871311878e-05,nan,0.04,0.01564670176042528
9.261999999999762,0.33781108232667917,32.484347546196055,0.00693065187841508,0.12459454691906444,1.6836741554852608e-05,nan,0.04,0.015642387053426635
9.271999999999766,0.33780846914083784,32.48544179946113,0.006914475221626138,0.12458999830572266,1.6751541466446546e-05,nan,0.04,0.015638083306896304
9.281999999999769,0.33780586089284054,32.486534070209366,0.006898342276248025,0.12458546285991458,1.6666788661489396e-05,nan,0.04,0.015633790489796417
9.291999999999772,0.33780325756414487,32.4876243615309,0.0068822529230704015,0.1245809405548341,1.6582481173525488e-05,nan,0.04,0.015629508571135618
9.301999999999776,0.33780065913642104,32.488712676515306,0.006866207043120054,0.12457643136322458,1.6498617039949375e-05,nan,0.04,0.015625237519970525
9.31199999999978,0.33779806559154535,32.489799018251354,0.006850204517659779,0.1245719352573834,1.6415194293958422e-05,nan,0.04,0.015620977305405098
9.321999999999782,0.33779547691159506,32.49088338982704,0.006834245228192569,0.12456745220919543,1.6332210956256433e-05,nan,0.04,0.015616727896590936
9.331999999999786,0.33779289307884547,32.49196579432996,0.006818329056461731,0.12456298219013878,1.624966505385784e-05,nan,0.04,0.015612489262733934
9.34199999999979,0.3377903140757638,32.49304623484692,0.0068024558844531815,0.12455852517130939,1.616755460356002e-05,nan,0.04,0.015608261373088069
9.351999999999792,0.3377877398850052,32.49412471446421,0.006786625594396026,0.12455408112342842,1.6085877625978617e-05,nan,0.04,0.01560404419696837
9.361999999999796,0.33778517048940876,32.495201236267604,0.006770838068765132,0.12454965001687332,1.6004632128561444e-05,nan,0.04,0.015599837703734078
9.3719999999998,0.33778260587199305,32.49627580334252,0.006755093190279777,0.12454523182166558,1.5923816134210512e-05,nan,0.04,0.015595641862812879
9.381999999999802,0.3377800460159523,32.49734841877381,0.006739390841908813,0.12454082650751976,1.5843427645606685e-05,nan,0.04,0.01559145664367894
9.391999999999806,0.3377774909046514,32.498419085645864,0.006723730906867865,0.12453643404383573,1.5763464671587684e-05,nan,0.04,0.015587282015869374
9.40199999999981,0.33777494052162393,32.499487807042726,0.00670811326862303,0.12453205439971303,1.568392522998371e-05,nan,0.04,0.015583117948984497
9.411999999999813,0.33777239485056704,32.50055458604822,0.006692537810891482,0.12452768754397178,1.5604807324726427e-05,nan,0.04,0.015578964412678132
9.421999999999816,0.3377698538753382,32.50161942574548,0.006677004417641549,0.12452333344516271,1.552610896577185e-05,nan,0.04,0.015574821376670964
9.43199999999982,0.3377673175799525,32.50268232921759,0.006661512973094094,0.1245189920715726,1.544782816541903e-05,nan,0.04,0.015570688810742377
9.441999999999823,0.33776478594857584,32.50374329954726,0.006646063361724435,0.12451466339126205,1.5369962927012403e-05,nan,0.04,0.015566566684738358
9.451999999999826,0.33776225896552775,32.50480233981683,0.0066306554682622615,0.1245103473720387,1.5292511268931412e-05,nan,0.04,0.015562454968567072
9.46199999999983,0.33775973661527225,32.50585945310844,0.006615289177691459,0.12450604398149984,1.5215471199854972e-05,nan,0.04,0.015558353632200862
9.471999999999833,0.33775721888241744,32.506914642503794,0.006599964375252988,0.12450175318702625,1.5138840736220046e-05,nan,0.04,0.015554262645682033
9.481999999999836,0.33775470575171235,32.507967911084705,0.006584680946445077,0.12449747495580166,1.5062617894792267e-05,nan,0.04,0.015550181979115608
9.49199999999984,0.33775219720804456,32.509019261932224,0.006569438777023735,0.12449320925482324,1.4986800689311821e-05,nan,0.04,0.015546111602675433
9.501999999999843,0.33774969323643284,32.51006869812762,0.0065542377530027,0.12448895605090594,1.4911387143971207e-05,nan,0.04,0.015542051486603415
9.511999999999846,0.33774719382203217,32.51111622275164,0.0065390777606545054,0.12448471531069372,1.483637528479407e-05,nan,0.04,0.015538001601212909
9.52199999999985,0.3377446989501243,32.51216183888481,0.006523958686511469,0.12448048700067679,1.4761763131341807e-05,nan,0.04,0.01553396191687829
9.531999999999853,0.3377422086061183,32.51320554960755,0.006508880417364489,0.1244762710871823,1.468754872156494e-05,nan,0.04,0.015529932404055714
9.541999999999856,0.3377397227755481,32.514247357999935,0.006493842840266694,0.12447206753640784,1.4613730080515792e-05,nan,0.04,0.015525913033262895
9.55199999999986,0.3377372414440659,32.51528726714183,0.006478845842532916,0.12446787631441356,1.454030524993022e-05,nan,0.04,0.015521903775093415
9.561999999999863,0.33773476459744484,32.516325280112866,0.006463889311738206,0.12446369738713203,1.4467272266748029e-05,nan,0.04,0.015517904600210982
9.571999999999866,0.33773229222157597,32.51736139999238,0.006448973135719292,0.12445953072038214,1.4394629176457031e-05,nan,0.04,0.015513915479350587
9.58199999999987,0.3377298243024632,32.51839562985956,0.006434097202575287,0.12445537627986246,1.4322374034866044e-05,nan,0.04,0.015509936383324673
9.591999999999873,0.33772736082622146,32.519427972793196,0.006419261400668981,0.12445123403118856,1.425050488032551e-05,nan,0.04,0.015505967283013927
9.601999999999876,0.3377249017790768,32.52045843187201,0.006404465618626046,0.12444710393987367,1.4179019776452346e-05,nan,0.04,0.015502008149370215
9.61199999999988,0.33772244714736366,32.52148701017422,0.006389709745334431,0.12444298597133197,1.410791679369774e-05,nan,0.04,0.015498058953430134
9.621999999999883,0.33771999691752,32.522513710777986,0.006374993669946732,0.12443888009091315,1.4037193988201268e-05,nan,0.04,0.015494119666294694
9.631999999999886,0.3377175510760885,32.523538536761016,0.006360317281878886,0.12443478626388733,1.3966849433906653e-05,nan,0.04,0.015490190259143418
9.64199999999989,0.3377151096097134,32.52456149120082,0.006345680470810912,0.12443070445544799,1.3896881215332884e-05,nan,0.04,0.015486270703234233
9.651999999999893,0.33771267250513937,32.5255825771744,0.00633108312668821,0.12442663463074607,1.3827287403634798e-05,nan,0.04,0.015482360969892356
9.661999999999896,0.3377102397492065,32.52660179775869,0.0063165251397190696,0.12442257675485516,1.3758066098881647e-05,nan,0.04,0.015478461030529245
9.6719999999999,0.3377078113288529,32.52761915603019,0.006302006400377894,0.12441853079282152,1.3689215381473718e-05,nan,0.04,0.015474570856623007
9.681999999999903,0.33770538723111154,32.5286346550648,0.006287526799402615,0.12441449670962978,1.3620733363372749e-05,nan,0.04,0.015470690419735764
9.691999999999906,0.3377029674431048,32.529648297938635,0.0062730862277968116,0.12441047447023286,1.3552618141168709e-05,nan,0.04,0.015466819691503465
9.70199999999991,0.3377005519520497,32.53066008772667,0.006258684576828834,0.12440646403955133,1.3484867828352408e-05,nan,0.04,0.015462958643636091
9.711999999999913,0.3376981407452498,32.53167002750404,0.006244321738031551,0.12440246538247521,1.3417480543115974e-05,nan,0.04,0.015459107247926302
9.721999999999916,0.3376957338100973,32.532678120345246,0.006229997603203941,0.12439847846387185,1.3350454406822958e-05,nan,0.04,0.015455265476239868
9.73199999999992,0.33769333113407024,32.533684369324334,0.006215712064409664,0.12439450324858921,1.3283787550616877e-05,nan,0.04,0.015451433300523162
9.741999999999923,0.3376909327047305,32.534688777514994,0.006201465013978423,0.1243905397014684,1.3217478105544932e-05,nan,0.04,0.015447610692798944
9.751999999999926,0.33768853850972436,32.53569134799023,0.006187256344504236,0.124386587787328,1.3151524221343545e-05,nan,0.04,0.015443797625168502
9.76199999999993,0.3376861485367793,32.53669208382275,0.006173085948846232,0.12438264747099133,1.3085924039226596e-05,nan,0.04,0.015439994069809166
9.771999999999933,0.3376837627737036,32.53769098808464,0.006158953720127713,0.12437871871727164,1.3020675724850563e-05,nan,0.04,0.015436199998981612
9.781999999999936,0.33768138120838265,32.538688063847395,0.006144859551738528,0.12437480149100227,1.2955777424145544e-05,nan,0.04,0.015432415385018798
9.79199999999994,0.33767900382878185,32.53968331418217,0.006130803337333455,0.12437089575700126,1.289122731971095e-05,nan,0.04,0.015428640200337426
9.801999999999943,0.33767663062294023,32.540676742159164,0.00611678497083144,0.12436700148011047,1.282702358334438e-05,nan,0.04,0.015424874417430788
9.811999999999946,0.337674261578974,32.54166835084844,0.006102804346417181,0.12436311862518751,1.2763164390773729e-05,nan,0.04,0.015421118008869519
9.82199999999995,0.33767189668507325,32.54265814331893,0.006088861358539182,0.1243592471570997,1.2699647938696935e-05,nan,0.04,0.01541737094730354
9.831999999999953,0.33766953592949867,32.54364612263917,0.006074955901910406,0.12435538704073569,1.2636472424355441e-05,nan,0.04,0.015413633205467393
9.841999999999956,0.3376671793005854,32.54463229187705,0.006061087871508892,0.12435153824101272,1.2573636046097282e-05,nan,0.04,0.015409904756167344
9.85199999999996,0.33766482678673637,32.54561665409975,0.006047257162576844,0.12434770072287878,1.2511137012532285e-05,nan,0.04,0.015406185572288502
9.861999999999963,0.337662478376425,32.546599212373486,0.006033463670620124,0.12434387445130117,1.2448973548913508e-05,nan,0.04,0.01540247562680386
9.871999999999966,0.3376601340581922,32.547579969763994,0.006019707291409607,0.12434005939129182,1.2387143873430615e-05,nan,0.04,0.015398774892754014
9.88199999999997,0.3376577938206459,32.54855892933609,0.006005987920978612,0.12433625550789543,1.2325646217622753e-05,nan,0.04,0.015395083343267509
9.891999999999973,0.3376554576524634,32.54953609415394,0.005992305455624179,0.12433246276618151,1.2264478831109831e-05,nan,0.04,0.015391400951548338
9.901999999999976,0.3376531255423813,32.550511467280614,0.005978659791906938,0.12432868113128337,1.2203639945295694e-05,nan,0.04,0.015387727690881979
9.91199999999998,0.3376507974792053,32.55148505177856,0.005965050826651236,0.12432491056836331,1.2143127824838478e-05,nan,0.04,0.015384063534627937
9.921999999999983,0.3376484734518026,32.552456850709156,0.00595147845694277,0.12432115104263865,1.208294072658423e-05,nan,0.04,0.015380408456231487
9.931999999999986,0.3376461534491014,32.55342686713317,0.005937942580130978,0.1243174025193706,1.2023076918444233e-05,nan,0.04,0.015376762429211393
9.94199999999999,0.33764383746009385,32.55439510410994,0.0059244430938278055,0.12431366496386903,1.1963534681889879e-05,nan,0.04,0.015373125427171537
9.951999999999993,0.3376415254738303,32.55536156469848,0.005910979895906078,0.12430993834150725,1.1904312290498392e-05,nan,0.04,0.015369497423786018
9.961999999999996,0.33763921747942194,32.55632625195621,0.005897552884501484,0.12430622261770075,1.1845408045638647e-05,nan,0.04,0.015365878392818385
9.972,0.3376369134660389,32.55728916893985,0.0058841619580107234,0.12430251775793598,1.1786820238825637e-05,nan,0.04,0.015362268308103983
9.982000000000003,0.3376346134229082,32.55825031870509,0.005870807015092352,0.12429882372774474,1.1728547180333189e-05,nan,0.04,0.015358667143560066
9.992000000000006,0.3376323173393154,32.559209704306454,0.0058574879546650855,0.12429514049273394,1.1670587178505042e-05,nan,0.04,0.015355074873179544
10.00200000000001,0.33763002520460195,32.56016732879746,0.005844204675908173,0.124291468018557,1.1612938562932092e-05,nan,0.04,0.015351491471041026
10.012000000000013,0.3376277370081647,32.56112319523034,0.005830957078261803,0.1242878062709461,1.1555599655641174e-05,nan,0.04,0.01534791691129639
10.022000000000016,0.3376254527394548,32.562077306656164,0.005817745061426334,0.12428415521570181,1.1498568789444942e-05,nan,0.04,0.015344351168174524
10.03200000000002,0.33762317238797945,32.56302966612515,0.005804568525361183,0.12428051481867486,1.1441844319475864e-05,nan,0.04,0.015340794215989492
10.042000000000023,0.3376208959432981,32.56398027668604,0.0057914273702856095,0.12427688504581082,1.1385424583685507e-05,nan,0.04,0.01533724602912542
10.052000000000026,0.33761862339502235,32.56492914138628,0.005778321496676585,0.12427326586309646,1.1329307955909101e-05,nan,0.04,0.0153337065820551
10.06200000000003,0.3376163547328184,32.565876263272166,0.005765250805270495,0.1242696572366175,1.1273492787681285e-05,nan,0.04,0.015330175849319842
10.072000000000033,0.3376140899464013,32.566821645388785,0.005752215197061711,0.12426605913251908,1.1217977465259759e-05,nan,0.04,0.015326653805545869
10.082000000000036,0.3376118290255375,32.56776529077989,0.005739214573303799,0.1242624715170321,1.1162760358167028e-05,nan,0.04,0.015323140425432858
10.09200000000004,0.337609571960046,32.56870720248751,0.005726248835506014,0.12425889435644892,1.1107839870246165e-05,nan,0.04,0.01531963568376122
10.102000000000043,0.33760731873979094,32.5696473835529,0.0057133178854360854,0.12425532761715403,1.1053214387295764e-05,nan,0.04,0.015316139555388967
10.112000000000046,0.33760506935468954,32.57058583701539,0.005700421625117341,0.12425177126560126,1.0998882317987557e-05,nan,0.04,0.015312652015252406
10.12200000000005,0.3376028237947056,32.57152256591331,0.005687559956830266,0.12424822526833111,1.094484207467457e-05,nan,0.04,0.015309173038363344
10.132000000000053,0.3376005820498505,32.57245757328314,0.005674732783111161,0.12424468959195964,1.0891092075963868e-05,nan,0.04,0.015305702599812288
10.142000000000056,0.3375983441101835,32.57339086216011,0.005661940006752287,0.12424116420318872,1.0837630749104007e-05,nan,0.04,0.015302240674767204
10.15200000000006,0.33759610996581174,32.57432243557794,0.005649181530799632,0.12423764906879886,1.078445653210775e-05,nan,0.04,0.01529878723847406
10.162000000000063,0.33759387960688536,32.57525229656864,0.005636457258555012,0.1242341441556602,1.073156786313593e-05,nan,0.04,0.015295342266253821
10.172000000000066,0.33759165302360344,32.5761804481629,0.005623767093574683,0.1242306494307204,1.067896319713191e-05,nan,0.04,0.015291905733507938
10.18200000000007,0.3375894302062085,32.57710689338956,0.0056111109396681045,0.12422716486102037,1.062664098615498e-05,nan,0.04,0.015288477615709018
10.192000000000073,0.3375872111449877,32.57803163527598,0.005598488700899474,0.12422369041369183,1.05745996936368e-05,nan,0.04,0.015285057888408993
10.202000000000076,0.33758499583027235,32.57895467684788,0.005585900281584846,0.12422022605593455,1.0522837803866076e-05,nan,0.04,0.015281646527239984
10.21200000000008,0.3375827842524384,32.57987602112912,0.005573345586293235,0.12421677175504597,1.0471353791313766e-05,nan,0.04,0.0152782435079078
10.222000000000083,0.33758057640190453,32.580795671142084,0.005560824519846159,0.12421332747842685,1.0420146133707367e-05,nan,0.04,0.015274848806189503
10.232000000000086,0.33757837226913184,32.581713629907306,0.005548336987316714,0.12420989319354453,1.036921334166385e-05,nan,0.04,0.015271462397945587
10.24200000000009,0.33757617184462374,32.58262990044362,0.005535882894028721,0.1242064688679637,1.0318553912255907e-05,nan,0.04,0.015268084259110706
10.252000000000093,0.3375739751189261,32.5835444857679,0.005523462145558576,0.12420305446935631,1.0268166346861674e-05,nan,0.04,0.015264714365689243
10.262000000000096,0.3375717820826253,32.58445738889551,0.005511074647731828,0.12419964996545764,1.0218049178486881e-05,nan,0.04,0.015261352693770252
10.2720000000001,0.33756959272634807,32.58536861283964,0.005498720306624197,0.12419625532412053,1.0168200916540038e-05,nan,0.04,0.015257999219509898
10.282000000000103,0.3375674070407649,32.58627816061186,0.005486399028561101,0.12419287051326472,1.0118620109616295e-05,nan,0.04,0.015254653919143647
10.292000000000106,0.33756522501658237,32.58718603522173,0.005474110720116196,0.1241894955009261,1.0069305284695747e-05,nan,0.04,0.015251316768982883
10.30200000000011,0.3375630466445503,32.588092239676826,0.005461855288113036,0.12418613025521599,1.0020254996331519e-05,nan,0.04,0.015247987745413527
10.312000000000113,0.3375608719154556,32.58899677698292,0.005449632639623105,0.12418277474435546,9.971467791591006e-06,nan,0.04,0.015244666824890486
10.322000000000116,0.3375587008201249,32.589899650143785,0.005437442681964533,0.12417942893664446,9.922942241543945e-06,nan,0.04,0.01524135398394959
10.33200000000012,0.3375565333494249,32.59080086216103,0.005425285322703698,0.12417609280048103,9.874676911996107e-06,nan,0.04,0.01523804919919975
10.342000000000123,0.3375543694942578,32.591700416034364,0.0054131604696528,0.12417276630436677,9.826670376154594e-06,nan,0.04,0.015234752447322017
10.352000000000126,0.337552209245566,32.59259831476165,0.005401068030871956,0.12416944941688746,9.778921221582353e-06,nan,0.04,0.015231463705072845
10.36200000000013,0.3375500525943278,32.593494561338204,0.005389007914665752,0.12416614210672834,9.73142803859781e-06,nan,0.04,0.015228182949281289
10.372000000000133,0.3375478995315585,32.594389158757494,0.005376980029584814,0.12416284434267641,9.684189422710845e-06,nan,0.04,0.015224910156850995
10.382000000000136,0.33754575004831455,32.595282110011,0.005364984284423761,0.12415955609360114,9.637203986275904e-06,nan,0.04,0.015221645304758667
10.39200000000014,0.337543604135683,32.59617341808776,0.005353020588221946,0.12415627732848172,9.590470333252269e-06,nan,0.04,0.01521838837005056
10.402000000000143,0.3375414617847901,32.59706308597493,0.00534108885026276,0.12415300801638288,9.54398708997182e-06,nan,0.04,0.015215139329853222
10.412000000000146,0.33753932298679834,32.597951116657065,0.005329188980072736,0.12414974812646892,9.497752884067136e-06,nan,0.04,0.015211898161360999
10.42200000000015,0.33753718773290475,32.59883751311683,0.005317320887422395,0.12414649762800958,9.451766341138783e-06,nan,0.04,0.015208664841838176
10.432000000000153,0.33753505601434175,32.5997222783346,0.005305484482323262,0.12414325649035624,9.406026114508858e-06,nan,0.04,0.015205439348630006
10.442000000000156,0.3375329278223768,32.600605415288236,0.005293679675030165,0.1241400246829722,9.360530841858755e-06,nan,0.04,0.015202221659144938
10.45200000000016,0.33753080314831224,32.60148692695353,0.0052819063760377195,0.12413680217540671,9.31527918456947e-06,nan,0.04,0.015199011750868999
10.462000000000163,0.3375286819834851,32.60236681630385,0.00527016449608319,0.1241335889373145,9.270269801778649e-06,nan,0.04,0.015195809601354604
10.472000000000167,0.3375265643192657,32.60324508631027,0.005258453946142404,0.12413038493844106,9.225501366032303e-06,nan,0.04,0.01519261518823314
10.48200000000017,0.3375244501470587,32.60412173994132,0.005246774637432482,0.12412719014862875,9.18097255448047e-06,nan,0.04,0.015189428489202269
10.492000000000173,0.33752233945830196,32.6049967801633,0.005235126481410296,0.12412400453782563,9.136682044573543e-06,nan,0.04,0.015186249482031252
10.502000000000177,0.3375202322444662,32.60587020994003,0.0052235093897712356,0.1241208280760725,9.092628529915723e-06,nan,0.04,0.015183078144561156
10.51200000000018,0.33751812849705687,32.606742032232866,0.005211923274449209,0.1241176607335018,9.048810711032158e-06,nan,0.04,0.015179914454703401
10.522000000000183,0.33751602820760984,32.607612250000734,0.005200368047615302,0.12411450248035501,9.00522728568384e-06,nan,0.04,0.015176758390440314
10.532000000000187,0.33751393136769475,32.6084808661999,0.00518884362167959,0.12411135328696386,8.961876967927342e-06,nan,0.04,0.015173609929824977
10.54200000000019,0.3375118379689135,32.60934788378447,0.005177349909287992,0.124108213123761,8.918758474246617e-06,nan,0.04,0.015170469050976708
10.552000000000193,0.3375097480028997,32.61021330570552,0.005165886823323465,0.12410508196127236,8.875870530881456e-06,nan,0.04,0.015167335732091228
10.562000000000197,0.33750766146131833,32.611077134911994,0.005154454276904304,0.12410195977012684,8.833211866589736e-06,nan,0.04,0.015164209951429128
10.5720000000002,0.33750557833586636,32.611939374350115,0.005143052183384796,0.12409884652104389,8.790781222135072e-06,nan,0.04,0.015161091687324815
10.582000000000203,0.33750349861827156,32.61280002696333,0.005131680456354247,0.12409574218485106,8.748577337811757e-06,nan,0.04,0.015157980918174564
10.592000000000207,0.3375014223002929,32.61365909569253,0.005120339009636416,0.12409264673246725,8.70659896714639e-06,nan,0.04,0.015154877622451213
10.60200000000021,0.33749934937372,32.61451658347618,0.005109027757288828,0.12408956013490782,8.664844868300516e-06,nan,0.04,0.015151781778692216
10.612000000000213,0.3374972798303735,32.61537249324974,0.005097746613601683,0.1240864823632805,8.623313808350902e-06,nan,0.04,0.015148693365508987
10.622000000000217,0.3374952136621043,32.616226827946285,0.0050864954930994145,0.1240834133888046,8.582004551585263e-06,nan,0.04,0.015145612361571787
10.63200000000022,0.33749315086079207,32.61707959049577,0.005075274310537793,0.12408035318278453,8.540915881743357e-06,nan,0.04,0.015142538745626807
10.642000000000223,0.3374910914183477,32.61793078382587,0.005064082980905526,0.12407730171662787,8.500046578698724e-06,nan,0.04,0.01513947249648802
10.652000000000227,0.3374890353267119,32.618780410861156,0.005052921419423363,0.12407425896183745,8.459395436522418e-06,nan,0.04,0.015136413593034912
10.66200000000023,0.3374869825778537,32.619628474523665,0.005041789541540996,0.12407122489000981,8.41896125154467e-06,nan,0.04,0.015133362014215617
10.672000000000233,0.3374849331637728,32.62047497773233,0.005030687262939186,0.1240681994728418,8.378742824901452e-06,nan,0.04,0.01513031773904393
10.682000000000237,0.3374828870764964,32.62131992340355,0.0050196144995283305,0.12406518268212376,8.33873897059434e-06,nan,0.04,0.015127280746604117
10.69200000000024,0.3374808443080814,32.622163314450745,0.0050085711674489105,0.12406217448974827,8.29894850082019e-06,nan,0.04,0.015124251016042804
10.702000000000243,0.3374788048506138,32.6230051537845,0.004997557183070428,0.12405917486770296,8.259370239591386e-06,nan,0.04,0.015121228526578248
10.712000000000247,0.33747676869620624,32.6238454443125,0.004986572462990134,0.12405618378806625,8.220003018626684e-06,nan,0.04,0.01511821325749238
10.72200000000025,0.337474735837002,32.624684188939426,0.0049756169240335255,0.12405320122301038,8.18084567175905e-06,nan,0.04,0.015115205188135888
10.732000000000253,0.33747270626517106,32.62552139056733,0.004964690483253314,0.12405022714482236,8.141897034595315e-06,nan,0.04,0.015112204297920775
10.742000000000257,0.3374706799729113,32.62635705209498,0.004953793057927573,0.12404726152585754,8.103155967646777e-06,nan,0.04,0.01510921056633135
10.75200000000026,0.33746865695244943,32.62719117641842,0.004942924565562829,0.1240443043385857,8.064621314275757e-06,nan,0.04,0.01510622397291403
10.762000000000263,0.33746663719603687,32.628023766430594,0.004932084923890824,0.12404135555556907,8.026291938697869e-06,nan,0.04,0.015103244497280146
10.772000000000267,0.33746462069595595,32.628854825021484,0.004921274050867831,0.12403841514945695,7.988166708639879e-06,nan,0.04,0.015100272119110128
10.78200000000027,0.33746260744451356,32.62968435507802,0.004910491864675981,0.12403548309300573,7.950244492654077e-06,nan,0.04,0.015097306818143664
10.792000000000273,0.33746059743404444,32.63051235948409,0.004899738283720828,0.12403255935905823,7.912524171930441e-06,nan,0.04,0.01509434857418956
10.802000000000277,0.3374585906569108,32.631338841120545,0.004889013226631423,0.12402964392054922,7.875004634498655e-06,nan,0.04,0.015091397367123218
10.81200000000028,0.33745658710550064,32.6321638028653,0.004878316612260849,0.12402673675051677,7.83768476419455e-06,nan,0.04,0.015088453176877924
10.822000000000283,0.33745458677222795,32.63298724759288,0.004867648359684915,0.12402383782208798,7.8005634628557e-06,nan,0.04,0.015085515983456844
10.832000000000287,0.33745258964953345,32.63380917817492,0.004857008388201027,0.12402094710848394,7.763639630657422e-06,nan,0.04,0.015082585766925864
10.84200000000029,0.3374505957298854,32.63462959747988,0.0048463966173284976,0.12401806458302082,7.726912178743259e-06,nan,0.04,0.01507966250741339
10.852000000000293,0.33744860500577684,32.635448508373116,0.004835812966807881,0.12401519021910164,7.690380022351724e-06,nan,0.04,0.015076746185114067
10.862000000000297,0.3374466174697265,32.63626591371666,0.004825257356600446,0.1240123239902344,7.654042076978196e-06,nan,0.04,0.01507383678028213
10.8720000000003,0.33744463311427836,32.63708181636952,0.00481472970688703,0.12400946587001316,7.617897273602015e-06,nan,0.04,0.015070934273237791
10.882000000000303,0.3374426519320033,32.63789621918743,0.00480422993806869,0.12400661583212154,7.581944545660846e-06,nan,0.04,0.015068038644366339
10.892000000000307,0.33744067391549615,32.63870912502289,0.004793757970766583,0.12400377385033935,7.546182828548306e-06,nan,0.04,0.015065149874113433
10.90200000000031,0.33743869905737783,32.639520536725264,0.004783313725818898,0.12400093989854492,7.510611063203907e-06,nan,0.04,0.015062267942982054
10.912000000000313,0.3374367273502939,32.640330457140664,0.004772897124282862,0.12399811395070144,7.475228203448208e-06,nan,0.04,0.015059392831546324
10.922000000000317,0.33743475878691553,32.6411388891118,0.004762508087432826,0.12399529598086166,7.4400332064944244e-06,nan,0.04,0.01505652452044042
10.93200000000032,0.3374327933599368,32.64194583547812,0.00475214653675961,0.12399248596316857,7.405025032474058e-06,nan,0.04,0.015053662990358797
10.942000000000323,0.337430831062079,32.64275129907606,0.004741812393972558,0.12398968387187292,7.370202641198208e-06,nan,0.04,0.015050808222056341
10.952000000000327,0.33742887188608583,32.64355528273825,0.0047315055809956695,0.12398688968129737,7.335565013891199e-06,nan,0.04,0.015047960196351157
10.96200000000033,0.3374269158247259,32.64435778929446,0.0047212260199692635,0.12398410336586148,7.301111125942537e-06,nan,0.04,0.015045118894127579
10.972000000000333,0.3374249628707931,32.64515882157088,0.0047109736332475345,0.12398132490007846,7.266839959634192e-06,nan,0.04,0.015042284296322454
10.982000000000337,0.3374230130171022,32.64595838239033,0.004700748343400335,0.12397855425854931,7.23275050572434e-06,nan,0.04,0.015039456383939557
10.99200000000034,0.3374210662564967,32.64675647457241,0.0046905500732109424,0.12397579141596411,7.198841757239082e-06,nan,0.04,0.015036635138041526
11.002000000000344,0.3374191225818412,32.64755310093312,0.0046803787456762055,0.12397303634710692,7.165112713780801e-06,nan,0.04,0.015033820539750387
11.012000000000347,0.33741718198602216,32.64834826428509,0.004670234284006957,0.12397028902684527,7.131562386447179e-06,nan,0.04,0.015031012570251428
11.02200000000035,0.33741524446195187,32.649141967437835,0.004660116611625751,0.1239675494301413,7.098189779358741e-06,nan,0.04,0.015028211210788551
11.032000000000354,0.337413310002566,32.649934213196936,0.004650025652167166,0.12396481753203803,7.0649939161966765e-06,nan,0.04,0.015025416442666558
11.042000000000357,0.3374113786008225,32.65072500436504,0.004639961329477939,0.12396209330768306,7.031973808511812e-06,nan,0.04,0.015022628247244787
11.05200000000036,0.33740945024970376,32.651514343740935,0.0046299235676146395,0.12395937673228564,6.9991285001185e-06,nan,0.04,0.015019846605956502
11.062000000000364,0.3374075249422127,32.65230223412006,0.004619912290845673,0.12395666778118077,6.966457003717844e-06,nan,0.04,0.015017071500272686
11.072000000000367,0.33740560267137804,32.65308867829446,0.004609927423647726,0.12395396642975312,6.93395837518765e-06,nan,0.04,0.015014302911743337
11.08200000000037,0.33740368343024923,32.65387367905263,0.004599968890708517,0.12395127265349624,6.901631648070248e-06,nan,0.04,0.015011540821968048
11.092000000000374,0.33740176721189985,32.65465723917942,0.004590036616924596,0.12394858642799131,6.869475871016308e-06,nan,0.04,0.015008785212603373
11.102000000000377,0.3373998540094243,32.65543936145627,0.004580130527400136,0.12394590772888886,6.837490106324567e-06,nan,0.04,0.015006036065374165
11.11200000000038,0.33739794381593957,32.65622004866107,0.004570250547448868,0.12394323653195616,6.805673397721793e-06,nan,0.04,0.015003293362049626
11.122000000000384,0.3373960366245872,32.65699930356813,0.004560396602590345,0.12394057281301046,6.774024829079438e-06,nan,0.04,0.015000557084472312
11.132000000000387,0.33739413242852845,32.65777712894832,0.004550568618552109,0.12393791654798647,6.742543452015373e-06,nan,0.04,0.014997827214530551
11.14200000000039,0.3373922312209465,32.65855352756853,0.004540766521267423,0.12393526771288661,6.711228350866752e-06,nan,0.04,0.01499510373417703
11.152000000000394,0.33739033299504817,32.65932850219265,0.004530990236876956,0.12393262628381366,6.680078599779672e-06,nan,0.04,0.01499238662541924
11.162000000000397,0.3373884377440602,32.660102055580325,0.004521239691724721,0.12392999223693318,6.6490932911875305e-06,nan,0.04,0.014989675870325264
11.1720000000004,0.33738654546123265,32.66087419048814,0.004511514812361162,0.12392736554851888,6.618271507392642e-06,nan,0.04,0.014986971451016034
11.182000000000404,0.33738465613983704,32.66164490966871,0.0045018155255411385,0.12392474619491227,6.587612346881613e-06,nan,0.04,0.01498427334967477
11.192000000000407,0.33738276977316395,32.6624142158711,0.004492141758223786,0.12392213415255501,6.557114905270068e-06,nan,0.04,0.014981581548534332
11.20200000000041,0.33738088635452823,32.663182111840705,0.004482493437571316,0.12391952939795749,6.526778293901327e-06,nan,0.04,0.014978896029891319
11.212000000000414,0.3373790058772657,32.66394860031933,0.004472870490948155,0.12391693190771853,6.4966016193102926e-06,nan,0.04,0.014976216776098403
11.222000000000417,0.3373771283347301,32.66471368404487,0.00446327284592198,0.12391434165852179,6.466583996606783e-06,nan,0.04,0.014973543769560584
11.23200000000042,0.33737525372029986,32.66547736575189,0.004453700430263066,0.12391175862714437,6.436724539175521e-06,nan,0.04,0.014970876992737487
11.242000000000424,0.33737338202737216,32.666239648171015,0.004444153171943084,0.12390918279043411,6.407022378610995e-06,nan,0.04,0.014968216428151054
11.252000000000427,0.3373715132493679,32.667000534029135,0.004434630999134078,0.12390661412531571,6.377476646132677e-06,nan,0.04,0.014965562058376045
11.26200000000043,0.33736964737972275,32.6677600260496,0.00442513384020878,0.12390405260881497,6.348086467588811e-06,nan,0.04,0.014962913866039748
11.272000000000434,0.33736778441189846,32.66851812695172,0.004415661623740031,0.1239014982180239,6.318850987871218e-06,nan,0.04,0.014960271833829315
11.282000000000437,0.3373659243393765,32.669274839451425,0.004406214278499521,0.12389895093012017,6.289769349839849e-06,nan,0.04,0.014957635944485924
11.29200000000044,0.3373640671556555,32.670030166260666,0.004396791733459599,0.12389641072236508,6.260840700289347e-06,nan,0.04,0.014955006180804026
11.302000000000444,0.33736221285425894,32.67078411008765,0.0043873939177908345,0.12389387757210873,6.232064190078572e-06,nan,0.04,0.014952382525631119
11.312000000000447,0.33736036142872583,32.67153667363689,0.00437802076086077,0.12389135145676766,6.203438981617991e-06,nan,0.04,0.014949764961876845
11.32200000000045,0.3373585128726191,32.67228785960902,0.0043686721922354425,0.12388883235384739,6.174964235461659e-06,nan,0.04,0.014947153472497147
11.332000000000454,0.3373566671795191,32.6730376707009,0.004359348141677589,0.12388632024092673,6.1466391203319964e-06,nan,0.04,0.014944548040506881
11.342000000000457,0.3373548243430271,32.673786109605615,0.004350048539146326,0.1238838150956789,6.118462802142463e-06,nan,0.04,0.014941948648970922
11.35200000000046,0.33735298435676425,32.6745331790125,0.00434077331479768,0.12388131689584439,6.09043446293976e-06,nan,0.04,0.014939355281014326
11.362000000000464,0.3373511472143713,32.67527888160683,0.004331522398983403,0.12387882561924506,6.062553282705372e-06,nan,0.04,0.014936767919808887
11.372000000000467,0.3373493129095095,32.67602322007037,0.004322295722249514,0.1238763412437831,6.034818444556789e-06,nan,0.04,0.014934186548584574
11.38200000000047,0.33734748143585574,32.676766197080745,0.004313093215337321,0.12387386374744452,6.007229140086507e-06,nan,0.04,0.01493161115062205
11.392000000000474,0.33734565278711126,32.677507815312026,0.0043039148091814795,0.12387139310828217,5.979784565973694e-06,nan,0.04,0.014929041709258902
11.402000000000477,0.33734382695699305,32.678248077434056,0.004294760434911159,0.12386892930444245,5.952483914006077e-06,nan,0.04,0.014926478207878513
11.41200000000048,0.3373420039392404,32.678986986113166,0.004285630023848731,0.12386647231413334,5.925326397297087e-06,nan,0.04,0.014923920629927374
11.422000000000484,0.33734018372760854,32.679724544011556,0.0042765235075091805,0.12386402211566075,5.898311212166661e-06,nan,0.04,0.014921368958891477
11.432000000000487,0.33733836631587366,32.68046075378765,0.004267440817599312,0.12386157868738497,5.871437582988905e-06,nan,0.04,0.014918823178324055
11.44200000000049,0.3373365516978307,32.68119561809602,0.0042583818860190276,0.1238591420077603,5.8447047169393645e-06,nan,0.04,0.014916283271816863
11.452000000000494,0.3373347398672932,32.6819291395873,0.00424934664485797,0.12385671205530867,5.818111839911906e-06,nan,0.04,0.014913749223023093
11.462000000000497,0.3373329308180929,32.682661320908025,0.004240335026398501,0.1238542888086438,5.791658172019071e-06,nan,0.04,0.014911221015641503
11.4720000000005,0.3373311245440807,32.68339216470115,0.004231346963111521,0.12385187224643167,5.765342950715301e-06,nan,0.04,0.01490869863342986
11.482000000000504,0.3373293210391265,32.68412167360541,0.004222382387658312,0.12384946234743367,5.73916540289862e-06,nan,0.04,0.014906182060188511
11.492000000000507,0.3373275202971186,32.684849850255816,0.004213441232889125,0.12384705909047795,5.713124770260564e-06,nan,0.04,0.014903671279776595
11.50200000000051,0.33732572231196156,32.685576697283295,0.004204523431845204,0.123844662454473,5.687220293719399e-06,nan,0.04,0.014901166276101382
11.512000000000514,0.33732392707758213,32.686302217314946,0.0041956289177539595,0.12384227241839818,5.661451219760719e-06,nan,0.04,0.014898667033120837
11.522000000000517,0.33732213458792215,32.68702641297368,0.004186757624031828,0.12383988896130932,5.635816800584108e-06,nan,0.04,0.014896173534843635
11.53200000000052,0.3373203448369425,32.68774928687869,0.004177909484282352,0.12383751206234475,5.610316286806139e-06,nan,0.04,0.014893685765329982
11.542000000000524,0.3373185578186231,32.68847084164511,0.004169084432295942,0.12383514170069744,5.584948946198659e-06,nan,0.04,0.014891203708691719
11.552000000000527,0.33731677352695943,32.68919107988414,0.004160282402050528,0.12383277785566484,5.559714028814876e-06,nan,0.04,0.014888727349085008
11.56200000000053,0.3373149919559686,32.68991000420283,0.004151503327708506,0.1238304205065787,5.534610818142238e-06,nan,0.04,0.014886256670727042
11.572000000000534,0.3373132130996823,32.690627617204385,0.004142747143619141,0.12382806963287646,5.509638572982918e-06,nan,0.04,0.014883791657875666
11.582000000000537,0.3373114369521511,32.6913439214881,0.004134013784317026,0.12382572521405992,5.484796572708406e-06,nan,0.04,0.014881332294840654
11.59200000000054,0.33730966350744296,32.69205891964902,0.0041253031845207,0.12382338722969541,5.460084098482449e-06,nan,0.04,0.014878878565983472
11.602000000000544,0.3373078927596433,32.69277261427836,0.004116615279133618,0.12382105565943771,5.435500429037275e-06,nan,0.04,0.014876430455711452
11.612000000000547,0.33730612470285654,32.69348500796328,0.004107950003241977,0.12381873048299404,5.411044860243491e-06,nan,0.04,0.014873987948486753
11.62200000000055,0.3373043593312022,32.69419610328681,0.0040993072921157335,0.12381641168016527,5.3867166734800824e-06,nan,0.04,0.014871551028816201
11.632000000000554,0.3373025966388184,32.6949059028281,0.0040906870812086596,0.12381409923080292,5.362515173852442e-06,nan,0.04,0.014869119681255582
11.642000000000557,0.33730083661985993,32.695614409162175,0.0040820893061556856,0.12381179311485382,5.338439650464897e-06,nan,0.04,0.014866693890409592
11.65200000000056,0.33729907926849945,32.69632162486007,0.004073513902773531,0.1238094933123134,5.3144894170442e-06,nan,0.04,0.01486427364093702
11.662000000000564,0.33729732457892664,32.697027552488684,0.004064960807060523,0.1238071998032557,5.2906637746835515e-06,nan,0.04,0.014861858917537295
11.672000000000567,0.33729557254534787,32.69773219461109,0.00405642995519699,0.1238049125678359,5.266962034411845e-06,nan,0.04,0.014859449704961487
11.68200000000057,0.3372938231619867,32.69843555378597,0.004047921283542968,0.12380263158626384,5.243383512824396e-06,nan,0.04,0.014857045988011837
11.692000000000574,0.3372920764230829,32.69913763256811,0.004039434728638225,0.1238003568388337,5.219927529099012e-06,nan,0.04,0.014854647751530461
11.702000000000577,0.33729033232289357,32.69983843350834,0.004030970227202502,0.12379808830590151,5.196593402336192e-06,nan,0.04,0.014852254980415954
11.71200000000058,0.33728859085569185,32.70053795915322,0.004022527716134151,0.12379582596789172,5.173380463793098e-06,nan,0.04,0.01484986765961005
11.722000000000584,0.3372868520157685,32.701236212045316,0.004014107132510828,0.1237935698053003,5.150288041308019e-06,nan,0.04,0.01484748577410372
11.732000000000587,0.33728511579743087,32.701933194723075,0.004005708413588478,0.12379131979869712,5.127315466081772e-06,nan,0.04,0.014845109308930585
11.74200000000059,0.33728338219500237,32.70262890972102,0.00399733149680005,0.1237890759287177,5.104462078137789e-06,nan,0.04,0.014842738249178962
11.752000000000594,0.33728165120282244,32.703323359569374,0.003988976319756266,0.12378683817605887,5.081727220988119e-06,nan,0.04,0.014840372579979931
11.762000000000597,0.3372799228152467,32.7040165467943,0.003980642820245212,0.12378460652150108,5.059110234283484e-06,nan,0.04,0.014838012286507213
11.7720000000006,0.33727819702664846,32.70470847391789,0.0039723309362303776,0.12378238094587743,5.036610471014658e-06,nan,0.04,0.014835657353992216
11.782000000000604,0.337276473831416,32.70539914345824,0.003964040605852419,0.12378016143009779,5.014227281905631e-06,nan,0.04,0.014833307767702695
11.792000000000607,0.3372747532239537,32.70608855792912,0.003955771767426751,0.12377794795514839,4.9919600180931815e-06,nan,0.04,0.014830963512953252
11.80200000000061,0.33727303519868235,32.706776719840235,0.003947524359442971,0.12377574050204959,4.969808052147471e-06,nan,0.04,0.014828624575115286
11.812000000000614,0.3372713197500403,32.70746363169744,0.00393929832056627,0.12377353905192987,4.947770731007507e-06,nan,0.04,0.014826290939592219
11.822000000000617,0.33726960687247837,32.708149296002155,0.003931093589636259,0.12377134358595557,4.925847433351573e-06,nan,0.04,0.014823962591843574
11.83200000000062,0.33726789656046546,32.708833715251686,0.003922910105665467,0.12376915408537552,4.904037522368362e-06,nan,0.04,0.014821639517369742
11.842000000000624,0.3372661888084864,32.70951689193941,0.003914747807840597,0.1237669705314959,4.882340375259803e-06,nan,0.04,0.014819321701718038
11.852000000000627,0.3372644836110413,32.710198828554304,0.00390660663551993,0.1237647929056954,4.860755366757276e-06,nan,0.04,0.014817009130478552
11.86200000000063,0.33726278096264484,32.710879527581604,0.0038984865282348335,0.12376262118941557,4.839281879487252e-06,nan,0.04,0.014814701789291817
11.872000000000634,0.3372610808578292,32.71155899150196,0.0038903874256883313,0.12376045536415994,4.817919297475577e-06,nan,0.04,0.0148123996638395
11.882000000000637,0.3372593832911414,32.712237222792226,0.0038823092677558136,0.12375829541150687,4.7966670050657135e-06,nan,0.04,0.014810102739845869
11.89200000000064,0.3372576882571424,32.712914223924784,0.003874251994482301,0.12375614131308726,4.7755243986626305e-06,nan,0.04,0.01480781100308872
11.902000000000644,0.33725599575040993,32.71358999736821,0.0038662155460838046,0.12375399305060411,4.7544908696158825e-06,nan,0.04,0.014805524439384002
11.912000000000647,0.33725430576553805,32.71426454558661,0.0038581998629471726,0.12375185060582684,4.733565814212312e-06,nan,0.04,0.014803243034590331
11.92200000000065,0.3372526182971337,32.71493787104008,0.0038502048856286094,0.1237497139605868,4.71274863717295e-06,nan,0.04,0.014800966774616434
11.932000000000654,0.3372509333398209,32.715609976184744,0.0038422305548533424,0.12374758309677618,4.6920387399674575e-06,nan,0.04,0.014798695645410977
11.942000000000657,0.33724925088823765,32.71628086347214,0.0038342768115150936,0.12374545799635402,4.671435532066053e-06,nan,0.04,0.014796429632966766
11.95200000000066,0.3372475709370375,32.71695053535006,0.0038263435966762465,0.12374333864134053,4.650938426048357e-06,nan,0.04,0.014794168723324518
11.962000000000664,0.33724589348088835,32.71761899426182,0.003818430851567208,0.12374122501382563,4.630546832681156e-06,nan,0.04,0.014791912902564945
11.972000000000667,0.33724421851447384,32.71828624264677,0.0038105385175870128,0.12373911709596268,4.610260169848482e-06,nan,0.04,0.014789662156811427
11.98200000000067,0.33724254603249176,32.718952282939846,0.0038026665362999915,0.12373701486994793,4.590077865510198e-06,nan,0.04,0.014787416472233994
11.992000000000674,0.33724087602965663,32.719617117572184,0.00379481484943715,0.12373491831806158,4.569999336917487e-06,nan,0.04,0.014785175835046085
